2025-11-28 17:13:57,271 [Worker-6: Loading available Gradle versions] INFO  o.e.b.c.i.u.g.PublishedGradleVersions - Gradle version information cache is not available. Remote download required.
2025-11-28 17:14:41,003 [Worker-11: Retrieving archetypes:] WARN  o.a.h.c.p.ResponseProcessCookies - Invalid cookie header: "Set-Cookie: nspatoken=23d4b7e3b2d38c07fffcc75b34a07dbcbcc38b891768bed7d50dd5d10445630c; Expires=Sat, 29 Nov 2025 06:16:01 GMT;SameSite=None;Secure;domain=.maven.org;path=/;". Invalid 'expires' attribute: Sat, 29 Nov 2025 06:16:01 GMT
2025-11-28 17:14:41,064 [Worker-16: Retrieving archetypes:] WARN  o.a.h.c.p.ResponseProcessCookies - Invalid cookie header: "Set-Cookie: nspatoken=23d4b7e3b2d38c07fffcc75b34a07dbcbcc38b891768bed7d50dd5d10445630c; Expires=Sat, 29 Nov 2025 06:16:01 GMT;SameSite=None;Secure;domain=.maven.org;path=/;". Invalid 'expires' attribute: Sat, 29 Nov 2025 06:16:01 GMT
2025-11-28 17:15:15,191 [Worker-1: Launching mavenrun-3d41db1f-9e1c-4403-8185-a060576ae898] INFO  o.eclipse.m2e.core.internal.Bundles - getClasspathEntries(Bundle=org.eclipse.m2e.maven.runtime_3.9.900.20250220-2013 [638])
2025-11-28 17:15:15,193 [Worker-1: Launching mavenrun-3d41db1f-9e1c-4403-8185-a060576ae898] INFO  o.eclipse.m2e.core.internal.Bundles - 	Entry: C:\Program Files\eclipse\plugins\org.eclipse.m2e.maven.runtime_3.9.900.20250220-2013
2025-11-28 17:15:15,193 [Worker-1: Launching mavenrun-3d41db1f-9e1c-4403-8185-a060576ae898] INFO  o.eclipse.m2e.core.internal.Bundles - 	Entry: C:\Program Files\eclipse\plugins\org.eclipse.m2e.maven.runtime_3.9.900.20250220-2013\jars\aopalliance-1.0.jar
2025-11-28 17:15:15,194 [Worker-1: Launching mavenrun-3d41db1f-9e1c-4403-8185-a060576ae898] INFO  o.eclipse.m2e.core.internal.Bundles - 	Entry: C:\Program Files\eclipse\plugins\org.eclipse.m2e.maven.runtime_3.9.900.20250220-2013\jars\guice-5.1.0.jar
2025-11-28 17:15:15,194 [Worker-1: Launching mavenrun-3d41db1f-9e1c-4403-8185-a060576ae898] INFO  o.eclipse.m2e.core.internal.Bundles - 	Entry: C:\Program Files\eclipse\plugins\org.eclipse.m2e.maven.runtime_3.9.900.20250220-2013\jars\httpclient-4.5.14.jar
2025-11-28 17:15:15,194 [Worker-1: Launching mavenrun-3d41db1f-9e1c-4403-8185-a060576ae898] INFO  o.eclipse.m2e.core.internal.Bundles - 	Entry: C:\Program Files\eclipse\plugins\org.eclipse.m2e.maven.runtime_3.9.900.20250220-2013\jars\httpcore-4.4.16.jar
2025-11-28 17:15:15,195 [Worker-1: Launching mavenrun-3d41db1f-9e1c-4403-8185-a060576ae898] INFO  o.eclipse.m2e.core.internal.Bundles - 	Entry: C:\Program Files\eclipse\plugins\org.eclipse.m2e.maven.runtime_3.9.900.20250220-2013\jars\jansi-2.4.1.jar
2025-11-28 17:15:15,195 [Worker-1: Launching mavenrun-3d41db1f-9e1c-4403-8185-a060576ae898] INFO  o.eclipse.m2e.core.internal.Bundles - 	Entry: C:\Program Files\eclipse\plugins\org.eclipse.m2e.maven.runtime_3.9.900.20250220-2013\jars\jcl-over-slf4j-1.7.36.jar
2025-11-28 17:15:15,195 [Worker-1: Launching mavenrun-3d41db1f-9e1c-4403-8185-a060576ae898] INFO  o.eclipse.m2e.core.internal.Bundles - 	Entry: C:\Program Files\eclipse\plugins\org.eclipse.m2e.maven.runtime_3.9.900.20250220-2013\jars\maven-artifact-3.9.9.jar
2025-11-28 17:15:15,195 [Worker-1: Launching mavenrun-3d41db1f-9e1c-4403-8185-a060576ae898] INFO  o.eclipse.m2e.core.internal.Bundles - 	Entry: C:\Program Files\eclipse\plugins\org.eclipse.m2e.maven.runtime_3.9.900.20250220-2013\jars\maven-builder-support-3.9.9.jar
2025-11-28 17:15:15,195 [Worker-1: Launching mavenrun-3d41db1f-9e1c-4403-8185-a060576ae898] INFO  o.eclipse.m2e.core.internal.Bundles - 	Entry: C:\Program Files\eclipse\plugins\org.eclipse.m2e.maven.runtime_3.9.900.20250220-2013\jars\maven-compat-3.9.9.jar
2025-11-28 17:15:15,196 [Worker-1: Launching mavenrun-3d41db1f-9e1c-4403-8185-a060576ae898] INFO  o.eclipse.m2e.core.internal.Bundles - 	Entry: C:\Program Files\eclipse\plugins\org.eclipse.m2e.maven.runtime_3.9.900.20250220-2013\jars\maven-core-3.9.9.jar
2025-11-28 17:15:15,196 [Worker-1: Launching mavenrun-3d41db1f-9e1c-4403-8185-a060576ae898] INFO  o.eclipse.m2e.core.internal.Bundles - 	Entry: C:\Program Files\eclipse\plugins\org.eclipse.m2e.maven.runtime_3.9.900.20250220-2013\jars\maven-embedder-3.9.9.jar
2025-11-28 17:15:15,196 [Worker-1: Launching mavenrun-3d41db1f-9e1c-4403-8185-a060576ae898] INFO  o.eclipse.m2e.core.internal.Bundles - 	Entry: C:\Program Files\eclipse\plugins\org.eclipse.m2e.maven.runtime_3.9.900.20250220-2013\jars\maven-model-3.9.9.jar
2025-11-28 17:15:15,197 [Worker-1: Launching mavenrun-3d41db1f-9e1c-4403-8185-a060576ae898] INFO  o.eclipse.m2e.core.internal.Bundles - 	Entry: C:\Program Files\eclipse\plugins\org.eclipse.m2e.maven.runtime_3.9.900.20250220-2013\jars\maven-model-builder-3.9.9.jar
2025-11-28 17:15:15,197 [Worker-1: Launching mavenrun-3d41db1f-9e1c-4403-8185-a060576ae898] INFO  o.eclipse.m2e.core.internal.Bundles - 	Entry: C:\Program Files\eclipse\plugins\org.eclipse.m2e.maven.runtime_3.9.900.20250220-2013\jars\maven-plugin-api-3.9.9.jar
2025-11-28 17:15:15,197 [Worker-1: Launching mavenrun-3d41db1f-9e1c-4403-8185-a060576ae898] INFO  o.eclipse.m2e.core.internal.Bundles - 	Entry: C:\Program Files\eclipse\plugins\org.eclipse.m2e.maven.runtime_3.9.900.20250220-2013\jars\maven-repository-metadata-3.9.9.jar
2025-11-28 17:15:15,197 [Worker-1: Launching mavenrun-3d41db1f-9e1c-4403-8185-a060576ae898] INFO  o.eclipse.m2e.core.internal.Bundles - 	Entry: C:\Program Files\eclipse\plugins\org.eclipse.m2e.maven.runtime_3.9.900.20250220-2013\jars\maven-resolver-api-1.9.22.jar
2025-11-28 17:15:15,198 [Worker-1: Launching mavenrun-3d41db1f-9e1c-4403-8185-a060576ae898] INFO  o.eclipse.m2e.core.internal.Bundles - 	Entry: C:\Program Files\eclipse\plugins\org.eclipse.m2e.maven.runtime_3.9.900.20250220-2013\jars\maven-resolver-connector-basic-1.9.22.jar
2025-11-28 17:15:15,198 [Worker-1: Launching mavenrun-3d41db1f-9e1c-4403-8185-a060576ae898] INFO  o.eclipse.m2e.core.internal.Bundles - 	Entry: C:\Program Files\eclipse\plugins\org.eclipse.m2e.maven.runtime_3.9.900.20250220-2013\jars\maven-resolver-impl-1.9.22.jar
2025-11-28 17:15:15,198 [Worker-1: Launching mavenrun-3d41db1f-9e1c-4403-8185-a060576ae898] INFO  o.eclipse.m2e.core.internal.Bundles - 	Entry: C:\Program Files\eclipse\plugins\org.eclipse.m2e.maven.runtime_3.9.900.20250220-2013\jars\maven-resolver-named-locks-1.9.22.jar
2025-11-28 17:15:15,198 [Worker-1: Launching mavenrun-3d41db1f-9e1c-4403-8185-a060576ae898] INFO  o.eclipse.m2e.core.internal.Bundles - 	Entry: C:\Program Files\eclipse\plugins\org.eclipse.m2e.maven.runtime_3.9.900.20250220-2013\jars\maven-resolver-provider-3.9.9.jar
2025-11-28 17:15:15,199 [Worker-1: Launching mavenrun-3d41db1f-9e1c-4403-8185-a060576ae898] INFO  o.eclipse.m2e.core.internal.Bundles - 	Entry: C:\Program Files\eclipse\plugins\org.eclipse.m2e.maven.runtime_3.9.900.20250220-2013\jars\maven-resolver-spi-1.9.22.jar
2025-11-28 17:15:15,199 [Worker-1: Launching mavenrun-3d41db1f-9e1c-4403-8185-a060576ae898] INFO  o.eclipse.m2e.core.internal.Bundles - 	Entry: C:\Program Files\eclipse\plugins\org.eclipse.m2e.maven.runtime_3.9.900.20250220-2013\jars\maven-resolver-transport-file-1.9.22.jar
2025-11-28 17:15:15,199 [Worker-1: Launching mavenrun-3d41db1f-9e1c-4403-8185-a060576ae898] INFO  o.eclipse.m2e.core.internal.Bundles - 	Entry: C:\Program Files\eclipse\plugins\org.eclipse.m2e.maven.runtime_3.9.900.20250220-2013\jars\maven-resolver-transport-http-1.9.22.jar
2025-11-28 17:15:15,200 [Worker-1: Launching mavenrun-3d41db1f-9e1c-4403-8185-a060576ae898] INFO  o.eclipse.m2e.core.internal.Bundles - 	Entry: C:\Program Files\eclipse\plugins\org.eclipse.m2e.maven.runtime_3.9.900.20250220-2013\jars\maven-resolver-transport-wagon-1.9.22.jar
2025-11-28 17:15:15,200 [Worker-1: Launching mavenrun-3d41db1f-9e1c-4403-8185-a060576ae898] INFO  o.eclipse.m2e.core.internal.Bundles - 	Entry: C:\Program Files\eclipse\plugins\org.eclipse.m2e.maven.runtime_3.9.900.20250220-2013\jars\maven-resolver-util-1.9.22.jar
2025-11-28 17:15:15,200 [Worker-1: Launching mavenrun-3d41db1f-9e1c-4403-8185-a060576ae898] INFO  o.eclipse.m2e.core.internal.Bundles - 	Entry: C:\Program Files\eclipse\plugins\org.eclipse.m2e.maven.runtime_3.9.900.20250220-2013\jars\maven-settings-3.9.9.jar
2025-11-28 17:15:15,200 [Worker-1: Launching mavenrun-3d41db1f-9e1c-4403-8185-a060576ae898] INFO  o.eclipse.m2e.core.internal.Bundles - 	Entry: C:\Program Files\eclipse\plugins\org.eclipse.m2e.maven.runtime_3.9.900.20250220-2013\jars\maven-settings-builder-3.9.9.jar
2025-11-28 17:15:15,201 [Worker-1: Launching mavenrun-3d41db1f-9e1c-4403-8185-a060576ae898] INFO  o.eclipse.m2e.core.internal.Bundles - 	Entry: C:\Program Files\eclipse\plugins\org.eclipse.m2e.maven.runtime_3.9.900.20250220-2013\jars\maven-shared-utils-3.4.2.jar
2025-11-28 17:15:15,201 [Worker-1: Launching mavenrun-3d41db1f-9e1c-4403-8185-a060576ae898] INFO  o.eclipse.m2e.core.internal.Bundles - 	Entry: C:\Program Files\eclipse\plugins\org.eclipse.m2e.maven.runtime_3.9.900.20250220-2013\jars\org.eclipse.sisu.inject-0.9.0.M3.jar
2025-11-28 17:15:15,201 [Worker-1: Launching mavenrun-3d41db1f-9e1c-4403-8185-a060576ae898] INFO  o.eclipse.m2e.core.internal.Bundles - 	Entry: C:\Program Files\eclipse\plugins\org.eclipse.m2e.maven.runtime_3.9.900.20250220-2013\jars\org.eclipse.sisu.plexus-0.9.0.M3.jar
2025-11-28 17:15:15,201 [Worker-1: Launching mavenrun-3d41db1f-9e1c-4403-8185-a060576ae898] INFO  o.eclipse.m2e.core.internal.Bundles - 	Entry: C:\Program Files\eclipse\plugins\org.eclipse.m2e.maven.runtime_3.9.900.20250220-2013\jars\plexus-build-api-0.0.7.jar
2025-11-28 17:15:15,202 [Worker-1: Launching mavenrun-3d41db1f-9e1c-4403-8185-a060576ae898] INFO  o.eclipse.m2e.core.internal.Bundles - 	Entry: C:\Program Files\eclipse\plugins\org.eclipse.m2e.maven.runtime_3.9.900.20250220-2013\jars\plexus-build-api-1.2.0.jar
2025-11-28 17:15:15,202 [Worker-1: Launching mavenrun-3d41db1f-9e1c-4403-8185-a060576ae898] INFO  o.eclipse.m2e.core.internal.Bundles - 	Entry: C:\Program Files\eclipse\plugins\org.eclipse.m2e.maven.runtime_3.9.900.20250220-2013\jars\plexus-cipher-2.0.jar
2025-11-28 17:15:15,202 [Worker-1: Launching mavenrun-3d41db1f-9e1c-4403-8185-a060576ae898] INFO  o.eclipse.m2e.core.internal.Bundles - 	Entry: C:\Program Files\eclipse\plugins\org.eclipse.m2e.maven.runtime_3.9.900.20250220-2013\jars\plexus-classworlds-2.8.0.jar
2025-11-28 17:15:15,202 [Worker-1: Launching mavenrun-3d41db1f-9e1c-4403-8185-a060576ae898] INFO  o.eclipse.m2e.core.internal.Bundles - 	Entry: C:\Program Files\eclipse\plugins\org.eclipse.m2e.maven.runtime_3.9.900.20250220-2013\jars\plexus-component-annotations-2.1.0.jar
2025-11-28 17:15:15,203 [Worker-1: Launching mavenrun-3d41db1f-9e1c-4403-8185-a060576ae898] INFO  o.eclipse.m2e.core.internal.Bundles - 	Entry: C:\Program Files\eclipse\plugins\org.eclipse.m2e.maven.runtime_3.9.900.20250220-2013\jars\plexus-interpolation-1.27.jar
2025-11-28 17:15:15,203 [Worker-1: Launching mavenrun-3d41db1f-9e1c-4403-8185-a060576ae898] INFO  o.eclipse.m2e.core.internal.Bundles - 	Entry: C:\Program Files\eclipse\plugins\org.eclipse.m2e.maven.runtime_3.9.900.20250220-2013\jars\plexus-sec-dispatcher-2.0.jar
2025-11-28 17:15:15,203 [Worker-1: Launching mavenrun-3d41db1f-9e1c-4403-8185-a060576ae898] INFO  o.eclipse.m2e.core.internal.Bundles - 	Entry: C:\Program Files\eclipse\plugins\org.eclipse.m2e.maven.runtime_3.9.900.20250220-2013\jars\plexus-utils-3.5.1.jar
2025-11-28 17:15:15,204 [Worker-1: Launching mavenrun-3d41db1f-9e1c-4403-8185-a060576ae898] INFO  o.eclipse.m2e.core.internal.Bundles - 	Entry: C:\Program Files\eclipse\plugins\org.eclipse.m2e.maven.runtime_3.9.900.20250220-2013\jars\plexus-xml-3.0.1.jar
2025-11-28 17:15:15,204 [Worker-1: Launching mavenrun-3d41db1f-9e1c-4403-8185-a060576ae898] INFO  o.eclipse.m2e.core.internal.Bundles - 	Entry: C:\Program Files\eclipse\plugins\org.eclipse.m2e.maven.runtime_3.9.900.20250220-2013\jars\wagon-file-3.5.3.jar
2025-11-28 17:15:15,204 [Worker-1: Launching mavenrun-3d41db1f-9e1c-4403-8185-a060576ae898] INFO  o.eclipse.m2e.core.internal.Bundles - 	Entry: C:\Program Files\eclipse\plugins\org.eclipse.m2e.maven.runtime_3.9.900.20250220-2013\jars\wagon-http-3.5.3.jar
2025-11-28 17:15:15,205 [Worker-1: Launching mavenrun-3d41db1f-9e1c-4403-8185-a060576ae898] INFO  o.eclipse.m2e.core.internal.Bundles - 	Entry: C:\Program Files\eclipse\plugins\org.eclipse.m2e.maven.runtime_3.9.900.20250220-2013\jars\wagon-http-shared-3.5.3.jar
2025-11-28 17:15:15,205 [Worker-1: Launching mavenrun-3d41db1f-9e1c-4403-8185-a060576ae898] INFO  o.eclipse.m2e.core.internal.Bundles - 	Entry: C:\Program Files\eclipse\plugins\org.eclipse.m2e.maven.runtime_3.9.900.20250220-2013\jars\wagon-provider-api-3.5.3.jar
2025-11-28 17:15:15,207 [Worker-1: Launching mavenrun-3d41db1f-9e1c-4403-8185-a060576ae898] INFO  o.eclipse.m2e.core.internal.Bundles - getClasspathEntries(Bundle=com.google.guava_33.4.0.jre [16])
2025-11-28 17:15:15,208 [Worker-1: Launching mavenrun-3d41db1f-9e1c-4403-8185-a060576ae898] INFO  o.eclipse.m2e.core.internal.Bundles - 	Entry: C:\Program Files\eclipse\plugins\com.google.guava_33.4.0.jre.jar
2025-11-28 17:15:15,208 [Worker-1: Launching mavenrun-3d41db1f-9e1c-4403-8185-a060576ae898] INFO  o.eclipse.m2e.core.internal.Bundles - getClasspathEntries(Bundle=slf4j.api_2.0.16 [1005])
2025-11-28 17:15:15,209 [Worker-1: Launching mavenrun-3d41db1f-9e1c-4403-8185-a060576ae898] INFO  o.eclipse.m2e.core.internal.Bundles - 	Entry: C:\Program Files\eclipse\plugins\slf4j.api_2.0.16.jar
2025-11-28 17:15:15,210 [Worker-1: Launching mavenrun-3d41db1f-9e1c-4403-8185-a060576ae898] INFO  o.eclipse.m2e.core.internal.Bundles - getClasspathEntries(Bundle=jakarta.inject.jakarta.inject-api_1.0.5 [34])
2025-11-28 17:15:15,210 [Worker-1: Launching mavenrun-3d41db1f-9e1c-4403-8185-a060576ae898] INFO  o.eclipse.m2e.core.internal.Bundles - 	Entry: C:\Program Files\eclipse\plugins\jakarta.inject.jakarta.inject-api_1.0.5.jar
2025-11-28 17:15:15,210 [Worker-1: Launching mavenrun-3d41db1f-9e1c-4403-8185-a060576ae898] INFO  o.eclipse.m2e.core.internal.Bundles - getClasspathEntries(Bundle=jakarta.annotation-api_1.3.5 [29])
2025-11-28 17:15:15,211 [Worker-1: Launching mavenrun-3d41db1f-9e1c-4403-8185-a060576ae898] INFO  o.eclipse.m2e.core.internal.Bundles - 	Entry: C:\Program Files\eclipse\plugins\jakarta.annotation-api_1.3.5.jar
2025-11-28 17:15:15,211 [Worker-1: Launching mavenrun-3d41db1f-9e1c-4403-8185-a060576ae898] INFO  o.eclipse.m2e.core.internal.Bundles - getClasspathEntries(Bundle=org.apache.commons.cli_1.9.0 [74])
2025-11-28 17:15:15,212 [Worker-1: Launching mavenrun-3d41db1f-9e1c-4403-8185-a060576ae898] INFO  o.eclipse.m2e.core.internal.Bundles - 	Entry: C:\Program Files\eclipse\plugins\org.apache.commons.cli_1.9.0.jar
2025-11-28 17:15:15,212 [Worker-1: Launching mavenrun-3d41db1f-9e1c-4403-8185-a060576ae898] INFO  o.eclipse.m2e.core.internal.Bundles - getClasspathEntries(Bundle=org.apache.commons.commons-codec_1.16.0 [76])
2025-11-28 17:15:15,212 [Worker-1: Launching mavenrun-3d41db1f-9e1c-4403-8185-a060576ae898] INFO  o.eclipse.m2e.core.internal.Bundles - 	Entry: C:\Program Files\eclipse\plugins\org.apache.commons.commons-codec_1.16.0.jar
2025-11-28 17:15:15,212 [Worker-1: Launching mavenrun-3d41db1f-9e1c-4403-8185-a060576ae898] INFO  o.eclipse.m2e.core.internal.Bundles - getClasspathEntries(Bundle=com.google.guava.failureaccess_1.0.2 [17])
2025-11-28 17:15:15,213 [Worker-1: Launching mavenrun-3d41db1f-9e1c-4403-8185-a060576ae898] INFO  o.eclipse.m2e.core.internal.Bundles - 	Entry: C:\Program Files\eclipse\plugins\com.google.guava.failureaccess_1.0.2.jar
2025-11-28 17:15:15,224 [Worker-1: Launching mavenrun-3d41db1f-9e1c-4403-8185-a060576ae898] INFO  o.e.m.i.launch.MavenLaunchDelegate - Run build in "C:\Users\THUMMA~1.SAN\AppData\Local\Temp\m2e-archetypeGenerator924603429948971180":
2025-11-28 17:15:15,226 [Worker-1: Launching mavenrun-3d41db1f-9e1c-4403-8185-a060576ae898] INFO  o.e.m.i.launch.MavenLaunchDelegate -  mvn  -DarchetypeGroupId=org.apache.maven.archetypes -DarchetypeArtifactId=maven-archetype-quickstart -DarchetypeVersion=1.1 -DgroupId=com.tax -DartifactId=TaxProject -Dversion=0.0.1-SNAPSHOT -Dpackage=com.tax.TaxProject -DoutputDirectory=C:\Users\thummaluru.sandhya1\MiniProject -Dstyle.color=always -U archetype:generate
2025-11-28 17:15:21,816 [Worker-5: Creating maven-archetype-quickstart] INFO  o.e.m.c.i.p.ProjectConfigurationManager - Collecting project info '/pom.xml' C:\Users\thummaluru.sandhya1\MiniProject\TaxProject\pom.xml
2025-11-28 17:15:22,385 [Worker-5: Creating maven-archetype-quickstart] INFO  o.e.m.c.i.l.LifecycleMappingFactory - Using org.eclipse.m2e.jdt.JarLifecycleMapping lifecycle mapping for MavenProject: com.tax:TaxProject:0.0.1-SNAPSHOT @ C:\Users\thummaluru.sandhya1\MiniProject\TaxProject\pom.xml.
2025-11-28 17:15:23,065 [Worker-5: Creating maven-archetype-quickstart] INFO  o.e.m.j.i.AbstractJavaProjectConfigurator - Adding source folder /TaxProject/src/main/java
2025-11-28 17:15:23,067 [Worker-5: Creating maven-archetype-quickstart] INFO  o.e.m.j.i.AbstractJavaProjectConfigurator - Adding resource folder /TaxProject/src/main/resources
2025-11-28 17:15:23,074 [Worker-5: Creating maven-archetype-quickstart] INFO  o.e.m.j.i.AbstractJavaProjectConfigurator - Adding source folder /TaxProject/src/test/java
2025-11-28 17:15:23,076 [Worker-5: Creating maven-archetype-quickstart] INFO  o.e.m.j.i.AbstractJavaProjectConfigurator - Adding resource folder /TaxProject/src/test/resources
2025-11-28 17:15:23,210 [Worker-5: Creating maven-archetype-quickstart] INFO  o.e.m.c.i.p.ProjectConfigurationManager - Imported and configured 1 project(s) in 1 sec
2025-11-28 17:15:24,125 [Worker-14: Building] INFO  o.a.m.s.f.DefaultMavenResourcesFiltering - skip non existing resourceDirectory C:\Users\thummaluru.sandhya1\MiniProject\TaxProject\src\main\resources
2025-11-28 17:15:24,129 [Worker-14: Building] INFO  o.a.m.s.f.DefaultMavenResourcesFiltering - skip non existing resourceDirectory C:\Users\thummaluru.sandhya1\MiniProject\TaxProject\src\test\resources
2025-11-28 17:16:57,794 [Worker-4: Building] INFO  o.a.m.s.f.DefaultMavenResourcesFiltering - skip non existing resourceDirectory C:\Users\thummaluru.sandhya1\MiniProject\TaxProject\src\main\resources
2025-11-28 17:16:57,797 [Worker-4: Building] INFO  o.a.m.s.f.DefaultMavenResourcesFiltering - skip non existing resourceDirectory C:\Users\thummaluru.sandhya1\MiniProject\TaxProject\src\test\resources
2025-11-28 17:17:37,993 [Worker-14: Building] INFO  o.a.m.s.f.DefaultMavenResourcesFiltering - skip non existing resourceDirectory C:\Users\thummaluru.sandhya1\MiniProject\TaxProject\src\main\resources
2025-11-28 17:17:37,995 [Worker-14: Building] INFO  o.a.m.s.f.DefaultMavenResourcesFiltering - skip non existing resourceDirectory C:\Users\thummaluru.sandhya1\MiniProject\TaxProject\src\test\resources
2025-11-28 17:20:39,533 [Worker-5: Loading available Gradle versions] INFO  o.e.b.c.i.u.g.PublishedGradleVersions - Gradle version information cache is up-to-date. Trying to read.
2025-11-28 17:23:32,115 [Worker-9: Building] INFO  o.a.m.s.f.DefaultMavenResourcesFiltering - skip non existing resourceDirectory C:\Users\thummaluru.sandhya1\MiniProject\TaxProject\src\main\resources
2025-11-28 17:23:32,120 [Worker-9: Building] INFO  o.a.m.s.f.DefaultMavenResourcesFiltering - skip non existing resourceDirectory C:\Users\thummaluru.sandhya1\MiniProject\TaxProject\src\test\resources
2025-11-28 17:23:59,001 [Worker-11: Building] INFO  o.a.m.s.f.DefaultMavenResourcesFiltering - skip non existing resourceDirectory C:\Users\thummaluru.sandhya1\MiniProject\TaxProject\src\main\resources
2025-11-28 17:23:59,004 [Worker-11: Building] INFO  o.a.m.s.f.DefaultMavenResourcesFiltering - skip non existing resourceDirectory C:\Users\thummaluru.sandhya1\MiniProject\TaxProject\src\test\resources
2025-11-28 17:24:14,424 [Worker-17: Building] INFO  o.a.m.s.f.DefaultMavenResourcesFiltering - skip non existing resourceDirectory C:\Users\thummaluru.sandhya1\MiniProject\TaxProject\src\main\resources
2025-11-28 17:24:14,426 [Worker-17: Building] INFO  o.a.m.s.f.DefaultMavenResourcesFiltering - skip non existing resourceDirectory C:\Users\thummaluru.sandhya1\MiniProject\TaxProject\src\test\resources
2025-11-28 17:56:48,460 [Worker-21: Building] INFO  o.a.m.s.f.DefaultMavenResourcesFiltering - skip non existing resourceDirectory C:\Users\thummaluru.sandhya1\MiniProject\TaxProject\src\main\resources
2025-11-28 17:56:48,463 [Worker-21: Building] INFO  o.a.m.s.f.DefaultMavenResourcesFiltering - skip non existing resourceDirectory C:\Users\thummaluru.sandhya1\MiniProject\TaxProject\src\test\resources
2025-11-28 17:58:58,317 [Worker-21: Building] INFO  o.a.m.s.f.DefaultMavenResourcesFiltering - skip non existing resourceDirectory C:\Users\thummaluru.sandhya1\MiniProject\TaxProject\src\main\resources
2025-11-28 17:58:58,320 [Worker-21: Building] INFO  o.a.m.s.f.DefaultMavenResourcesFiltering - skip non existing resourceDirectory C:\Users\thummaluru.sandhya1\MiniProject\TaxProject\src\test\resources
2025-11-29 17:08:31,355 [Worker-237: Retrieving archetypes:] WARN  o.a.h.c.p.ResponseProcessCookies - Invalid cookie header: "Set-Cookie: nspatoken=23d4b7e3b2d38c07fffcc75b34a07dbcbcc38b891768bed7d50dd5d10445630c; Expires=Sun, 30 Nov 2025 08:53:15 GMT;SameSite=None;Secure;domain=.maven.org;path=/;". Invalid 'expires' attribute: Sun, 30 Nov 2025 08:53:15 GMT
2025-11-29 17:08:31,355 [Worker-240: Retrieving archetypes:] WARN  o.a.h.c.p.ResponseProcessCookies - Invalid cookie header: "Set-Cookie: nspatoken=23d4b7e3b2d38c07fffcc75b34a07dbcbcc38b891768bed7d50dd5d10445630c; Expires=Sun, 30 Nov 2025 08:53:15 GMT;SameSite=None;Secure;domain=.maven.org;path=/;". Invalid 'expires' attribute: Sun, 30 Nov 2025 08:53:15 GMT
2025-11-29 17:23:47,073 [Worker-246: Retrieving archetypes:] WARN  o.a.h.c.p.ResponseProcessCookies - Invalid cookie header: "Set-Cookie: nspatoken=23d4b7e3b2d38c07fffcc75b34a07dbcbcc38b891768bed7d50dd5d10445630c; Expires=Sun, 30 Nov 2025 08:53:15 GMT;SameSite=None;Secure;domain=.maven.org;path=/;". Invalid 'expires' attribute: Sun, 30 Nov 2025 08:53:15 GMT
2025-11-29 17:23:47,094 [Worker-238: Retrieving archetypes:] WARN  o.a.h.c.p.ResponseProcessCookies - Invalid cookie header: "Set-Cookie: nspatoken=23d4b7e3b2d38c07fffcc75b34a07dbcbcc38b891768bed7d50dd5d10445630c; Expires=Sun, 30 Nov 2025 08:53:15 GMT;SameSite=None;Secure;domain=.maven.org;path=/;". Invalid 'expires' attribute: Sun, 30 Nov 2025 08:53:15 GMT
2025-11-29 17:24:05,953 [Worker-248: Launching mavenrun-91c293e8-dce3-4ee5-a6fe-7a98e75955a9] INFO  o.eclipse.m2e.core.internal.Bundles - getClasspathEntries(Bundle=org.eclipse.m2e.maven.runtime_3.9.900.20250220-2013 [638])
2025-11-29 17:24:05,957 [Worker-248: Launching mavenrun-91c293e8-dce3-4ee5-a6fe-7a98e75955a9] INFO  o.eclipse.m2e.core.internal.Bundles - 	Entry: C:\Program Files\eclipse\plugins\org.eclipse.m2e.maven.runtime_3.9.900.20250220-2013
2025-11-29 17:24:05,957 [Worker-248: Launching mavenrun-91c293e8-dce3-4ee5-a6fe-7a98e75955a9] INFO  o.eclipse.m2e.core.internal.Bundles - 	Entry: C:\Program Files\eclipse\plugins\org.eclipse.m2e.maven.runtime_3.9.900.20250220-2013\jars\aopalliance-1.0.jar
2025-11-29 17:24:05,958 [Worker-248: Launching mavenrun-91c293e8-dce3-4ee5-a6fe-7a98e75955a9] INFO  o.eclipse.m2e.core.internal.Bundles - 	Entry: C:\Program Files\eclipse\plugins\org.eclipse.m2e.maven.runtime_3.9.900.20250220-2013\jars\guice-5.1.0.jar
2025-11-29 17:24:05,958 [Worker-248: Launching mavenrun-91c293e8-dce3-4ee5-a6fe-7a98e75955a9] INFO  o.eclipse.m2e.core.internal.Bundles - 	Entry: C:\Program Files\eclipse\plugins\org.eclipse.m2e.maven.runtime_3.9.900.20250220-2013\jars\httpclient-4.5.14.jar
2025-11-29 17:24:05,959 [Worker-248: Launching mavenrun-91c293e8-dce3-4ee5-a6fe-7a98e75955a9] INFO  o.eclipse.m2e.core.internal.Bundles - 	Entry: C:\Program Files\eclipse\plugins\org.eclipse.m2e.maven.runtime_3.9.900.20250220-2013\jars\httpcore-4.4.16.jar
2025-11-29 17:24:05,959 [Worker-248: Launching mavenrun-91c293e8-dce3-4ee5-a6fe-7a98e75955a9] INFO  o.eclipse.m2e.core.internal.Bundles - 	Entry: C:\Program Files\eclipse\plugins\org.eclipse.m2e.maven.runtime_3.9.900.20250220-2013\jars\jansi-2.4.1.jar
2025-11-29 17:24:05,959 [Worker-248: Launching mavenrun-91c293e8-dce3-4ee5-a6fe-7a98e75955a9] INFO  o.eclipse.m2e.core.internal.Bundles - 	Entry: C:\Program Files\eclipse\plugins\org.eclipse.m2e.maven.runtime_3.9.900.20250220-2013\jars\jcl-over-slf4j-1.7.36.jar
2025-11-29 17:24:05,959 [Worker-248: Launching mavenrun-91c293e8-dce3-4ee5-a6fe-7a98e75955a9] INFO  o.eclipse.m2e.core.internal.Bundles - 	Entry: C:\Program Files\eclipse\plugins\org.eclipse.m2e.maven.runtime_3.9.900.20250220-2013\jars\maven-artifact-3.9.9.jar
2025-11-29 17:24:05,960 [Worker-248: Launching mavenrun-91c293e8-dce3-4ee5-a6fe-7a98e75955a9] INFO  o.eclipse.m2e.core.internal.Bundles - 	Entry: C:\Program Files\eclipse\plugins\org.eclipse.m2e.maven.runtime_3.9.900.20250220-2013\jars\maven-builder-support-3.9.9.jar
2025-11-29 17:24:05,960 [Worker-248: Launching mavenrun-91c293e8-dce3-4ee5-a6fe-7a98e75955a9] INFO  o.eclipse.m2e.core.internal.Bundles - 	Entry: C:\Program Files\eclipse\plugins\org.eclipse.m2e.maven.runtime_3.9.900.20250220-2013\jars\maven-compat-3.9.9.jar
2025-11-29 17:24:05,960 [Worker-248: Launching mavenrun-91c293e8-dce3-4ee5-a6fe-7a98e75955a9] INFO  o.eclipse.m2e.core.internal.Bundles - 	Entry: C:\Program Files\eclipse\plugins\org.eclipse.m2e.maven.runtime_3.9.900.20250220-2013\jars\maven-core-3.9.9.jar
2025-11-29 17:24:05,960 [Worker-248: Launching mavenrun-91c293e8-dce3-4ee5-a6fe-7a98e75955a9] INFO  o.eclipse.m2e.core.internal.Bundles - 	Entry: C:\Program Files\eclipse\plugins\org.eclipse.m2e.maven.runtime_3.9.900.20250220-2013\jars\maven-embedder-3.9.9.jar
2025-11-29 17:24:05,961 [Worker-248: Launching mavenrun-91c293e8-dce3-4ee5-a6fe-7a98e75955a9] INFO  o.eclipse.m2e.core.internal.Bundles - 	Entry: C:\Program Files\eclipse\plugins\org.eclipse.m2e.maven.runtime_3.9.900.20250220-2013\jars\maven-model-3.9.9.jar
2025-11-29 17:24:05,961 [Worker-248: Launching mavenrun-91c293e8-dce3-4ee5-a6fe-7a98e75955a9] INFO  o.eclipse.m2e.core.internal.Bundles - 	Entry: C:\Program Files\eclipse\plugins\org.eclipse.m2e.maven.runtime_3.9.900.20250220-2013\jars\maven-model-builder-3.9.9.jar
2025-11-29 17:24:05,961 [Worker-248: Launching mavenrun-91c293e8-dce3-4ee5-a6fe-7a98e75955a9] INFO  o.eclipse.m2e.core.internal.Bundles - 	Entry: C:\Program Files\eclipse\plugins\org.eclipse.m2e.maven.runtime_3.9.900.20250220-2013\jars\maven-plugin-api-3.9.9.jar
2025-11-29 17:24:05,961 [Worker-248: Launching mavenrun-91c293e8-dce3-4ee5-a6fe-7a98e75955a9] INFO  o.eclipse.m2e.core.internal.Bundles - 	Entry: C:\Program Files\eclipse\plugins\org.eclipse.m2e.maven.runtime_3.9.900.20250220-2013\jars\maven-repository-metadata-3.9.9.jar
2025-11-29 17:24:05,962 [Worker-248: Launching mavenrun-91c293e8-dce3-4ee5-a6fe-7a98e75955a9] INFO  o.eclipse.m2e.core.internal.Bundles - 	Entry: C:\Program Files\eclipse\plugins\org.eclipse.m2e.maven.runtime_3.9.900.20250220-2013\jars\maven-resolver-api-1.9.22.jar
2025-11-29 17:24:05,962 [Worker-248: Launching mavenrun-91c293e8-dce3-4ee5-a6fe-7a98e75955a9] INFO  o.eclipse.m2e.core.internal.Bundles - 	Entry: C:\Program Files\eclipse\plugins\org.eclipse.m2e.maven.runtime_3.9.900.20250220-2013\jars\maven-resolver-connector-basic-1.9.22.jar
2025-11-29 17:24:05,962 [Worker-248: Launching mavenrun-91c293e8-dce3-4ee5-a6fe-7a98e75955a9] INFO  o.eclipse.m2e.core.internal.Bundles - 	Entry: C:\Program Files\eclipse\plugins\org.eclipse.m2e.maven.runtime_3.9.900.20250220-2013\jars\maven-resolver-impl-1.9.22.jar
2025-11-29 17:24:05,962 [Worker-248: Launching mavenrun-91c293e8-dce3-4ee5-a6fe-7a98e75955a9] INFO  o.eclipse.m2e.core.internal.Bundles - 	Entry: C:\Program Files\eclipse\plugins\org.eclipse.m2e.maven.runtime_3.9.900.20250220-2013\jars\maven-resolver-named-locks-1.9.22.jar
2025-11-29 17:24:05,963 [Worker-248: Launching mavenrun-91c293e8-dce3-4ee5-a6fe-7a98e75955a9] INFO  o.eclipse.m2e.core.internal.Bundles - 	Entry: C:\Program Files\eclipse\plugins\org.eclipse.m2e.maven.runtime_3.9.900.20250220-2013\jars\maven-resolver-provider-3.9.9.jar
2025-11-29 17:24:05,963 [Worker-248: Launching mavenrun-91c293e8-dce3-4ee5-a6fe-7a98e75955a9] INFO  o.eclipse.m2e.core.internal.Bundles - 	Entry: C:\Program Files\eclipse\plugins\org.eclipse.m2e.maven.runtime_3.9.900.20250220-2013\jars\maven-resolver-spi-1.9.22.jar
2025-11-29 17:24:05,963 [Worker-248: Launching mavenrun-91c293e8-dce3-4ee5-a6fe-7a98e75955a9] INFO  o.eclipse.m2e.core.internal.Bundles - 	Entry: C:\Program Files\eclipse\plugins\org.eclipse.m2e.maven.runtime_3.9.900.20250220-2013\jars\maven-resolver-transport-file-1.9.22.jar
2025-11-29 17:24:05,964 [Worker-248: Launching mavenrun-91c293e8-dce3-4ee5-a6fe-7a98e75955a9] INFO  o.eclipse.m2e.core.internal.Bundles - 	Entry: C:\Program Files\eclipse\plugins\org.eclipse.m2e.maven.runtime_3.9.900.20250220-2013\jars\maven-resolver-transport-http-1.9.22.jar
2025-11-29 17:24:05,964 [Worker-248: Launching mavenrun-91c293e8-dce3-4ee5-a6fe-7a98e75955a9] INFO  o.eclipse.m2e.core.internal.Bundles - 	Entry: C:\Program Files\eclipse\plugins\org.eclipse.m2e.maven.runtime_3.9.900.20250220-2013\jars\maven-resolver-transport-wagon-1.9.22.jar
2025-11-29 17:24:05,964 [Worker-248: Launching mavenrun-91c293e8-dce3-4ee5-a6fe-7a98e75955a9] INFO  o.eclipse.m2e.core.internal.Bundles - 	Entry: C:\Program Files\eclipse\plugins\org.eclipse.m2e.maven.runtime_3.9.900.20250220-2013\jars\maven-resolver-util-1.9.22.jar
2025-11-29 17:24:05,964 [Worker-248: Launching mavenrun-91c293e8-dce3-4ee5-a6fe-7a98e75955a9] INFO  o.eclipse.m2e.core.internal.Bundles - 	Entry: C:\Program Files\eclipse\plugins\org.eclipse.m2e.maven.runtime_3.9.900.20250220-2013\jars\maven-settings-3.9.9.jar
2025-11-29 17:24:05,965 [Worker-248: Launching mavenrun-91c293e8-dce3-4ee5-a6fe-7a98e75955a9] INFO  o.eclipse.m2e.core.internal.Bundles - 	Entry: C:\Program Files\eclipse\plugins\org.eclipse.m2e.maven.runtime_3.9.900.20250220-2013\jars\maven-settings-builder-3.9.9.jar
2025-11-29 17:24:05,965 [Worker-248: Launching mavenrun-91c293e8-dce3-4ee5-a6fe-7a98e75955a9] INFO  o.eclipse.m2e.core.internal.Bundles - 	Entry: C:\Program Files\eclipse\plugins\org.eclipse.m2e.maven.runtime_3.9.900.20250220-2013\jars\maven-shared-utils-3.4.2.jar
2025-11-29 17:24:05,965 [Worker-248: Launching mavenrun-91c293e8-dce3-4ee5-a6fe-7a98e75955a9] INFO  o.eclipse.m2e.core.internal.Bundles - 	Entry: C:\Program Files\eclipse\plugins\org.eclipse.m2e.maven.runtime_3.9.900.20250220-2013\jars\org.eclipse.sisu.inject-0.9.0.M3.jar
2025-11-29 17:24:05,965 [Worker-248: Launching mavenrun-91c293e8-dce3-4ee5-a6fe-7a98e75955a9] INFO  o.eclipse.m2e.core.internal.Bundles - 	Entry: C:\Program Files\eclipse\plugins\org.eclipse.m2e.maven.runtime_3.9.900.20250220-2013\jars\org.eclipse.sisu.plexus-0.9.0.M3.jar
2025-11-29 17:24:05,965 [Worker-248: Launching mavenrun-91c293e8-dce3-4ee5-a6fe-7a98e75955a9] INFO  o.eclipse.m2e.core.internal.Bundles - 	Entry: C:\Program Files\eclipse\plugins\org.eclipse.m2e.maven.runtime_3.9.900.20250220-2013\jars\plexus-build-api-0.0.7.jar
2025-11-29 17:24:05,965 [Worker-248: Launching mavenrun-91c293e8-dce3-4ee5-a6fe-7a98e75955a9] INFO  o.eclipse.m2e.core.internal.Bundles - 	Entry: C:\Program Files\eclipse\plugins\org.eclipse.m2e.maven.runtime_3.9.900.20250220-2013\jars\plexus-build-api-1.2.0.jar
2025-11-29 17:24:05,966 [Worker-248: Launching mavenrun-91c293e8-dce3-4ee5-a6fe-7a98e75955a9] INFO  o.eclipse.m2e.core.internal.Bundles - 	Entry: C:\Program Files\eclipse\plugins\org.eclipse.m2e.maven.runtime_3.9.900.20250220-2013\jars\plexus-cipher-2.0.jar
2025-11-29 17:24:05,966 [Worker-248: Launching mavenrun-91c293e8-dce3-4ee5-a6fe-7a98e75955a9] INFO  o.eclipse.m2e.core.internal.Bundles - 	Entry: C:\Program Files\eclipse\plugins\org.eclipse.m2e.maven.runtime_3.9.900.20250220-2013\jars\plexus-classworlds-2.8.0.jar
2025-11-29 17:24:05,966 [Worker-248: Launching mavenrun-91c293e8-dce3-4ee5-a6fe-7a98e75955a9] INFO  o.eclipse.m2e.core.internal.Bundles - 	Entry: C:\Program Files\eclipse\plugins\org.eclipse.m2e.maven.runtime_3.9.900.20250220-2013\jars\plexus-component-annotations-2.1.0.jar
2025-11-29 17:24:05,966 [Worker-248: Launching mavenrun-91c293e8-dce3-4ee5-a6fe-7a98e75955a9] INFO  o.eclipse.m2e.core.internal.Bundles - 	Entry: C:\Program Files\eclipse\plugins\org.eclipse.m2e.maven.runtime_3.9.900.20250220-2013\jars\plexus-interpolation-1.27.jar
2025-11-29 17:24:05,967 [Worker-248: Launching mavenrun-91c293e8-dce3-4ee5-a6fe-7a98e75955a9] INFO  o.eclipse.m2e.core.internal.Bundles - 	Entry: C:\Program Files\eclipse\plugins\org.eclipse.m2e.maven.runtime_3.9.900.20250220-2013\jars\plexus-sec-dispatcher-2.0.jar
2025-11-29 17:24:05,967 [Worker-248: Launching mavenrun-91c293e8-dce3-4ee5-a6fe-7a98e75955a9] INFO  o.eclipse.m2e.core.internal.Bundles - 	Entry: C:\Program Files\eclipse\plugins\org.eclipse.m2e.maven.runtime_3.9.900.20250220-2013\jars\plexus-utils-3.5.1.jar
2025-11-29 17:24:05,967 [Worker-248: Launching mavenrun-91c293e8-dce3-4ee5-a6fe-7a98e75955a9] INFO  o.eclipse.m2e.core.internal.Bundles - 	Entry: C:\Program Files\eclipse\plugins\org.eclipse.m2e.maven.runtime_3.9.900.20250220-2013\jars\plexus-xml-3.0.1.jar
2025-11-29 17:24:05,967 [Worker-248: Launching mavenrun-91c293e8-dce3-4ee5-a6fe-7a98e75955a9] INFO  o.eclipse.m2e.core.internal.Bundles - 	Entry: C:\Program Files\eclipse\plugins\org.eclipse.m2e.maven.runtime_3.9.900.20250220-2013\jars\wagon-file-3.5.3.jar
2025-11-29 17:24:05,968 [Worker-248: Launching mavenrun-91c293e8-dce3-4ee5-a6fe-7a98e75955a9] INFO  o.eclipse.m2e.core.internal.Bundles - 	Entry: C:\Program Files\eclipse\plugins\org.eclipse.m2e.maven.runtime_3.9.900.20250220-2013\jars\wagon-http-3.5.3.jar
2025-11-29 17:24:05,968 [Worker-248: Launching mavenrun-91c293e8-dce3-4ee5-a6fe-7a98e75955a9] INFO  o.eclipse.m2e.core.internal.Bundles - 	Entry: C:\Program Files\eclipse\plugins\org.eclipse.m2e.maven.runtime_3.9.900.20250220-2013\jars\wagon-http-shared-3.5.3.jar
2025-11-29 17:24:05,968 [Worker-248: Launching mavenrun-91c293e8-dce3-4ee5-a6fe-7a98e75955a9] INFO  o.eclipse.m2e.core.internal.Bundles - 	Entry: C:\Program Files\eclipse\plugins\org.eclipse.m2e.maven.runtime_3.9.900.20250220-2013\jars\wagon-provider-api-3.5.3.jar
2025-11-29 17:24:05,969 [Worker-248: Launching mavenrun-91c293e8-dce3-4ee5-a6fe-7a98e75955a9] INFO  o.eclipse.m2e.core.internal.Bundles - getClasspathEntries(Bundle=com.google.guava_33.4.0.jre [16])
2025-11-29 17:24:05,969 [Worker-248: Launching mavenrun-91c293e8-dce3-4ee5-a6fe-7a98e75955a9] INFO  o.eclipse.m2e.core.internal.Bundles - 	Entry: C:\Program Files\eclipse\plugins\com.google.guava_33.4.0.jre.jar
2025-11-29 17:24:05,969 [Worker-248: Launching mavenrun-91c293e8-dce3-4ee5-a6fe-7a98e75955a9] INFO  o.eclipse.m2e.core.internal.Bundles - getClasspathEntries(Bundle=slf4j.api_2.0.16 [1005])
2025-11-29 17:24:05,971 [Worker-248: Launching mavenrun-91c293e8-dce3-4ee5-a6fe-7a98e75955a9] INFO  o.eclipse.m2e.core.internal.Bundles - 	Entry: C:\Program Files\eclipse\plugins\slf4j.api_2.0.16.jar
2025-11-29 17:24:05,971 [Worker-248: Launching mavenrun-91c293e8-dce3-4ee5-a6fe-7a98e75955a9] INFO  o.eclipse.m2e.core.internal.Bundles - getClasspathEntries(Bundle=jakarta.inject.jakarta.inject-api_1.0.5 [34])
2025-11-29 17:24:05,971 [Worker-248: Launching mavenrun-91c293e8-dce3-4ee5-a6fe-7a98e75955a9] INFO  o.eclipse.m2e.core.internal.Bundles - 	Entry: C:\Program Files\eclipse\plugins\jakarta.inject.jakarta.inject-api_1.0.5.jar
2025-11-29 17:24:05,971 [Worker-248: Launching mavenrun-91c293e8-dce3-4ee5-a6fe-7a98e75955a9] INFO  o.eclipse.m2e.core.internal.Bundles - getClasspathEntries(Bundle=jakarta.annotation-api_1.3.5 [29])
2025-11-29 17:24:05,972 [Worker-248: Launching mavenrun-91c293e8-dce3-4ee5-a6fe-7a98e75955a9] INFO  o.eclipse.m2e.core.internal.Bundles - 	Entry: C:\Program Files\eclipse\plugins\jakarta.annotation-api_1.3.5.jar
2025-11-29 17:24:05,972 [Worker-248: Launching mavenrun-91c293e8-dce3-4ee5-a6fe-7a98e75955a9] INFO  o.eclipse.m2e.core.internal.Bundles - getClasspathEntries(Bundle=org.apache.commons.cli_1.9.0 [74])
2025-11-29 17:24:05,973 [Worker-248: Launching mavenrun-91c293e8-dce3-4ee5-a6fe-7a98e75955a9] INFO  o.eclipse.m2e.core.internal.Bundles - 	Entry: C:\Program Files\eclipse\plugins\org.apache.commons.cli_1.9.0.jar
2025-11-29 17:24:05,973 [Worker-248: Launching mavenrun-91c293e8-dce3-4ee5-a6fe-7a98e75955a9] INFO  o.eclipse.m2e.core.internal.Bundles - getClasspathEntries(Bundle=org.apache.commons.commons-codec_1.16.0 [76])
2025-11-29 17:24:05,974 [Worker-248: Launching mavenrun-91c293e8-dce3-4ee5-a6fe-7a98e75955a9] INFO  o.eclipse.m2e.core.internal.Bundles - 	Entry: C:\Program Files\eclipse\plugins\org.apache.commons.commons-codec_1.16.0.jar
2025-11-29 17:24:05,974 [Worker-248: Launching mavenrun-91c293e8-dce3-4ee5-a6fe-7a98e75955a9] INFO  o.eclipse.m2e.core.internal.Bundles - getClasspathEntries(Bundle=com.google.guava.failureaccess_1.0.2 [17])
2025-11-29 17:24:05,974 [Worker-248: Launching mavenrun-91c293e8-dce3-4ee5-a6fe-7a98e75955a9] INFO  o.eclipse.m2e.core.internal.Bundles - 	Entry: C:\Program Files\eclipse\plugins\com.google.guava.failureaccess_1.0.2.jar
2025-11-29 17:24:05,980 [Worker-248: Launching mavenrun-91c293e8-dce3-4ee5-a6fe-7a98e75955a9] INFO  o.e.m.i.launch.MavenLaunchDelegate - Run build in "C:\Users\THUMMA~1.SAN\AppData\Local\Temp\m2e-archetypeGenerator6589904521913770655":
2025-11-29 17:24:05,983 [Worker-248: Launching mavenrun-91c293e8-dce3-4ee5-a6fe-7a98e75955a9] INFO  o.e.m.i.launch.MavenLaunchDelegate -  mvn  -DarchetypeGroupId=org.apache.maven.archetypes -DarchetypeArtifactId=maven-archetype-quickstart -DarchetypeVersion=1.1 -DgroupId=com.taxproject -DartifactId=tax -Dversion=0.0.1-SNAPSHOT -Dpackage=com.taxproject.tax -DoutputDirectory=C:\Users\thummaluru.sandhya1\MiniProject -Dstyle.color=always -U archetype:generate
2025-11-29 17:24:12,125 [Worker-238: Creating maven-archetype-quickstart] INFO  o.e.m.c.i.p.ProjectConfigurationManager - Collecting project info '/pom.xml' C:\Users\thummaluru.sandhya1\MiniProject\tax\pom.xml
2025-11-29 17:24:12,576 [Worker-238: Creating maven-archetype-quickstart] INFO  o.e.m.c.i.l.LifecycleMappingFactory - Using org.eclipse.m2e.jdt.JarLifecycleMapping lifecycle mapping for MavenProject: com.taxproject:tax:0.0.1-SNAPSHOT @ C:\Users\thummaluru.sandhya1\MiniProject\tax\pom.xml.
2025-11-29 17:24:12,961 [Worker-238: Creating maven-archetype-quickstart] INFO  o.e.m.j.i.AbstractJavaProjectConfigurator - Adding source folder /tax/src/main/java
2025-11-29 17:24:12,963 [Worker-238: Creating maven-archetype-quickstart] INFO  o.e.m.j.i.AbstractJavaProjectConfigurator - Adding resource folder /tax/src/main/resources
2025-11-29 17:24:12,970 [Worker-238: Creating maven-archetype-quickstart] INFO  o.e.m.j.i.AbstractJavaProjectConfigurator - Adding source folder /tax/src/test/java
2025-11-29 17:24:12,971 [Worker-238: Creating maven-archetype-quickstart] INFO  o.e.m.j.i.AbstractJavaProjectConfigurator - Adding resource folder /tax/src/test/resources
2025-11-29 17:24:13,069 [Worker-238: Creating maven-archetype-quickstart] INFO  o.e.m.c.i.p.ProjectConfigurationManager - Imported and configured 1 project(s) in 0 sec
2025-11-29 17:24:13,365 [Worker-250: Building] INFO  o.a.m.s.f.DefaultMavenResourcesFiltering - skip non existing resourceDirectory C:\Users\thummaluru.sandhya1\MiniProject\tax\src\main\resources
2025-11-29 17:24:13,368 [Worker-250: Building] INFO  o.a.m.s.f.DefaultMavenResourcesFiltering - skip non existing resourceDirectory C:\Users\thummaluru.sandhya1\MiniProject\tax\src\test\resources
2025-11-29 17:30:09,814 [Worker-252: Building] INFO  o.a.m.s.f.DefaultMavenResourcesFiltering - skip non existing resourceDirectory C:\Users\thummaluru.sandhya1\MiniProject\tax\src\main\resources
2025-11-29 17:30:09,816 [Worker-252: Building] INFO  o.a.m.s.f.DefaultMavenResourcesFiltering - skip non existing resourceDirectory C:\Users\thummaluru.sandhya1\MiniProject\tax\src\test\resources
2025-11-29 17:30:27,842 [Worker-253: Building] INFO  o.a.m.s.f.DefaultMavenResourcesFiltering - skip non existing resourceDirectory C:\Users\thummaluru.sandhya1\MiniProject\tax\src\main\resources
2025-11-29 17:30:27,844 [Worker-253: Building] INFO  o.a.m.s.f.DefaultMavenResourcesFiltering - skip non existing resourceDirectory C:\Users\thummaluru.sandhya1\MiniProject\tax\src\test\resources
2025-11-29 17:30:42,751 [Worker-252: Building] INFO  o.a.m.s.f.DefaultMavenResourcesFiltering - skip non existing resourceDirectory C:\Users\thummaluru.sandhya1\MiniProject\tax\src\main\resources
2025-11-29 17:30:42,753 [Worker-252: Building] INFO  o.a.m.s.f.DefaultMavenResourcesFiltering - skip non existing resourceDirectory C:\Users\thummaluru.sandhya1\MiniProject\tax\src\test\resources
2025-11-29 17:31:22,483 [Worker-253: Building] INFO  o.a.m.s.f.DefaultMavenResourcesFiltering - skip non existing resourceDirectory C:\Users\thummaluru.sandhya1\MiniProject\tax\src\main\resources
2025-11-29 17:31:22,485 [Worker-253: Building] INFO  o.a.m.s.f.DefaultMavenResourcesFiltering - skip non existing resourceDirectory C:\Users\thummaluru.sandhya1\MiniProject\tax\src\test\resources
2025-11-29 17:31:38,329 [Worker-238: Building] INFO  o.a.m.s.f.DefaultMavenResourcesFiltering - skip non existing resourceDirectory C:\Users\thummaluru.sandhya1\MiniProject\tax\src\main\resources
2025-11-29 17:31:38,331 [Worker-238: Building] INFO  o.a.m.s.f.DefaultMavenResourcesFiltering - skip non existing resourceDirectory C:\Users\thummaluru.sandhya1\MiniProject\tax\src\test\resources
2025-11-29 17:31:55,901 [Worker-254: Building] INFO  o.a.m.s.f.DefaultMavenResourcesFiltering - skip non existing resourceDirectory C:\Users\thummaluru.sandhya1\MiniProject\tax\src\main\resources
2025-11-29 17:31:55,903 [Worker-254: Building] INFO  o.a.m.s.f.DefaultMavenResourcesFiltering - skip non existing resourceDirectory C:\Users\thummaluru.sandhya1\MiniProject\tax\src\test\resources
2025-11-29 17:32:10,639 [Worker-238: Building] INFO  o.a.m.s.f.DefaultMavenResourcesFiltering - skip non existing resourceDirectory C:\Users\thummaluru.sandhya1\MiniProject\tax\src\main\resources
2025-11-29 17:32:10,641 [Worker-238: Building] INFO  o.a.m.s.f.DefaultMavenResourcesFiltering - skip non existing resourceDirectory C:\Users\thummaluru.sandhya1\MiniProject\tax\src\test\resources
2025-11-29 17:32:29,331 [Worker-238: Building] INFO  o.a.m.s.f.DefaultMavenResourcesFiltering - skip non existing resourceDirectory C:\Users\thummaluru.sandhya1\MiniProject\tax\src\main\resources
2025-11-29 17:32:29,333 [Worker-238: Building] INFO  o.a.m.s.f.DefaultMavenResourcesFiltering - skip non existing resourceDirectory C:\Users\thummaluru.sandhya1\MiniProject\tax\src\test\resources
2025-11-29 17:32:50,480 [Worker-238: Building] INFO  o.a.m.s.f.DefaultMavenResourcesFiltering - skip non existing resourceDirectory C:\Users\thummaluru.sandhya1\MiniProject\tax\src\main\resources
2025-11-29 17:32:50,481 [Worker-238: Building] INFO  o.a.m.s.f.DefaultMavenResourcesFiltering - skip non existing resourceDirectory C:\Users\thummaluru.sandhya1\MiniProject\tax\src\test\resources
2025-11-29 17:33:10,705 [Worker-250: Building] INFO  o.a.m.s.f.DefaultMavenResourcesFiltering - skip non existing resourceDirectory C:\Users\thummaluru.sandhya1\MiniProject\tax\src\main\resources
2025-11-29 17:33:10,707 [Worker-250: Building] INFO  o.a.m.s.f.DefaultMavenResourcesFiltering - skip non existing resourceDirectory C:\Users\thummaluru.sandhya1\MiniProject\tax\src\test\resources
2025-11-29 17:33:21,771 [Worker-255: Building] INFO  o.a.m.s.f.DefaultMavenResourcesFiltering - skip non existing resourceDirectory C:\Users\thummaluru.sandhya1\MiniProject\tax\src\main\resources
2025-11-29 17:33:21,772 [Worker-255: Building] INFO  o.a.m.s.f.DefaultMavenResourcesFiltering - skip non existing resourceDirectory C:\Users\thummaluru.sandhya1\MiniProject\tax\src\test\resources
2025-11-29 17:33:24,635 [Worker-255: Building] INFO  o.a.m.s.f.DefaultMavenResourcesFiltering - skip non existing resourceDirectory C:\Users\thummaluru.sandhya1\MiniProject\tax\src\main\resources
2025-11-29 17:33:24,638 [Worker-255: Building] INFO  o.a.m.s.f.DefaultMavenResourcesFiltering - skip non existing resourceDirectory C:\Users\thummaluru.sandhya1\MiniProject\tax\src\test\resources
2025-11-29 17:33:28,837 [Worker-255: Building] INFO  o.a.m.s.f.DefaultMavenResourcesFiltering - skip non existing resourceDirectory C:\Users\thummaluru.sandhya1\MiniProject\tax\src\main\resources
2025-11-29 17:33:28,838 [Worker-255: Building] INFO  o.a.m.s.f.DefaultMavenResourcesFiltering - skip non existing resourceDirectory C:\Users\thummaluru.sandhya1\MiniProject\tax\src\test\resources
2025-11-29 17:33:37,951 [Worker-254: Building] INFO  o.a.m.s.f.DefaultMavenResourcesFiltering - skip non existing resourceDirectory C:\Users\thummaluru.sandhya1\MiniProject\tax\src\main\resources
2025-11-29 17:33:37,953 [Worker-254: Building] INFO  o.a.m.s.f.DefaultMavenResourcesFiltering - skip non existing resourceDirectory C:\Users\thummaluru.sandhya1\MiniProject\tax\src\test\resources
2025-11-29 17:33:45,508 [Worker-250: Building] INFO  o.a.m.s.f.DefaultMavenResourcesFiltering - skip non existing resourceDirectory C:\Users\thummaluru.sandhya1\MiniProject\tax\src\main\resources
2025-11-29 17:33:45,509 [Worker-250: Building] INFO  o.a.m.s.f.DefaultMavenResourcesFiltering - skip non existing resourceDirectory C:\Users\thummaluru.sandhya1\MiniProject\tax\src\test\resources
2025-11-29 17:33:49,238 [Worker-238: Building] INFO  o.a.m.s.f.DefaultMavenResourcesFiltering - skip non existing resourceDirectory C:\Users\thummaluru.sandhya1\MiniProject\tax\src\main\resources
2025-11-29 17:33:49,241 [Worker-238: Building] INFO  o.a.m.s.f.DefaultMavenResourcesFiltering - skip non existing resourceDirectory C:\Users\thummaluru.sandhya1\MiniProject\tax\src\test\resources
2025-11-29 17:34:27,570 [Worker-238: Building] INFO  o.a.m.s.f.DefaultMavenResourcesFiltering - skip non existing resourceDirectory C:\Users\thummaluru.sandhya1\MiniProject\tax\src\main\resources
2025-11-29 17:34:27,573 [Worker-238: Building] INFO  o.a.m.s.f.DefaultMavenResourcesFiltering - skip non existing resourceDirectory C:\Users\thummaluru.sandhya1\MiniProject\tax\src\test\resources
2025-12-02 10:00:24,196 [Worker-4: Loading available Gradle versions] INFO  o.e.b.c.i.u.g.PublishedGradleVersions - Gradle version information cache is out-of-date. Trying to update.
2025-12-02 10:01:18,632 [Worker-4: Building] INFO  o.a.m.s.f.DefaultMavenResourcesFiltering - skip non existing resourceDirectory C:\Users\thummaluru.sandhya1\MiniProject\tax\src\main\resources
2025-12-02 10:01:18,638 [Worker-4: Building] INFO  o.a.m.s.f.DefaultMavenResourcesFiltering - skip non existing resourceDirectory C:\Users\thummaluru.sandhya1\MiniProject\tax\src\test\resources
2025-12-02 10:03:04,812 [Worker-1: Building] INFO  o.a.m.s.f.DefaultMavenResourcesFiltering - skip non existing resourceDirectory C:\Users\thummaluru.sandhya1\MiniProject\tax\src\main\resources
2025-12-02 10:03:04,814 [Worker-1: Building] INFO  o.a.m.s.f.DefaultMavenResourcesFiltering - skip non existing resourceDirectory C:\Users\thummaluru.sandhya1\MiniProject\tax\src\test\resources
2025-12-02 10:09:51,621 [Worker-11: Building] INFO  o.a.m.s.f.DefaultMavenResourcesFiltering - skip non existing resourceDirectory C:\Users\thummaluru.sandhya1\MiniProject\tax\src\main\resources
2025-12-02 10:09:51,623 [Worker-11: Building] INFO  o.a.m.s.f.DefaultMavenResourcesFiltering - skip non existing resourceDirectory C:\Users\thummaluru.sandhya1\MiniProject\tax\src\test\resources
2025-12-02 11:35:01,760 [Worker-32: Building] INFO  o.a.m.s.f.DefaultMavenResourcesFiltering - skip non existing resourceDirectory C:\Users\thummaluru.sandhya1\MiniProject\tax\src\main\resources
2025-12-02 11:35:01,765 [Worker-32: Building] INFO  o.a.m.s.f.DefaultMavenResourcesFiltering - skip non existing resourceDirectory C:\Users\thummaluru.sandhya1\MiniProject\tax\src\test\resources
2025-12-02 11:36:06,995 [Worker-33: Building] INFO  o.a.m.s.f.DefaultMavenResourcesFiltering - skip non existing resourceDirectory C:\Users\thummaluru.sandhya1\MiniProject\tax\src\main\resources
2025-12-02 11:36:06,999 [Worker-33: Building] INFO  o.a.m.s.f.DefaultMavenResourcesFiltering - skip non existing resourceDirectory C:\Users\thummaluru.sandhya1\MiniProject\tax\src\test\resources
2025-12-02 11:36:46,630 [Worker-33: Building] INFO  o.a.m.s.f.DefaultMavenResourcesFiltering - skip non existing resourceDirectory C:\Users\thummaluru.sandhya1\MiniProject\tax\src\main\resources
2025-12-02 11:36:46,633 [Worker-33: Building] INFO  o.a.m.s.f.DefaultMavenResourcesFiltering - skip non existing resourceDirectory C:\Users\thummaluru.sandhya1\MiniProject\tax\src\test\resources
2025-12-02 11:37:56,879 [Worker-36: Building] INFO  o.a.m.s.f.DefaultMavenResourcesFiltering - skip non existing resourceDirectory C:\Users\thummaluru.sandhya1\MiniProject\tax\src\main\resources
2025-12-02 11:37:56,880 [Worker-36: Building] INFO  o.a.m.s.f.DefaultMavenResourcesFiltering - skip non existing resourceDirectory C:\Users\thummaluru.sandhya1\MiniProject\tax\src\test\resources
2025-12-04 09:21:16,901 [Worker-2: Loading available Gradle versions] INFO  o.e.b.c.i.u.g.PublishedGradleVersions - Gradle version information cache is out-of-date. Trying to update.
2025-12-04 16:35:09,741 [Worker-1: Loading available Gradle versions] INFO  o.e.b.c.i.u.g.PublishedGradleVersions - Gradle version information cache is up-to-date. Trying to read.
2025-12-04 16:48:46,655 [Worker-22: Building] INFO  o.a.m.s.f.DefaultMavenResourcesFiltering - skip non existing resourceDirectory C:\Users\thummaluru.sandhya1\MiniProject\tax\src\main\resources
2025-12-04 16:48:46,659 [Worker-22: Building] INFO  o.a.m.s.f.DefaultMavenResourcesFiltering - skip non existing resourceDirectory C:\Users\thummaluru.sandhya1\MiniProject\tax\src\test\resources
2025-12-04 16:50:11,160 [Worker-22: Building] INFO  o.a.m.s.f.DefaultMavenResourcesFiltering - skip non existing resourceDirectory C:\Users\thummaluru.sandhya1\MiniProject\tax\src\main\resources
2025-12-04 16:50:11,163 [Worker-22: Building] INFO  o.a.m.s.f.DefaultMavenResourcesFiltering - skip non existing resourceDirectory C:\Users\thummaluru.sandhya1\MiniProject\tax\src\test\resources
2025-12-04 16:53:15,434 [Worker-20: Building] INFO  o.a.m.s.f.DefaultMavenResourcesFiltering - skip non existing resourceDirectory C:\Users\thummaluru.sandhya1\MiniProject\tax\src\main\resources
2025-12-04 16:53:15,437 [Worker-20: Building] INFO  o.a.m.s.f.DefaultMavenResourcesFiltering - skip non existing resourceDirectory C:\Users\thummaluru.sandhya1\MiniProject\tax\src\test\resources
2025-12-04 16:53:23,886 [Worker-2: Building] INFO  o.a.m.s.f.DefaultMavenResourcesFiltering - skip non existing resourceDirectory C:\Users\thummaluru.sandhya1\MiniProject\tax\src\main\resources
2025-12-04 16:53:23,888 [Worker-2: Building] INFO  o.a.m.s.f.DefaultMavenResourcesFiltering - skip non existing resourceDirectory C:\Users\thummaluru.sandhya1\MiniProject\tax\src\test\resources
2025-12-04 17:04:40,257 [Worker-24: Building] INFO  o.a.m.s.f.DefaultMavenResourcesFiltering - skip non existing resourceDirectory C:\Users\thummaluru.sandhya1\MiniProject\tax\src\main\resources
2025-12-04 17:04:40,259 [Worker-24: Building] INFO  o.a.m.s.f.DefaultMavenResourcesFiltering - skip non existing resourceDirectory C:\Users\thummaluru.sandhya1\MiniProject\tax\src\test\resources
2025-12-04 17:24:26,686 [Worker-26: Building] INFO  o.a.m.s.f.DefaultMavenResourcesFiltering - skip non existing resourceDirectory C:\Users\thummaluru.sandhya1\MiniProject\tax\src\main\resources
2025-12-04 17:24:26,689 [Worker-26: Building] INFO  o.a.m.s.f.DefaultMavenResourcesFiltering - skip non existing resourceDirectory C:\Users\thummaluru.sandhya1\MiniProject\tax\src\test\resources
2025-12-04 17:24:33,958 [Worker-27: Building] INFO  o.a.m.s.f.DefaultMavenResourcesFiltering - skip non existing resourceDirectory C:\Users\thummaluru.sandhya1\MiniProject\tax\src\main\resources
2025-12-04 17:24:33,960 [Worker-27: Building] INFO  o.a.m.s.f.DefaultMavenResourcesFiltering - skip non existing resourceDirectory C:\Users\thummaluru.sandhya1\MiniProject\tax\src\test\resources
2025-12-04 17:27:44,141 [Worker-21: Building] INFO  o.a.m.s.f.DefaultMavenResourcesFiltering - skip non existing resourceDirectory C:\Users\thummaluru.sandhya1\MiniProject\tax\src\main\resources
2025-12-04 17:27:44,143 [Worker-21: Building] INFO  o.a.m.s.f.DefaultMavenResourcesFiltering - skip non existing resourceDirectory C:\Users\thummaluru.sandhya1\MiniProject\tax\src\test\resources
2025-12-04 17:29:13,960 [Worker-27: Building] INFO  o.a.m.s.f.DefaultMavenResourcesFiltering - skip non existing resourceDirectory C:\Users\thummaluru.sandhya1\MiniProject\tax\src\main\resources
2025-12-04 17:29:13,964 [Worker-27: Building] INFO  o.a.m.s.f.DefaultMavenResourcesFiltering - skip non existing resourceDirectory C:\Users\thummaluru.sandhya1\MiniProject\tax\src\test\resources
2025-12-04 17:30:09,128 [Worker-2: Building] INFO  o.a.m.s.f.DefaultMavenResourcesFiltering - skip non existing resourceDirectory C:\Users\thummaluru.sandhya1\MiniProject\tax\src\main\resources
2025-12-04 17:30:09,129 [Worker-2: Building] INFO  o.a.m.s.f.DefaultMavenResourcesFiltering - skip non existing resourceDirectory C:\Users\thummaluru.sandhya1\MiniProject\tax\src\test\resources
2025-12-04 17:30:35,120 [Worker-24: Building] INFO  o.a.m.s.f.DefaultMavenResourcesFiltering - skip non existing resourceDirectory C:\Users\thummaluru.sandhya1\MiniProject\tax\src\main\resources
2025-12-04 17:30:35,123 [Worker-24: Building] INFO  o.a.m.s.f.DefaultMavenResourcesFiltering - skip non existing resourceDirectory C:\Users\thummaluru.sandhya1\MiniProject\tax\src\test\resources
2025-12-04 17:31:15,365 [Worker-24: Building] INFO  o.a.m.s.f.DefaultMavenResourcesFiltering - skip non existing resourceDirectory C:\Users\thummaluru.sandhya1\MiniProject\tax\src\main\resources
2025-12-04 17:31:15,367 [Worker-24: Building] INFO  o.a.m.s.f.DefaultMavenResourcesFiltering - skip non existing resourceDirectory C:\Users\thummaluru.sandhya1\MiniProject\tax\src\test\resources
2025-12-04 17:31:53,947 [Worker-25: Building] INFO  o.a.m.s.f.DefaultMavenResourcesFiltering - skip non existing resourceDirectory C:\Users\thummaluru.sandhya1\MiniProject\tax\src\main\resources
2025-12-04 17:31:53,950 [Worker-25: Building] INFO  o.a.m.s.f.DefaultMavenResourcesFiltering - skip non existing resourceDirectory C:\Users\thummaluru.sandhya1\MiniProject\tax\src\test\resources
2025-12-04 17:32:15,999 [Worker-21: Building] INFO  o.a.m.s.f.DefaultMavenResourcesFiltering - skip non existing resourceDirectory C:\Users\thummaluru.sandhya1\MiniProject\tax\src\main\resources
2025-12-04 17:32:16,000 [Worker-21: Building] INFO  o.a.m.s.f.DefaultMavenResourcesFiltering - skip non existing resourceDirectory C:\Users\thummaluru.sandhya1\MiniProject\tax\src\test\resources
2025-12-04 17:32:38,854 [Worker-2: Building] INFO  o.a.m.s.f.DefaultMavenResourcesFiltering - skip non existing resourceDirectory C:\Users\thummaluru.sandhya1\MiniProject\tax\src\main\resources
2025-12-04 17:32:38,856 [Worker-2: Building] INFO  o.a.m.s.f.DefaultMavenResourcesFiltering - skip non existing resourceDirectory C:\Users\thummaluru.sandhya1\MiniProject\tax\src\test\resources
2025-12-04 17:34:11,807 [Worker-21: Building] INFO  o.a.m.s.f.DefaultMavenResourcesFiltering - skip non existing resourceDirectory C:\Users\thummaluru.sandhya1\MiniProject\tax\src\main\resources
2025-12-04 17:34:11,810 [Worker-21: Building] INFO  o.a.m.s.f.DefaultMavenResourcesFiltering - skip non existing resourceDirectory C:\Users\thummaluru.sandhya1\MiniProject\tax\src\test\resources
2025-12-04 17:34:35,980 [Worker-25: Building] INFO  o.a.m.s.f.DefaultMavenResourcesFiltering - skip non existing resourceDirectory C:\Users\thummaluru.sandhya1\MiniProject\tax\src\main\resources
2025-12-04 17:34:35,982 [Worker-25: Building] INFO  o.a.m.s.f.DefaultMavenResourcesFiltering - skip non existing resourceDirectory C:\Users\thummaluru.sandhya1\MiniProject\tax\src\test\resources
2025-12-04 17:34:53,611 [Worker-20: Building] INFO  o.a.m.s.f.DefaultMavenResourcesFiltering - skip non existing resourceDirectory C:\Users\thummaluru.sandhya1\MiniProject\tax\src\main\resources
2025-12-04 17:34:53,612 [Worker-20: Building] INFO  o.a.m.s.f.DefaultMavenResourcesFiltering - skip non existing resourceDirectory C:\Users\thummaluru.sandhya1\MiniProject\tax\src\test\resources
2025-12-04 17:35:56,226 [Worker-20: Building] INFO  o.a.m.s.f.DefaultMavenResourcesFiltering - skip non existing resourceDirectory C:\Users\thummaluru.sandhya1\MiniProject\tax\src\main\resources
2025-12-04 17:35:56,228 [Worker-20: Building] INFO  o.a.m.s.f.DefaultMavenResourcesFiltering - skip non existing resourceDirectory C:\Users\thummaluru.sandhya1\MiniProject\tax\src\test\resources
2025-12-04 17:36:23,106 [Worker-2: Building] INFO  o.a.m.s.f.DefaultMavenResourcesFiltering - skip non existing resourceDirectory C:\Users\thummaluru.sandhya1\MiniProject\tax\src\main\resources
2025-12-04 17:36:23,108 [Worker-2: Building] INFO  o.a.m.s.f.DefaultMavenResourcesFiltering - skip non existing resourceDirectory C:\Users\thummaluru.sandhya1\MiniProject\tax\src\test\resources
2025-12-04 17:36:56,561 [Worker-2: Building] INFO  o.a.m.s.f.DefaultMavenResourcesFiltering - skip non existing resourceDirectory C:\Users\thummaluru.sandhya1\MiniProject\tax\src\main\resources
2025-12-04 17:36:56,563 [Worker-2: Building] INFO  o.a.m.s.f.DefaultMavenResourcesFiltering - skip non existing resourceDirectory C:\Users\thummaluru.sandhya1\MiniProject\tax\src\test\resources
2025-12-04 17:38:54,526 [Worker-27: Building] INFO  o.a.m.s.f.DefaultMavenResourcesFiltering - skip non existing resourceDirectory C:\Users\thummaluru.sandhya1\MiniProject\tax\src\main\resources
2025-12-04 17:38:54,528 [Worker-27: Building] INFO  o.a.m.s.f.DefaultMavenResourcesFiltering - skip non existing resourceDirectory C:\Users\thummaluru.sandhya1\MiniProject\tax\src\test\resources
2025-12-04 17:38:59,605 [Worker-20: Building] INFO  o.a.m.s.f.DefaultMavenResourcesFiltering - skip non existing resourceDirectory C:\Users\thummaluru.sandhya1\MiniProject\tax\src\main\resources
2025-12-04 17:38:59,607 [Worker-20: Building] INFO  o.a.m.s.f.DefaultMavenResourcesFiltering - skip non existing resourceDirectory C:\Users\thummaluru.sandhya1\MiniProject\tax\src\test\resources
2025-12-04 17:40:33,345 [Worker-27: Building] INFO  o.a.m.s.f.DefaultMavenResourcesFiltering - skip non existing resourceDirectory C:\Users\thummaluru.sandhya1\MiniProject\tax\src\main\resources
2025-12-04 17:40:33,348 [Worker-27: Building] INFO  o.a.m.s.f.DefaultMavenResourcesFiltering - skip non existing resourceDirectory C:\Users\thummaluru.sandhya1\MiniProject\tax\src\test\resources
2025-12-04 17:57:04,545 [Worker-20: Retrieving archetypes:] WARN  o.a.h.c.p.ResponseProcessCookies - Invalid cookie header: "Set-Cookie: nspatoken=23d4b7e3b2d38c07fffcc75b34a07dbcbcc38b891768bed7d50dd5d10445630c; Expires=Fri, 05 Dec 2025 03:32:39 GMT;SameSite=None;Secure;domain=.maven.org;path=/;". Invalid 'expires' attribute: Fri, 05 Dec 2025 03:32:39 GMT
2025-12-04 17:57:04,550 [Worker-27: Retrieving archetypes:] WARN  o.a.h.c.p.ResponseProcessCookies - Invalid cookie header: "Set-Cookie: nspatoken=23d4b7e3b2d38c07fffcc75b34a07dbcbcc38b891768bed7d50dd5d10445630c; Expires=Fri, 05 Dec 2025 03:32:39 GMT;SameSite=None;Secure;domain=.maven.org;path=/;". Invalid 'expires' attribute: Fri, 05 Dec 2025 03:32:39 GMT
2025-12-05 08:36:34,623 [Worker-2: Building] INFO  o.a.m.s.f.DefaultMavenResourcesFiltering - skip non existing resourceDirectory C:\Users\thummaluru.sandhya1\MiniProject\tax\src\main\resources
2025-12-05 08:36:34,626 [Worker-2: Building] INFO  o.a.m.s.f.DefaultMavenResourcesFiltering - skip non existing resourceDirectory C:\Users\thummaluru.sandhya1\MiniProject\tax\src\test\resources
2025-12-05 08:37:14,295 [Worker-21: Building] INFO  o.a.m.s.f.DefaultMavenResourcesFiltering - skip non existing resourceDirectory C:\Users\thummaluru.sandhya1\MiniProject\tax\src\main\resources
2025-12-05 08:37:14,298 [Worker-21: Building] INFO  o.a.m.s.f.DefaultMavenResourcesFiltering - skip non existing resourceDirectory C:\Users\thummaluru.sandhya1\MiniProject\tax\src\test\resources
2025-12-05 08:37:33,707 [Worker-28: Building] INFO  o.a.m.s.f.DefaultMavenResourcesFiltering - skip non existing resourceDirectory C:\Users\thummaluru.sandhya1\MiniProject\tax\src\main\resources
2025-12-05 08:37:33,709 [Worker-28: Building] INFO  o.a.m.s.f.DefaultMavenResourcesFiltering - skip non existing resourceDirectory C:\Users\thummaluru.sandhya1\MiniProject\tax\src\test\resources
2025-12-05 08:38:09,120 [Worker-21: Building] INFO  o.a.m.s.f.DefaultMavenResourcesFiltering - skip non existing resourceDirectory C:\Users\thummaluru.sandhya1\MiniProject\tax\src\main\resources
2025-12-05 08:38:09,125 [Worker-21: Building] INFO  o.a.m.s.f.DefaultMavenResourcesFiltering - skip non existing resourceDirectory C:\Users\thummaluru.sandhya1\MiniProject\tax\src\test\resources
2025-12-05 08:38:24,748 [Worker-26: Building] INFO  o.a.m.s.f.DefaultMavenResourcesFiltering - skip non existing resourceDirectory C:\Users\thummaluru.sandhya1\MiniProject\tax\src\main\resources
2025-12-05 08:38:24,751 [Worker-26: Building] INFO  o.a.m.s.f.DefaultMavenResourcesFiltering - skip non existing resourceDirectory C:\Users\thummaluru.sandhya1\MiniProject\tax\src\test\resources
2025-12-05 08:39:04,747 [Worker-24: Building] INFO  o.a.m.s.f.DefaultMavenResourcesFiltering - skip non existing resourceDirectory C:\Users\thummaluru.sandhya1\MiniProject\tax\src\main\resources
2025-12-05 08:39:04,750 [Worker-24: Building] INFO  o.a.m.s.f.DefaultMavenResourcesFiltering - skip non existing resourceDirectory C:\Users\thummaluru.sandhya1\MiniProject\tax\src\test\resources
2025-12-05 08:40:05,470 [Worker-27: Building] INFO  o.a.m.s.f.DefaultMavenResourcesFiltering - skip non existing resourceDirectory C:\Users\thummaluru.sandhya1\MiniProject\tax\src\main\resources
2025-12-05 08:40:05,473 [Worker-27: Building] INFO  o.a.m.s.f.DefaultMavenResourcesFiltering - skip non existing resourceDirectory C:\Users\thummaluru.sandhya1\MiniProject\tax\src\test\resources
2025-12-05 08:40:49,794 [Worker-25: Building] INFO  o.a.m.s.f.DefaultMavenResourcesFiltering - skip non existing resourceDirectory C:\Users\thummaluru.sandhya1\MiniProject\tax\src\main\resources
2025-12-05 08:40:49,796 [Worker-25: Building] INFO  o.a.m.s.f.DefaultMavenResourcesFiltering - skip non existing resourceDirectory C:\Users\thummaluru.sandhya1\MiniProject\tax\src\test\resources
2025-12-05 08:42:56,387 [Worker-27: Building] INFO  o.a.m.s.f.DefaultMavenResourcesFiltering - skip non existing resourceDirectory C:\Users\thummaluru.sandhya1\MiniProject\tax\src\main\resources
2025-12-05 08:42:56,390 [Worker-27: Building] INFO  o.a.m.s.f.DefaultMavenResourcesFiltering - skip non existing resourceDirectory C:\Users\thummaluru.sandhya1\MiniProject\tax\src\test\resources
2025-12-05 08:43:38,974 [Worker-24: Building] INFO  o.a.m.s.f.DefaultMavenResourcesFiltering - skip non existing resourceDirectory C:\Users\thummaluru.sandhya1\MiniProject\tax\src\main\resources
2025-12-05 08:43:38,976 [Worker-24: Building] INFO  o.a.m.s.f.DefaultMavenResourcesFiltering - skip non existing resourceDirectory C:\Users\thummaluru.sandhya1\MiniProject\tax\src\test\resources
2025-12-05 08:43:43,044 [Worker-27: Building] INFO  o.a.m.s.f.DefaultMavenResourcesFiltering - skip non existing resourceDirectory C:\Users\thummaluru.sandhya1\MiniProject\tax\src\main\resources
2025-12-05 08:43:43,048 [Worker-27: Building] INFO  o.a.m.s.f.DefaultMavenResourcesFiltering - skip non existing resourceDirectory C:\Users\thummaluru.sandhya1\MiniProject\tax\src\test\resources
2025-12-05 08:43:59,859 [Worker-2: Building] INFO  o.a.m.s.f.DefaultMavenResourcesFiltering - skip non existing resourceDirectory C:\Users\thummaluru.sandhya1\MiniProject\tax\src\main\resources
2025-12-05 08:43:59,862 [Worker-2: Building] INFO  o.a.m.s.f.DefaultMavenResourcesFiltering - skip non existing resourceDirectory C:\Users\thummaluru.sandhya1\MiniProject\tax\src\test\resources
2025-12-05 08:44:27,379 [Worker-27: Building] INFO  o.a.m.s.f.DefaultMavenResourcesFiltering - skip non existing resourceDirectory C:\Users\thummaluru.sandhya1\MiniProject\tax\src\main\resources
2025-12-05 08:44:27,381 [Worker-27: Building] INFO  o.a.m.s.f.DefaultMavenResourcesFiltering - skip non existing resourceDirectory C:\Users\thummaluru.sandhya1\MiniProject\tax\src\test\resources
2025-12-05 08:45:05,064 [Worker-20: Building] INFO  o.a.m.s.f.DefaultMavenResourcesFiltering - skip non existing resourceDirectory C:\Users\thummaluru.sandhya1\MiniProject\tax\src\main\resources
2025-12-05 08:45:05,066 [Worker-20: Building] INFO  o.a.m.s.f.DefaultMavenResourcesFiltering - skip non existing resourceDirectory C:\Users\thummaluru.sandhya1\MiniProject\tax\src\test\resources
2025-12-05 08:46:21,258 [Worker-21: Building] INFO  o.a.m.s.f.DefaultMavenResourcesFiltering - skip non existing resourceDirectory C:\Users\thummaluru.sandhya1\MiniProject\tax\src\main\resources
2025-12-05 08:46:21,260 [Worker-21: Building] INFO  o.a.m.s.f.DefaultMavenResourcesFiltering - skip non existing resourceDirectory C:\Users\thummaluru.sandhya1\MiniProject\tax\src\test\resources
2025-12-05 08:47:22,280 [Worker-27: Building] INFO  o.a.m.s.f.DefaultMavenResourcesFiltering - skip non existing resourceDirectory C:\Users\thummaluru.sandhya1\MiniProject\tax\src\main\resources
2025-12-05 08:47:22,283 [Worker-27: Building] INFO  o.a.m.s.f.DefaultMavenResourcesFiltering - skip non existing resourceDirectory C:\Users\thummaluru.sandhya1\MiniProject\tax\src\test\resources
2025-12-05 08:48:14,371 [Worker-20: Building] INFO  o.a.m.s.f.DefaultMavenResourcesFiltering - skip non existing resourceDirectory C:\Users\thummaluru.sandhya1\MiniProject\tax\src\main\resources
2025-12-05 08:48:14,374 [Worker-20: Building] INFO  o.a.m.s.f.DefaultMavenResourcesFiltering - skip non existing resourceDirectory C:\Users\thummaluru.sandhya1\MiniProject\tax\src\test\resources
2025-12-05 08:48:28,497 [Worker-29: Building] INFO  o.a.m.s.f.DefaultMavenResourcesFiltering - skip non existing resourceDirectory C:\Users\thummaluru.sandhya1\MiniProject\tax\src\main\resources
2025-12-05 08:48:28,499 [Worker-29: Building] INFO  o.a.m.s.f.DefaultMavenResourcesFiltering - skip non existing resourceDirectory C:\Users\thummaluru.sandhya1\MiniProject\tax\src\test\resources
2025-12-05 08:48:37,904 [Worker-29: Building] INFO  o.a.m.s.f.DefaultMavenResourcesFiltering - skip non existing resourceDirectory C:\Users\thummaluru.sandhya1\MiniProject\tax\src\main\resources
2025-12-05 08:48:37,906 [Worker-29: Building] INFO  o.a.m.s.f.DefaultMavenResourcesFiltering - skip non existing resourceDirectory C:\Users\thummaluru.sandhya1\MiniProject\tax\src\test\resources
2025-12-05 08:48:50,300 [Worker-26: Building] INFO  o.a.m.s.f.DefaultMavenResourcesFiltering - skip non existing resourceDirectory C:\Users\thummaluru.sandhya1\MiniProject\tax\src\main\resources
2025-12-05 08:48:50,301 [Worker-26: Building] INFO  o.a.m.s.f.DefaultMavenResourcesFiltering - skip non existing resourceDirectory C:\Users\thummaluru.sandhya1\MiniProject\tax\src\test\resources
2025-12-05 08:55:23,375 [Worker-25: Building] INFO  o.a.m.s.f.DefaultMavenResourcesFiltering - skip non existing resourceDirectory C:\Users\thummaluru.sandhya1\MiniProject\tax\src\main\resources
2025-12-05 08:55:23,376 [Worker-25: Building] INFO  o.a.m.s.f.DefaultMavenResourcesFiltering - skip non existing resourceDirectory C:\Users\thummaluru.sandhya1\MiniProject\tax\src\test\resources
2025-12-05 08:56:57,955 [Worker-24: Building] INFO  o.a.m.s.f.DefaultMavenResourcesFiltering - skip non existing resourceDirectory C:\Users\thummaluru.sandhya1\MiniProject\tax\src\main\resources
2025-12-05 08:56:57,956 [Worker-24: Building] INFO  o.a.m.s.f.DefaultMavenResourcesFiltering - skip non existing resourceDirectory C:\Users\thummaluru.sandhya1\MiniProject\tax\src\test\resources
2025-12-05 08:58:12,788 [Worker-2: Building] INFO  o.a.m.s.f.DefaultMavenResourcesFiltering - skip non existing resourceDirectory C:\Users\thummaluru.sandhya1\MiniProject\tax\src\main\resources
2025-12-05 08:58:12,790 [Worker-2: Building] INFO  o.a.m.s.f.DefaultMavenResourcesFiltering - skip non existing resourceDirectory C:\Users\thummaluru.sandhya1\MiniProject\tax\src\test\resources
2025-12-05 08:59:13,674 [Worker-21: Building] INFO  o.a.m.s.f.DefaultMavenResourcesFiltering - skip non existing resourceDirectory C:\Users\thummaluru.sandhya1\MiniProject\tax\src\main\resources
2025-12-05 08:59:13,676 [Worker-21: Building] INFO  o.a.m.s.f.DefaultMavenResourcesFiltering - skip non existing resourceDirectory C:\Users\thummaluru.sandhya1\MiniProject\tax\src\test\resources
2025-12-05 08:59:49,301 [Worker-25: Building] INFO  o.a.m.s.f.DefaultMavenResourcesFiltering - skip non existing resourceDirectory C:\Users\thummaluru.sandhya1\MiniProject\tax\src\main\resources
2025-12-05 08:59:49,302 [Worker-25: Building] INFO  o.a.m.s.f.DefaultMavenResourcesFiltering - skip non existing resourceDirectory C:\Users\thummaluru.sandhya1\MiniProject\tax\src\test\resources
2025-12-05 09:01:02,178 [Worker-27: Building] INFO  o.a.m.s.f.DefaultMavenResourcesFiltering - skip non existing resourceDirectory C:\Users\thummaluru.sandhya1\MiniProject\tax\src\main\resources
2025-12-05 09:01:02,188 [Worker-27: Building] INFO  o.a.m.s.f.DefaultMavenResourcesFiltering - skip non existing resourceDirectory C:\Users\thummaluru.sandhya1\MiniProject\tax\src\test\resources
2025-12-05 09:38:06,706 [Worker-24: Updating Maven Dependencies] ERROR o.e.m.j.i.l.MavenLaunchConfigurationListener - Launch configuration App references non-existing project tax.
org.eclipse.core.runtime.CoreException: Launch configuration App references non-existing project tax.
	at org.eclipse.jdt.launching.JavaRuntime.abort(JavaRuntime.java:1870)
	at org.eclipse.jdt.launching.JavaRuntime.getJavaProject(JavaRuntime.java:1747)
	at org.eclipse.m2e.jdt.internal.launch.MavenLaunchConfigurationListener.updateLaunchConfiguration(MavenLaunchConfigurationListener.java:66)
	at org.eclipse.m2e.jdt.internal.launch.MavenLaunchConfigurationListener.launchConfigurationChanged(MavenLaunchConfigurationListener.java:52)
	at org.eclipse.debug.internal.core.LaunchManager$ConfigurationNotifier.run(LaunchManager.java:220)
	at org.eclipse.core.runtime.SafeRunner.run(SafeRunner.java:47)
	at org.eclipse.debug.internal.core.LaunchManager$ConfigurationNotifier.notify(LaunchManager.java:204)
	at org.eclipse.debug.internal.core.LaunchConfigurationWorkingCopy.setDirty(LaunchConfigurationWorkingCopy.java:527)
	at org.eclipse.debug.internal.core.LaunchConfigurationWorkingCopy.setAttribute(LaunchConfigurationWorkingCopy.java:415)
	at org.eclipse.m2e.jdt.internal.launch.MavenRuntimeClasspathProvider.disable(MavenRuntimeClasspathProvider.java:409)
	at org.eclipse.m2e.jdt.internal.launch.MavenRuntimeClasspathProvider.disable(MavenRuntimeClasspathProvider.java:435)
	at org.eclipse.m2e.jdt.internal.launch.MavenLaunchConfigurationListener.mavenProjectChanged(MavenLaunchConfigurationListener.java:137)
	at org.eclipse.m2e.core.internal.project.registry.ProjectRegistryManager.notifyProjectChangeListeners(ProjectRegistryManager.java:892)
	at org.eclipse.m2e.core.internal.project.registry.ProjectRegistryManager.applyMutableProjectRegistry(ProjectRegistryManager.java:1042)
	at org.eclipse.m2e.core.internal.project.registry.ProjectRegistryRefreshJob.lambda$0(ProjectRegistryRefreshJob.java:162)
	at org.eclipse.m2e.core.internal.embedder.MavenExecutionContext.executeBare(MavenExecutionContext.java:458)
	at org.eclipse.m2e.core.internal.embedder.MavenExecutionContext.execute(MavenExecutionContext.java:339)
	at org.eclipse.m2e.core.internal.embedder.MavenExecutionContext.execute(MavenExecutionContext.java:278)
	at org.eclipse.m2e.core.internal.project.registry.ProjectRegistryRefreshJob.run(ProjectRegistryRefreshJob.java:106)
	at org.eclipse.core.internal.jobs.Worker.run(Worker.java:63)
2025-12-05 09:38:06,721 [Worker-24: Updating Maven Dependencies] ERROR o.e.m.j.i.l.MavenLaunchConfigurationListener - Launch configuration App references non-existing project tax.
org.eclipse.core.runtime.CoreException: Launch configuration App references non-existing project tax.
	at org.eclipse.jdt.launching.JavaRuntime.abort(JavaRuntime.java:1870)
	at org.eclipse.jdt.launching.JavaRuntime.getJavaProject(JavaRuntime.java:1747)
	at org.eclipse.m2e.jdt.internal.launch.MavenLaunchConfigurationListener.updateLaunchConfiguration(MavenLaunchConfigurationListener.java:66)
	at org.eclipse.m2e.jdt.internal.launch.MavenLaunchConfigurationListener.launchConfigurationChanged(MavenLaunchConfigurationListener.java:52)
	at org.eclipse.debug.internal.core.LaunchManager$ConfigurationNotifier.run(LaunchManager.java:220)
	at org.eclipse.core.runtime.SafeRunner.run(SafeRunner.java:47)
	at org.eclipse.debug.internal.core.LaunchManager$ConfigurationNotifier.notify(LaunchManager.java:204)
	at org.eclipse.debug.internal.core.LaunchConfigurationWorkingCopy.setDirty(LaunchConfigurationWorkingCopy.java:527)
	at org.eclipse.debug.internal.core.LaunchConfigurationWorkingCopy.setAttribute(LaunchConfigurationWorkingCopy.java:415)
	at org.eclipse.m2e.jdt.internal.launch.MavenRuntimeClasspathProvider.disable(MavenRuntimeClasspathProvider.java:410)
	at org.eclipse.m2e.jdt.internal.launch.MavenRuntimeClasspathProvider.disable(MavenRuntimeClasspathProvider.java:435)
	at org.eclipse.m2e.jdt.internal.launch.MavenLaunchConfigurationListener.mavenProjectChanged(MavenLaunchConfigurationListener.java:137)
	at org.eclipse.m2e.core.internal.project.registry.ProjectRegistryManager.notifyProjectChangeListeners(ProjectRegistryManager.java:892)
	at org.eclipse.m2e.core.internal.project.registry.ProjectRegistryManager.applyMutableProjectRegistry(ProjectRegistryManager.java:1042)
	at org.eclipse.m2e.core.internal.project.registry.ProjectRegistryRefreshJob.lambda$0(ProjectRegistryRefreshJob.java:162)
	at org.eclipse.m2e.core.internal.embedder.MavenExecutionContext.executeBare(MavenExecutionContext.java:458)
	at org.eclipse.m2e.core.internal.embedder.MavenExecutionContext.execute(MavenExecutionContext.java:339)
	at org.eclipse.m2e.core.internal.embedder.MavenExecutionContext.execute(MavenExecutionContext.java:278)
	at org.eclipse.m2e.core.internal.project.registry.ProjectRegistryRefreshJob.run(ProjectRegistryRefreshJob.java:106)
	at org.eclipse.core.internal.jobs.Worker.run(Worker.java:63)
2025-12-05 09:38:06,726 [Worker-24: Updating Maven Dependencies] ERROR o.e.m.j.i.l.MavenLaunchConfigurationListener - Launch configuration App references non-existing project tax.
org.eclipse.core.runtime.CoreException: Launch configuration App references non-existing project tax.
	at org.eclipse.jdt.launching.JavaRuntime.abort(JavaRuntime.java:1870)
	at org.eclipse.jdt.launching.JavaRuntime.getJavaProject(JavaRuntime.java:1747)
	at org.eclipse.m2e.jdt.internal.launch.MavenLaunchConfigurationListener.updateLaunchConfiguration(MavenLaunchConfigurationListener.java:66)
	at org.eclipse.m2e.jdt.internal.launch.MavenLaunchConfigurationListener.launchConfigurationChanged(MavenLaunchConfigurationListener.java:52)
	at org.eclipse.debug.internal.core.LaunchManager$ConfigurationNotifier.run(LaunchManager.java:220)
	at org.eclipse.core.runtime.SafeRunner.run(SafeRunner.java:47)
	at org.eclipse.debug.internal.core.LaunchManager$ConfigurationNotifier.notify(LaunchManager.java:204)
	at org.eclipse.debug.internal.core.LaunchManager.launchConfigurationChanged(LaunchManager.java:2010)
	at org.eclipse.debug.internal.core.LaunchConfigurationWorkingCopy.writeNewFile(LaunchConfigurationWorkingCopy.java:380)
	at org.eclipse.debug.internal.core.LaunchConfigurationWorkingCopy.doSave0(LaunchConfigurationWorkingCopy.java:259)
	at org.eclipse.debug.internal.core.LaunchConfigurationWorkingCopy.doSave(LaunchConfigurationWorkingCopy.java:229)
	at org.eclipse.debug.internal.core.LaunchConfigurationWorkingCopy.doSave(LaunchConfigurationWorkingCopy.java:187)
	at org.eclipse.m2e.jdt.internal.launch.MavenRuntimeClasspathProvider.disable(MavenRuntimeClasspathProvider.java:411)
	at org.eclipse.m2e.jdt.internal.launch.MavenRuntimeClasspathProvider.disable(MavenRuntimeClasspathProvider.java:435)
	at org.eclipse.m2e.jdt.internal.launch.MavenLaunchConfigurationListener.mavenProjectChanged(MavenLaunchConfigurationListener.java:137)
	at org.eclipse.m2e.core.internal.project.registry.ProjectRegistryManager.notifyProjectChangeListeners(ProjectRegistryManager.java:892)
	at org.eclipse.m2e.core.internal.project.registry.ProjectRegistryManager.applyMutableProjectRegistry(ProjectRegistryManager.java:1042)
	at org.eclipse.m2e.core.internal.project.registry.ProjectRegistryRefreshJob.lambda$0(ProjectRegistryRefreshJob.java:162)
	at org.eclipse.m2e.core.internal.embedder.MavenExecutionContext.executeBare(MavenExecutionContext.java:458)
	at org.eclipse.m2e.core.internal.embedder.MavenExecutionContext.execute(MavenExecutionContext.java:339)
	at org.eclipse.m2e.core.internal.embedder.MavenExecutionContext.execute(MavenExecutionContext.java:278)
	at org.eclipse.m2e.core.internal.project.registry.ProjectRegistryRefreshJob.run(ProjectRegistryRefreshJob.java:106)
	at org.eclipse.core.internal.jobs.Worker.run(Worker.java:63)
2025-12-05 09:38:06,727 [Worker-24: Updating Maven Dependencies] ERROR o.e.m.j.i.l.MavenLaunchConfigurationListener - Launch configuration Main references non-existing project tax.
org.eclipse.core.runtime.CoreException: Launch configuration Main references non-existing project tax.
	at org.eclipse.jdt.launching.JavaRuntime.abort(JavaRuntime.java:1870)
	at org.eclipse.jdt.launching.JavaRuntime.getJavaProject(JavaRuntime.java:1747)
	at org.eclipse.m2e.jdt.internal.launch.MavenLaunchConfigurationListener.updateLaunchConfiguration(MavenLaunchConfigurationListener.java:66)
	at org.eclipse.m2e.jdt.internal.launch.MavenLaunchConfigurationListener.launchConfigurationChanged(MavenLaunchConfigurationListener.java:52)
	at org.eclipse.debug.internal.core.LaunchManager$ConfigurationNotifier.run(LaunchManager.java:220)
	at org.eclipse.core.runtime.SafeRunner.run(SafeRunner.java:47)
	at org.eclipse.debug.internal.core.LaunchManager$ConfigurationNotifier.notify(LaunchManager.java:204)
	at org.eclipse.debug.internal.core.LaunchConfigurationWorkingCopy.setDirty(LaunchConfigurationWorkingCopy.java:527)
	at org.eclipse.debug.internal.core.LaunchConfigurationWorkingCopy.setAttribute(LaunchConfigurationWorkingCopy.java:415)
	at org.eclipse.m2e.jdt.internal.launch.MavenRuntimeClasspathProvider.disable(MavenRuntimeClasspathProvider.java:409)
	at org.eclipse.m2e.jdt.internal.launch.MavenRuntimeClasspathProvider.disable(MavenRuntimeClasspathProvider.java:435)
	at org.eclipse.m2e.jdt.internal.launch.MavenLaunchConfigurationListener.mavenProjectChanged(MavenLaunchConfigurationListener.java:137)
	at org.eclipse.m2e.core.internal.project.registry.ProjectRegistryManager.notifyProjectChangeListeners(ProjectRegistryManager.java:892)
	at org.eclipse.m2e.core.internal.project.registry.ProjectRegistryManager.applyMutableProjectRegistry(ProjectRegistryManager.java:1042)
	at org.eclipse.m2e.core.internal.project.registry.ProjectRegistryRefreshJob.lambda$0(ProjectRegistryRefreshJob.java:162)
	at org.eclipse.m2e.core.internal.embedder.MavenExecutionContext.executeBare(MavenExecutionContext.java:458)
	at org.eclipse.m2e.core.internal.embedder.MavenExecutionContext.execute(MavenExecutionContext.java:339)
	at org.eclipse.m2e.core.internal.embedder.MavenExecutionContext.execute(MavenExecutionContext.java:278)
	at org.eclipse.m2e.core.internal.project.registry.ProjectRegistryRefreshJob.run(ProjectRegistryRefreshJob.java:106)
	at org.eclipse.core.internal.jobs.Worker.run(Worker.java:63)
2025-12-05 09:38:06,728 [Worker-24: Updating Maven Dependencies] ERROR o.e.m.j.i.l.MavenLaunchConfigurationListener - Launch configuration Main references non-existing project tax.
org.eclipse.core.runtime.CoreException: Launch configuration Main references non-existing project tax.
	at org.eclipse.jdt.launching.JavaRuntime.abort(JavaRuntime.java:1870)
	at org.eclipse.jdt.launching.JavaRuntime.getJavaProject(JavaRuntime.java:1747)
	at org.eclipse.m2e.jdt.internal.launch.MavenLaunchConfigurationListener.updateLaunchConfiguration(MavenLaunchConfigurationListener.java:66)
	at org.eclipse.m2e.jdt.internal.launch.MavenLaunchConfigurationListener.launchConfigurationChanged(MavenLaunchConfigurationListener.java:52)
	at org.eclipse.debug.internal.core.LaunchManager$ConfigurationNotifier.run(LaunchManager.java:220)
	at org.eclipse.core.runtime.SafeRunner.run(SafeRunner.java:47)
	at org.eclipse.debug.internal.core.LaunchManager$ConfigurationNotifier.notify(LaunchManager.java:204)
	at org.eclipse.debug.internal.core.LaunchConfigurationWorkingCopy.setDirty(LaunchConfigurationWorkingCopy.java:527)
	at org.eclipse.debug.internal.core.LaunchConfigurationWorkingCopy.setAttribute(LaunchConfigurationWorkingCopy.java:415)
	at org.eclipse.m2e.jdt.internal.launch.MavenRuntimeClasspathProvider.disable(MavenRuntimeClasspathProvider.java:410)
	at org.eclipse.m2e.jdt.internal.launch.MavenRuntimeClasspathProvider.disable(MavenRuntimeClasspathProvider.java:435)
	at org.eclipse.m2e.jdt.internal.launch.MavenLaunchConfigurationListener.mavenProjectChanged(MavenLaunchConfigurationListener.java:137)
	at org.eclipse.m2e.core.internal.project.registry.ProjectRegistryManager.notifyProjectChangeListeners(ProjectRegistryManager.java:892)
	at org.eclipse.m2e.core.internal.project.registry.ProjectRegistryManager.applyMutableProjectRegistry(ProjectRegistryManager.java:1042)
	at org.eclipse.m2e.core.internal.project.registry.ProjectRegistryRefreshJob.lambda$0(ProjectRegistryRefreshJob.java:162)
	at org.eclipse.m2e.core.internal.embedder.MavenExecutionContext.executeBare(MavenExecutionContext.java:458)
	at org.eclipse.m2e.core.internal.embedder.MavenExecutionContext.execute(MavenExecutionContext.java:339)
	at org.eclipse.m2e.core.internal.embedder.MavenExecutionContext.execute(MavenExecutionContext.java:278)
	at org.eclipse.m2e.core.internal.project.registry.ProjectRegistryRefreshJob.run(ProjectRegistryRefreshJob.java:106)
	at org.eclipse.core.internal.jobs.Worker.run(Worker.java:63)
2025-12-05 09:38:06,733 [Worker-24: Updating Maven Dependencies] ERROR o.e.m.j.i.l.MavenLaunchConfigurationListener - Launch configuration Main references non-existing project tax.
org.eclipse.core.runtime.CoreException: Launch configuration Main references non-existing project tax.
	at org.eclipse.jdt.launching.JavaRuntime.abort(JavaRuntime.java:1870)
	at org.eclipse.jdt.launching.JavaRuntime.getJavaProject(JavaRuntime.java:1747)
	at org.eclipse.m2e.jdt.internal.launch.MavenLaunchConfigurationListener.updateLaunchConfiguration(MavenLaunchConfigurationListener.java:66)
	at org.eclipse.m2e.jdt.internal.launch.MavenLaunchConfigurationListener.launchConfigurationChanged(MavenLaunchConfigurationListener.java:52)
	at org.eclipse.debug.internal.core.LaunchManager$ConfigurationNotifier.run(LaunchManager.java:220)
	at org.eclipse.core.runtime.SafeRunner.run(SafeRunner.java:47)
	at org.eclipse.debug.internal.core.LaunchManager$ConfigurationNotifier.notify(LaunchManager.java:204)
	at org.eclipse.debug.internal.core.LaunchManager.launchConfigurationChanged(LaunchManager.java:2010)
	at org.eclipse.debug.internal.core.LaunchConfigurationWorkingCopy.writeNewFile(LaunchConfigurationWorkingCopy.java:380)
	at org.eclipse.debug.internal.core.LaunchConfigurationWorkingCopy.doSave0(LaunchConfigurationWorkingCopy.java:259)
	at org.eclipse.debug.internal.core.LaunchConfigurationWorkingCopy.doSave(LaunchConfigurationWorkingCopy.java:229)
	at org.eclipse.debug.internal.core.LaunchConfigurationWorkingCopy.doSave(LaunchConfigurationWorkingCopy.java:187)
	at org.eclipse.m2e.jdt.internal.launch.MavenRuntimeClasspathProvider.disable(MavenRuntimeClasspathProvider.java:411)
	at org.eclipse.m2e.jdt.internal.launch.MavenRuntimeClasspathProvider.disable(MavenRuntimeClasspathProvider.java:435)
	at org.eclipse.m2e.jdt.internal.launch.MavenLaunchConfigurationListener.mavenProjectChanged(MavenLaunchConfigurationListener.java:137)
	at org.eclipse.m2e.core.internal.project.registry.ProjectRegistryManager.notifyProjectChangeListeners(ProjectRegistryManager.java:892)
	at org.eclipse.m2e.core.internal.project.registry.ProjectRegistryManager.applyMutableProjectRegistry(ProjectRegistryManager.java:1042)
	at org.eclipse.m2e.core.internal.project.registry.ProjectRegistryRefreshJob.lambda$0(ProjectRegistryRefreshJob.java:162)
	at org.eclipse.m2e.core.internal.embedder.MavenExecutionContext.executeBare(MavenExecutionContext.java:458)
	at org.eclipse.m2e.core.internal.embedder.MavenExecutionContext.execute(MavenExecutionContext.java:339)
	at org.eclipse.m2e.core.internal.embedder.MavenExecutionContext.execute(MavenExecutionContext.java:278)
	at org.eclipse.m2e.core.internal.project.registry.ProjectRegistryRefreshJob.run(ProjectRegistryRefreshJob.java:106)
	at org.eclipse.core.internal.jobs.Worker.run(Worker.java:63)
2025-12-05 09:38:07,539 [Worker-32: Building] INFO  o.e.m.c.i.l.LifecycleMappingFactory - Using org.eclipse.m2e.jdt.JarLifecycleMapping lifecycle mapping for MavenProject: com.taxproject:tax:0.0.1-SNAPSHOT @ C:\Users\thummaluru.sandhya1\MiniProject\Tax\pom.xml.
2025-12-05 09:38:08,397 [Worker-32: Building] INFO  o.a.m.s.f.DefaultMavenResourcesFiltering - skip non existing resourceDirectory C:\Users\thummaluru.sandhya1\MiniProject\Tax\src\main\resources
2025-12-05 09:38:08,401 [Worker-32: Building] INFO  o.a.m.s.f.DefaultMavenResourcesFiltering - skip non existing resourceDirectory C:\Users\thummaluru.sandhya1\MiniProject\Tax\src\test\resources
2025-12-05 09:38:09,499 [Worker-34: Building] INFO  o.a.m.s.f.DefaultMavenResourcesFiltering - skip non existing resourceDirectory C:\Users\thummaluru.sandhya1\MiniProject\Tax\src\main\resources
2025-12-05 09:38:09,501 [Worker-34: Building] INFO  o.a.m.s.f.DefaultMavenResourcesFiltering - skip non existing resourceDirectory C:\Users\thummaluru.sandhya1\MiniProject\Tax\src\test\resources
2025-12-05 09:38:28,905 [Worker-33: Building] INFO  o.a.m.s.f.DefaultMavenResourcesFiltering - skip non existing resourceDirectory C:\Users\thummaluru.sandhya1\MiniProject\Tax\src\main\resources
2025-12-05 09:38:28,906 [Worker-33: Building] INFO  o.a.m.s.f.DefaultMavenResourcesFiltering - skip non existing resourceDirectory C:\Users\thummaluru.sandhya1\MiniProject\Tax\src\test\resources
2025-12-05 09:39:00,723 [Worker-27: Updating Maven Dependencies] ERROR o.e.m.j.i.l.MavenLaunchConfigurationListener - Launch configuration Main (1) references non-existing project Tax.
org.eclipse.core.runtime.CoreException: Launch configuration Main (1) references non-existing project Tax.
	at org.eclipse.jdt.launching.JavaRuntime.abort(JavaRuntime.java:1870)
	at org.eclipse.jdt.launching.JavaRuntime.getJavaProject(JavaRuntime.java:1747)
	at org.eclipse.m2e.jdt.internal.launch.MavenLaunchConfigurationListener.updateLaunchConfiguration(MavenLaunchConfigurationListener.java:66)
	at org.eclipse.m2e.jdt.internal.launch.MavenLaunchConfigurationListener.launchConfigurationChanged(MavenLaunchConfigurationListener.java:52)
	at org.eclipse.debug.internal.core.LaunchManager$ConfigurationNotifier.run(LaunchManager.java:220)
	at org.eclipse.core.runtime.SafeRunner.run(SafeRunner.java:47)
	at org.eclipse.debug.internal.core.LaunchManager$ConfigurationNotifier.notify(LaunchManager.java:204)
	at org.eclipse.debug.internal.core.LaunchConfigurationWorkingCopy.setDirty(LaunchConfigurationWorkingCopy.java:527)
	at org.eclipse.debug.internal.core.LaunchConfigurationWorkingCopy.setAttribute(LaunchConfigurationWorkingCopy.java:415)
	at org.eclipse.m2e.jdt.internal.launch.MavenRuntimeClasspathProvider.disable(MavenRuntimeClasspathProvider.java:409)
	at org.eclipse.m2e.jdt.internal.launch.MavenRuntimeClasspathProvider.disable(MavenRuntimeClasspathProvider.java:435)
	at org.eclipse.m2e.jdt.internal.launch.MavenLaunchConfigurationListener.mavenProjectChanged(MavenLaunchConfigurationListener.java:137)
	at org.eclipse.m2e.core.internal.project.registry.ProjectRegistryManager.notifyProjectChangeListeners(ProjectRegistryManager.java:892)
	at org.eclipse.m2e.core.internal.project.registry.ProjectRegistryManager.applyMutableProjectRegistry(ProjectRegistryManager.java:1042)
	at org.eclipse.m2e.core.internal.project.registry.ProjectRegistryRefreshJob.lambda$0(ProjectRegistryRefreshJob.java:162)
	at org.eclipse.m2e.core.internal.embedder.MavenExecutionContext.executeBare(MavenExecutionContext.java:458)
	at org.eclipse.m2e.core.internal.embedder.MavenExecutionContext.execute(MavenExecutionContext.java:339)
	at org.eclipse.m2e.core.internal.embedder.MavenExecutionContext.execute(MavenExecutionContext.java:278)
	at org.eclipse.m2e.core.internal.project.registry.ProjectRegistryRefreshJob.run(ProjectRegistryRefreshJob.java:106)
	at org.eclipse.core.internal.jobs.Worker.run(Worker.java:63)
2025-12-05 09:39:00,724 [Worker-27: Updating Maven Dependencies] ERROR o.e.m.j.i.l.MavenLaunchConfigurationListener - Launch configuration Main (1) references non-existing project Tax.
org.eclipse.core.runtime.CoreException: Launch configuration Main (1) references non-existing project Tax.
	at org.eclipse.jdt.launching.JavaRuntime.abort(JavaRuntime.java:1870)
	at org.eclipse.jdt.launching.JavaRuntime.getJavaProject(JavaRuntime.java:1747)
	at org.eclipse.m2e.jdt.internal.launch.MavenLaunchConfigurationListener.updateLaunchConfiguration(MavenLaunchConfigurationListener.java:66)
	at org.eclipse.m2e.jdt.internal.launch.MavenLaunchConfigurationListener.launchConfigurationChanged(MavenLaunchConfigurationListener.java:52)
	at org.eclipse.debug.internal.core.LaunchManager$ConfigurationNotifier.run(LaunchManager.java:220)
	at org.eclipse.core.runtime.SafeRunner.run(SafeRunner.java:47)
	at org.eclipse.debug.internal.core.LaunchManager$ConfigurationNotifier.notify(LaunchManager.java:204)
	at org.eclipse.debug.internal.core.LaunchConfigurationWorkingCopy.setDirty(LaunchConfigurationWorkingCopy.java:527)
	at org.eclipse.debug.internal.core.LaunchConfigurationWorkingCopy.setAttribute(LaunchConfigurationWorkingCopy.java:415)
	at org.eclipse.m2e.jdt.internal.launch.MavenRuntimeClasspathProvider.disable(MavenRuntimeClasspathProvider.java:410)
	at org.eclipse.m2e.jdt.internal.launch.MavenRuntimeClasspathProvider.disable(MavenRuntimeClasspathProvider.java:435)
	at org.eclipse.m2e.jdt.internal.launch.MavenLaunchConfigurationListener.mavenProjectChanged(MavenLaunchConfigurationListener.java:137)
	at org.eclipse.m2e.core.internal.project.registry.ProjectRegistryManager.notifyProjectChangeListeners(ProjectRegistryManager.java:892)
	at org.eclipse.m2e.core.internal.project.registry.ProjectRegistryManager.applyMutableProjectRegistry(ProjectRegistryManager.java:1042)
	at org.eclipse.m2e.core.internal.project.registry.ProjectRegistryRefreshJob.lambda$0(ProjectRegistryRefreshJob.java:162)
	at org.eclipse.m2e.core.internal.embedder.MavenExecutionContext.executeBare(MavenExecutionContext.java:458)
	at org.eclipse.m2e.core.internal.embedder.MavenExecutionContext.execute(MavenExecutionContext.java:339)
	at org.eclipse.m2e.core.internal.embedder.MavenExecutionContext.execute(MavenExecutionContext.java:278)
	at org.eclipse.m2e.core.internal.project.registry.ProjectRegistryRefreshJob.run(ProjectRegistryRefreshJob.java:106)
	at org.eclipse.core.internal.jobs.Worker.run(Worker.java:63)
2025-12-05 09:39:00,731 [Worker-27: Updating Maven Dependencies] ERROR o.e.m.j.i.l.MavenLaunchConfigurationListener - Launch configuration Main (1) references non-existing project Tax.
org.eclipse.core.runtime.CoreException: Launch configuration Main (1) references non-existing project Tax.
	at org.eclipse.jdt.launching.JavaRuntime.abort(JavaRuntime.java:1870)
	at org.eclipse.jdt.launching.JavaRuntime.getJavaProject(JavaRuntime.java:1747)
	at org.eclipse.m2e.jdt.internal.launch.MavenLaunchConfigurationListener.updateLaunchConfiguration(MavenLaunchConfigurationListener.java:66)
	at org.eclipse.m2e.jdt.internal.launch.MavenLaunchConfigurationListener.launchConfigurationChanged(MavenLaunchConfigurationListener.java:52)
	at org.eclipse.debug.internal.core.LaunchManager$ConfigurationNotifier.run(LaunchManager.java:220)
	at org.eclipse.core.runtime.SafeRunner.run(SafeRunner.java:47)
	at org.eclipse.debug.internal.core.LaunchManager$ConfigurationNotifier.notify(LaunchManager.java:204)
	at org.eclipse.debug.internal.core.LaunchManager.launchConfigurationChanged(LaunchManager.java:2010)
	at org.eclipse.debug.internal.core.LaunchConfigurationWorkingCopy.writeNewFile(LaunchConfigurationWorkingCopy.java:380)
	at org.eclipse.debug.internal.core.LaunchConfigurationWorkingCopy.doSave0(LaunchConfigurationWorkingCopy.java:259)
	at org.eclipse.debug.internal.core.LaunchConfigurationWorkingCopy.doSave(LaunchConfigurationWorkingCopy.java:229)
	at org.eclipse.debug.internal.core.LaunchConfigurationWorkingCopy.doSave(LaunchConfigurationWorkingCopy.java:187)
	at org.eclipse.m2e.jdt.internal.launch.MavenRuntimeClasspathProvider.disable(MavenRuntimeClasspathProvider.java:411)
	at org.eclipse.m2e.jdt.internal.launch.MavenRuntimeClasspathProvider.disable(MavenRuntimeClasspathProvider.java:435)
	at org.eclipse.m2e.jdt.internal.launch.MavenLaunchConfigurationListener.mavenProjectChanged(MavenLaunchConfigurationListener.java:137)
	at org.eclipse.m2e.core.internal.project.registry.ProjectRegistryManager.notifyProjectChangeListeners(ProjectRegistryManager.java:892)
	at org.eclipse.m2e.core.internal.project.registry.ProjectRegistryManager.applyMutableProjectRegistry(ProjectRegistryManager.java:1042)
	at org.eclipse.m2e.core.internal.project.registry.ProjectRegistryRefreshJob.lambda$0(ProjectRegistryRefreshJob.java:162)
	at org.eclipse.m2e.core.internal.embedder.MavenExecutionContext.executeBare(MavenExecutionContext.java:458)
	at org.eclipse.m2e.core.internal.embedder.MavenExecutionContext.execute(MavenExecutionContext.java:339)
	at org.eclipse.m2e.core.internal.embedder.MavenExecutionContext.execute(MavenExecutionContext.java:278)
	at org.eclipse.m2e.core.internal.project.registry.ProjectRegistryRefreshJob.run(ProjectRegistryRefreshJob.java:106)
	at org.eclipse.core.internal.jobs.Worker.run(Worker.java:63)
2025-12-05 09:39:01,145 [Worker-33: Building] INFO  o.e.m.c.i.l.LifecycleMappingFactory - Using org.eclipse.m2e.jdt.JarLifecycleMapping lifecycle mapping for MavenProject: com.taxproject:tax:0.0.1-SNAPSHOT @ C:\Users\thummaluru.sandhya1\MiniProject\tax\pom.xml.
2025-12-05 09:39:01,589 [Worker-33: Building] INFO  o.a.m.s.f.DefaultMavenResourcesFiltering - skip non existing resourceDirectory C:\Users\thummaluru.sandhya1\MiniProject\tax\src\main\resources
2025-12-05 09:39:01,592 [Worker-33: Building] INFO  o.a.m.s.f.DefaultMavenResourcesFiltering - skip non existing resourceDirectory C:\Users\thummaluru.sandhya1\MiniProject\tax\src\test\resources
2025-12-05 09:39:02,687 [Worker-35: Building] INFO  o.a.m.s.f.DefaultMavenResourcesFiltering - skip non existing resourceDirectory C:\Users\thummaluru.sandhya1\MiniProject\tax\src\main\resources
2025-12-05 09:39:02,689 [Worker-35: Building] INFO  o.a.m.s.f.DefaultMavenResourcesFiltering - skip non existing resourceDirectory C:\Users\thummaluru.sandhya1\MiniProject\tax\src\test\resources
2025-12-05 09:39:06,840 [Worker-30: Building] INFO  o.a.m.s.f.DefaultMavenResourcesFiltering - skip non existing resourceDirectory C:\Users\thummaluru.sandhya1\MiniProject\tax\src\main\resources
2025-12-05 09:39:06,842 [Worker-30: Building] INFO  o.a.m.s.f.DefaultMavenResourcesFiltering - skip non existing resourceDirectory C:\Users\thummaluru.sandhya1\MiniProject\tax\src\test\resources
2025-12-05 16:36:31,942 [Worker-35: Building] INFO  o.a.m.s.f.DefaultMavenResourcesFiltering - skip non existing resourceDirectory C:\Users\thummaluru.sandhya1\MiniProject\tax\src\main\resources
2025-12-05 16:36:31,948 [Worker-35: Building] INFO  o.a.m.s.f.DefaultMavenResourcesFiltering - skip non existing resourceDirectory C:\Users\thummaluru.sandhya1\MiniProject\tax\src\test\resources
2025-12-08 18:08:10,894 [Worker-3: Loading available Gradle versions] INFO  o.e.b.c.i.u.g.PublishedGradleVersions - Gradle version information cache is out-of-date. Trying to update.
2025-12-08 18:09:26,779 [Worker-8: Retrieving archetypes:] WARN  o.a.h.c.p.ResponseProcessCookies - Invalid cookie header: "Set-Cookie: nspatoken=23d4b7e3b2d38c07fffcc75b34a07dbcbcc38b891768bed7d50dd5d10445630c; Expires=Tue, 09 Dec 2025 03:18:49 GMT;SameSite=None;Secure;domain=.maven.org;path=/;". Invalid 'expires' attribute: Tue, 09 Dec 2025 03:18:49 GMT
2025-12-08 18:09:26,792 [Worker-5: Retrieving archetypes:] WARN  o.a.h.c.p.ResponseProcessCookies - Invalid cookie header: "Set-Cookie: nspatoken=23d4b7e3b2d38c07fffcc75b34a07dbcbcc38b891768bed7d50dd5d10445630c; Expires=Tue, 09 Dec 2025 03:18:49 GMT;SameSite=None;Secure;domain=.maven.org;path=/;". Invalid 'expires' attribute: Tue, 09 Dec 2025 03:18:49 GMT
2025-12-08 18:10:23,183 [Worker-0: Launching mavenrun-7964a66a-feb2-4009-8a3f-9486223c26bb] INFO  o.eclipse.m2e.core.internal.Bundles - getClasspathEntries(Bundle=org.eclipse.m2e.maven.runtime_3.9.900.20250220-2013 [638])
2025-12-08 18:10:23,185 [Worker-0: Launching mavenrun-7964a66a-feb2-4009-8a3f-9486223c26bb] INFO  o.eclipse.m2e.core.internal.Bundles - 	Entry: C:\Program Files\eclipse\plugins\org.eclipse.m2e.maven.runtime_3.9.900.20250220-2013
2025-12-08 18:10:23,185 [Worker-0: Launching mavenrun-7964a66a-feb2-4009-8a3f-9486223c26bb] INFO  o.eclipse.m2e.core.internal.Bundles - 	Entry: C:\Program Files\eclipse\plugins\org.eclipse.m2e.maven.runtime_3.9.900.20250220-2013\jars\aopalliance-1.0.jar
2025-12-08 18:10:23,186 [Worker-0: Launching mavenrun-7964a66a-feb2-4009-8a3f-9486223c26bb] INFO  o.eclipse.m2e.core.internal.Bundles - 	Entry: C:\Program Files\eclipse\plugins\org.eclipse.m2e.maven.runtime_3.9.900.20250220-2013\jars\guice-5.1.0.jar
2025-12-08 18:10:23,186 [Worker-0: Launching mavenrun-7964a66a-feb2-4009-8a3f-9486223c26bb] INFO  o.eclipse.m2e.core.internal.Bundles - 	Entry: C:\Program Files\eclipse\plugins\org.eclipse.m2e.maven.runtime_3.9.900.20250220-2013\jars\httpclient-4.5.14.jar
2025-12-08 18:10:23,186 [Worker-0: Launching mavenrun-7964a66a-feb2-4009-8a3f-9486223c26bb] INFO  o.eclipse.m2e.core.internal.Bundles - 	Entry: C:\Program Files\eclipse\plugins\org.eclipse.m2e.maven.runtime_3.9.900.20250220-2013\jars\httpcore-4.4.16.jar
2025-12-08 18:10:23,186 [Worker-0: Launching mavenrun-7964a66a-feb2-4009-8a3f-9486223c26bb] INFO  o.eclipse.m2e.core.internal.Bundles - 	Entry: C:\Program Files\eclipse\plugins\org.eclipse.m2e.maven.runtime_3.9.900.20250220-2013\jars\jansi-2.4.1.jar
2025-12-08 18:10:23,187 [Worker-0: Launching mavenrun-7964a66a-feb2-4009-8a3f-9486223c26bb] INFO  o.eclipse.m2e.core.internal.Bundles - 	Entry: C:\Program Files\eclipse\plugins\org.eclipse.m2e.maven.runtime_3.9.900.20250220-2013\jars\jcl-over-slf4j-1.7.36.jar
2025-12-08 18:10:23,187 [Worker-0: Launching mavenrun-7964a66a-feb2-4009-8a3f-9486223c26bb] INFO  o.eclipse.m2e.core.internal.Bundles - 	Entry: C:\Program Files\eclipse\plugins\org.eclipse.m2e.maven.runtime_3.9.900.20250220-2013\jars\maven-artifact-3.9.9.jar
2025-12-08 18:10:23,187 [Worker-0: Launching mavenrun-7964a66a-feb2-4009-8a3f-9486223c26bb] INFO  o.eclipse.m2e.core.internal.Bundles - 	Entry: C:\Program Files\eclipse\plugins\org.eclipse.m2e.maven.runtime_3.9.900.20250220-2013\jars\maven-builder-support-3.9.9.jar
2025-12-08 18:10:23,188 [Worker-0: Launching mavenrun-7964a66a-feb2-4009-8a3f-9486223c26bb] INFO  o.eclipse.m2e.core.internal.Bundles - 	Entry: C:\Program Files\eclipse\plugins\org.eclipse.m2e.maven.runtime_3.9.900.20250220-2013\jars\maven-compat-3.9.9.jar
2025-12-08 18:10:23,188 [Worker-0: Launching mavenrun-7964a66a-feb2-4009-8a3f-9486223c26bb] INFO  o.eclipse.m2e.core.internal.Bundles - 	Entry: C:\Program Files\eclipse\plugins\org.eclipse.m2e.maven.runtime_3.9.900.20250220-2013\jars\maven-core-3.9.9.jar
2025-12-08 18:10:23,188 [Worker-0: Launching mavenrun-7964a66a-feb2-4009-8a3f-9486223c26bb] INFO  o.eclipse.m2e.core.internal.Bundles - 	Entry: C:\Program Files\eclipse\plugins\org.eclipse.m2e.maven.runtime_3.9.900.20250220-2013\jars\maven-embedder-3.9.9.jar
2025-12-08 18:10:23,189 [Worker-0: Launching mavenrun-7964a66a-feb2-4009-8a3f-9486223c26bb] INFO  o.eclipse.m2e.core.internal.Bundles - 	Entry: C:\Program Files\eclipse\plugins\org.eclipse.m2e.maven.runtime_3.9.900.20250220-2013\jars\maven-model-3.9.9.jar
2025-12-08 18:10:23,189 [Worker-0: Launching mavenrun-7964a66a-feb2-4009-8a3f-9486223c26bb] INFO  o.eclipse.m2e.core.internal.Bundles - 	Entry: C:\Program Files\eclipse\plugins\org.eclipse.m2e.maven.runtime_3.9.900.20250220-2013\jars\maven-model-builder-3.9.9.jar
2025-12-08 18:10:23,189 [Worker-0: Launching mavenrun-7964a66a-feb2-4009-8a3f-9486223c26bb] INFO  o.eclipse.m2e.core.internal.Bundles - 	Entry: C:\Program Files\eclipse\plugins\org.eclipse.m2e.maven.runtime_3.9.900.20250220-2013\jars\maven-plugin-api-3.9.9.jar
2025-12-08 18:10:23,190 [Worker-0: Launching mavenrun-7964a66a-feb2-4009-8a3f-9486223c26bb] INFO  o.eclipse.m2e.core.internal.Bundles - 	Entry: C:\Program Files\eclipse\plugins\org.eclipse.m2e.maven.runtime_3.9.900.20250220-2013\jars\maven-repository-metadata-3.9.9.jar
2025-12-08 18:10:23,190 [Worker-0: Launching mavenrun-7964a66a-feb2-4009-8a3f-9486223c26bb] INFO  o.eclipse.m2e.core.internal.Bundles - 	Entry: C:\Program Files\eclipse\plugins\org.eclipse.m2e.maven.runtime_3.9.900.20250220-2013\jars\maven-resolver-api-1.9.22.jar
2025-12-08 18:10:23,190 [Worker-0: Launching mavenrun-7964a66a-feb2-4009-8a3f-9486223c26bb] INFO  o.eclipse.m2e.core.internal.Bundles - 	Entry: C:\Program Files\eclipse\plugins\org.eclipse.m2e.maven.runtime_3.9.900.20250220-2013\jars\maven-resolver-connector-basic-1.9.22.jar
2025-12-08 18:10:23,191 [Worker-0: Launching mavenrun-7964a66a-feb2-4009-8a3f-9486223c26bb] INFO  o.eclipse.m2e.core.internal.Bundles - 	Entry: C:\Program Files\eclipse\plugins\org.eclipse.m2e.maven.runtime_3.9.900.20250220-2013\jars\maven-resolver-impl-1.9.22.jar
2025-12-08 18:10:23,191 [Worker-0: Launching mavenrun-7964a66a-feb2-4009-8a3f-9486223c26bb] INFO  o.eclipse.m2e.core.internal.Bundles - 	Entry: C:\Program Files\eclipse\plugins\org.eclipse.m2e.maven.runtime_3.9.900.20250220-2013\jars\maven-resolver-named-locks-1.9.22.jar
2025-12-08 18:10:23,191 [Worker-0: Launching mavenrun-7964a66a-feb2-4009-8a3f-9486223c26bb] INFO  o.eclipse.m2e.core.internal.Bundles - 	Entry: C:\Program Files\eclipse\plugins\org.eclipse.m2e.maven.runtime_3.9.900.20250220-2013\jars\maven-resolver-provider-3.9.9.jar
2025-12-08 18:10:23,192 [Worker-0: Launching mavenrun-7964a66a-feb2-4009-8a3f-9486223c26bb] INFO  o.eclipse.m2e.core.internal.Bundles - 	Entry: C:\Program Files\eclipse\plugins\org.eclipse.m2e.maven.runtime_3.9.900.20250220-2013\jars\maven-resolver-spi-1.9.22.jar
2025-12-08 18:10:23,192 [Worker-0: Launching mavenrun-7964a66a-feb2-4009-8a3f-9486223c26bb] INFO  o.eclipse.m2e.core.internal.Bundles - 	Entry: C:\Program Files\eclipse\plugins\org.eclipse.m2e.maven.runtime_3.9.900.20250220-2013\jars\maven-resolver-transport-file-1.9.22.jar
2025-12-08 18:10:23,192 [Worker-0: Launching mavenrun-7964a66a-feb2-4009-8a3f-9486223c26bb] INFO  o.eclipse.m2e.core.internal.Bundles - 	Entry: C:\Program Files\eclipse\plugins\org.eclipse.m2e.maven.runtime_3.9.900.20250220-2013\jars\maven-resolver-transport-http-1.9.22.jar
2025-12-08 18:10:23,192 [Worker-0: Launching mavenrun-7964a66a-feb2-4009-8a3f-9486223c26bb] INFO  o.eclipse.m2e.core.internal.Bundles - 	Entry: C:\Program Files\eclipse\plugins\org.eclipse.m2e.maven.runtime_3.9.900.20250220-2013\jars\maven-resolver-transport-wagon-1.9.22.jar
2025-12-08 18:10:23,192 [Worker-0: Launching mavenrun-7964a66a-feb2-4009-8a3f-9486223c26bb] INFO  o.eclipse.m2e.core.internal.Bundles - 	Entry: C:\Program Files\eclipse\plugins\org.eclipse.m2e.maven.runtime_3.9.900.20250220-2013\jars\maven-resolver-util-1.9.22.jar
2025-12-08 18:10:23,192 [Worker-0: Launching mavenrun-7964a66a-feb2-4009-8a3f-9486223c26bb] INFO  o.eclipse.m2e.core.internal.Bundles - 	Entry: C:\Program Files\eclipse\plugins\org.eclipse.m2e.maven.runtime_3.9.900.20250220-2013\jars\maven-settings-3.9.9.jar
2025-12-08 18:10:23,194 [Worker-0: Launching mavenrun-7964a66a-feb2-4009-8a3f-9486223c26bb] INFO  o.eclipse.m2e.core.internal.Bundles - 	Entry: C:\Program Files\eclipse\plugins\org.eclipse.m2e.maven.runtime_3.9.900.20250220-2013\jars\maven-settings-builder-3.9.9.jar
2025-12-08 18:10:23,194 [Worker-0: Launching mavenrun-7964a66a-feb2-4009-8a3f-9486223c26bb] INFO  o.eclipse.m2e.core.internal.Bundles - 	Entry: C:\Program Files\eclipse\plugins\org.eclipse.m2e.maven.runtime_3.9.900.20250220-2013\jars\maven-shared-utils-3.4.2.jar
2025-12-08 18:10:23,194 [Worker-0: Launching mavenrun-7964a66a-feb2-4009-8a3f-9486223c26bb] INFO  o.eclipse.m2e.core.internal.Bundles - 	Entry: C:\Program Files\eclipse\plugins\org.eclipse.m2e.maven.runtime_3.9.900.20250220-2013\jars\org.eclipse.sisu.inject-0.9.0.M3.jar
2025-12-08 18:10:23,195 [Worker-0: Launching mavenrun-7964a66a-feb2-4009-8a3f-9486223c26bb] INFO  o.eclipse.m2e.core.internal.Bundles - 	Entry: C:\Program Files\eclipse\plugins\org.eclipse.m2e.maven.runtime_3.9.900.20250220-2013\jars\org.eclipse.sisu.plexus-0.9.0.M3.jar
2025-12-08 18:10:23,195 [Worker-0: Launching mavenrun-7964a66a-feb2-4009-8a3f-9486223c26bb] INFO  o.eclipse.m2e.core.internal.Bundles - 	Entry: C:\Program Files\eclipse\plugins\org.eclipse.m2e.maven.runtime_3.9.900.20250220-2013\jars\plexus-build-api-0.0.7.jar
2025-12-08 18:10:23,195 [Worker-0: Launching mavenrun-7964a66a-feb2-4009-8a3f-9486223c26bb] INFO  o.eclipse.m2e.core.internal.Bundles - 	Entry: C:\Program Files\eclipse\plugins\org.eclipse.m2e.maven.runtime_3.9.900.20250220-2013\jars\plexus-build-api-1.2.0.jar
2025-12-08 18:10:23,195 [Worker-0: Launching mavenrun-7964a66a-feb2-4009-8a3f-9486223c26bb] INFO  o.eclipse.m2e.core.internal.Bundles - 	Entry: C:\Program Files\eclipse\plugins\org.eclipse.m2e.maven.runtime_3.9.900.20250220-2013\jars\plexus-cipher-2.0.jar
2025-12-08 18:10:23,196 [Worker-0: Launching mavenrun-7964a66a-feb2-4009-8a3f-9486223c26bb] INFO  o.eclipse.m2e.core.internal.Bundles - 	Entry: C:\Program Files\eclipse\plugins\org.eclipse.m2e.maven.runtime_3.9.900.20250220-2013\jars\plexus-classworlds-2.8.0.jar
2025-12-08 18:10:23,196 [Worker-0: Launching mavenrun-7964a66a-feb2-4009-8a3f-9486223c26bb] INFO  o.eclipse.m2e.core.internal.Bundles - 	Entry: C:\Program Files\eclipse\plugins\org.eclipse.m2e.maven.runtime_3.9.900.20250220-2013\jars\plexus-component-annotations-2.1.0.jar
2025-12-08 18:10:23,196 [Worker-0: Launching mavenrun-7964a66a-feb2-4009-8a3f-9486223c26bb] INFO  o.eclipse.m2e.core.internal.Bundles - 	Entry: C:\Program Files\eclipse\plugins\org.eclipse.m2e.maven.runtime_3.9.900.20250220-2013\jars\plexus-interpolation-1.27.jar
2025-12-08 18:10:23,196 [Worker-0: Launching mavenrun-7964a66a-feb2-4009-8a3f-9486223c26bb] INFO  o.eclipse.m2e.core.internal.Bundles - 	Entry: C:\Program Files\eclipse\plugins\org.eclipse.m2e.maven.runtime_3.9.900.20250220-2013\jars\plexus-sec-dispatcher-2.0.jar
2025-12-08 18:10:23,197 [Worker-0: Launching mavenrun-7964a66a-feb2-4009-8a3f-9486223c26bb] INFO  o.eclipse.m2e.core.internal.Bundles - 	Entry: C:\Program Files\eclipse\plugins\org.eclipse.m2e.maven.runtime_3.9.900.20250220-2013\jars\plexus-utils-3.5.1.jar
2025-12-08 18:10:23,197 [Worker-0: Launching mavenrun-7964a66a-feb2-4009-8a3f-9486223c26bb] INFO  o.eclipse.m2e.core.internal.Bundles - 	Entry: C:\Program Files\eclipse\plugins\org.eclipse.m2e.maven.runtime_3.9.900.20250220-2013\jars\plexus-xml-3.0.1.jar
2025-12-08 18:10:23,197 [Worker-0: Launching mavenrun-7964a66a-feb2-4009-8a3f-9486223c26bb] INFO  o.eclipse.m2e.core.internal.Bundles - 	Entry: C:\Program Files\eclipse\plugins\org.eclipse.m2e.maven.runtime_3.9.900.20250220-2013\jars\wagon-file-3.5.3.jar
2025-12-08 18:10:23,197 [Worker-0: Launching mavenrun-7964a66a-feb2-4009-8a3f-9486223c26bb] INFO  o.eclipse.m2e.core.internal.Bundles - 	Entry: C:\Program Files\eclipse\plugins\org.eclipse.m2e.maven.runtime_3.9.900.20250220-2013\jars\wagon-http-3.5.3.jar
2025-12-08 18:10:23,198 [Worker-0: Launching mavenrun-7964a66a-feb2-4009-8a3f-9486223c26bb] INFO  o.eclipse.m2e.core.internal.Bundles - 	Entry: C:\Program Files\eclipse\plugins\org.eclipse.m2e.maven.runtime_3.9.900.20250220-2013\jars\wagon-http-shared-3.5.3.jar
2025-12-08 18:10:23,198 [Worker-0: Launching mavenrun-7964a66a-feb2-4009-8a3f-9486223c26bb] INFO  o.eclipse.m2e.core.internal.Bundles - 	Entry: C:\Program Files\eclipse\plugins\org.eclipse.m2e.maven.runtime_3.9.900.20250220-2013\jars\wagon-provider-api-3.5.3.jar
2025-12-08 18:10:23,199 [Worker-0: Launching mavenrun-7964a66a-feb2-4009-8a3f-9486223c26bb] INFO  o.eclipse.m2e.core.internal.Bundles - getClasspathEntries(Bundle=com.google.guava_33.4.0.jre [16])
2025-12-08 18:10:23,200 [Worker-0: Launching mavenrun-7964a66a-feb2-4009-8a3f-9486223c26bb] INFO  o.eclipse.m2e.core.internal.Bundles - 	Entry: C:\Program Files\eclipse\plugins\com.google.guava_33.4.0.jre.jar
2025-12-08 18:10:23,200 [Worker-0: Launching mavenrun-7964a66a-feb2-4009-8a3f-9486223c26bb] INFO  o.eclipse.m2e.core.internal.Bundles - getClasspathEntries(Bundle=slf4j.api_2.0.16 [1005])
2025-12-08 18:10:23,200 [Worker-0: Launching mavenrun-7964a66a-feb2-4009-8a3f-9486223c26bb] INFO  o.eclipse.m2e.core.internal.Bundles - 	Entry: C:\Program Files\eclipse\plugins\slf4j.api_2.0.16.jar
2025-12-08 18:10:23,200 [Worker-0: Launching mavenrun-7964a66a-feb2-4009-8a3f-9486223c26bb] INFO  o.eclipse.m2e.core.internal.Bundles - getClasspathEntries(Bundle=jakarta.inject.jakarta.inject-api_1.0.5 [34])
2025-12-08 18:10:23,200 [Worker-0: Launching mavenrun-7964a66a-feb2-4009-8a3f-9486223c26bb] INFO  o.eclipse.m2e.core.internal.Bundles - 	Entry: C:\Program Files\eclipse\plugins\jakarta.inject.jakarta.inject-api_1.0.5.jar
2025-12-08 18:10:23,200 [Worker-0: Launching mavenrun-7964a66a-feb2-4009-8a3f-9486223c26bb] INFO  o.eclipse.m2e.core.internal.Bundles - getClasspathEntries(Bundle=jakarta.annotation-api_1.3.5 [29])
2025-12-08 18:10:23,201 [Worker-0: Launching mavenrun-7964a66a-feb2-4009-8a3f-9486223c26bb] INFO  o.eclipse.m2e.core.internal.Bundles - 	Entry: C:\Program Files\eclipse\plugins\jakarta.annotation-api_1.3.5.jar
2025-12-08 18:10:23,201 [Worker-0: Launching mavenrun-7964a66a-feb2-4009-8a3f-9486223c26bb] INFO  o.eclipse.m2e.core.internal.Bundles - getClasspathEntries(Bundle=org.apache.commons.cli_1.9.0 [74])
2025-12-08 18:10:23,201 [Worker-0: Launching mavenrun-7964a66a-feb2-4009-8a3f-9486223c26bb] INFO  o.eclipse.m2e.core.internal.Bundles - 	Entry: C:\Program Files\eclipse\plugins\org.apache.commons.cli_1.9.0.jar
2025-12-08 18:10:23,201 [Worker-0: Launching mavenrun-7964a66a-feb2-4009-8a3f-9486223c26bb] INFO  o.eclipse.m2e.core.internal.Bundles - getClasspathEntries(Bundle=org.apache.commons.commons-codec_1.16.0 [76])
2025-12-08 18:10:23,202 [Worker-0: Launching mavenrun-7964a66a-feb2-4009-8a3f-9486223c26bb] INFO  o.eclipse.m2e.core.internal.Bundles - 	Entry: C:\Program Files\eclipse\plugins\org.apache.commons.commons-codec_1.16.0.jar
2025-12-08 18:10:23,202 [Worker-0: Launching mavenrun-7964a66a-feb2-4009-8a3f-9486223c26bb] INFO  o.eclipse.m2e.core.internal.Bundles - getClasspathEntries(Bundle=com.google.guava.failureaccess_1.0.2 [17])
2025-12-08 18:10:23,202 [Worker-0: Launching mavenrun-7964a66a-feb2-4009-8a3f-9486223c26bb] INFO  o.eclipse.m2e.core.internal.Bundles - 	Entry: C:\Program Files\eclipse\plugins\com.google.guava.failureaccess_1.0.2.jar
2025-12-08 18:10:23,208 [Worker-0: Launching mavenrun-7964a66a-feb2-4009-8a3f-9486223c26bb] INFO  o.e.m.i.launch.MavenLaunchDelegate - Run build in "C:\Users\THUMMA~1.SAN\AppData\Local\Temp\m2e-archetypeGenerator15553577448361722313":
2025-12-08 18:10:23,210 [Worker-0: Launching mavenrun-7964a66a-feb2-4009-8a3f-9486223c26bb] INFO  o.e.m.i.launch.MavenLaunchDelegate -  mvn  -DarchetypeGroupId=org.apache.maven.archetypes -DarchetypeArtifactId=maven-archetype-webapp -DarchetypeVersion=1.5 -DgroupId=com.model -DartifactId=QuizPortal -Dversion=0.0.1-SNAPSHOT -Dpackage=com.model.QuizPortal -DoutputDirectory=C:\Users\thummaluru.sandhya1\MiniProject -Dstyle.color=always -U archetype:generate
2025-12-08 18:10:30,342 [Worker-7: Creating maven-archetype-webapp] INFO  o.e.m.c.i.p.ProjectConfigurationManager - Collecting project info '/pom.xml' C:\Users\thummaluru.sandhya1\MiniProject\QuizPortal\pom.xml
2025-12-08 18:10:30,930 [Worker-7: Creating maven-archetype-webapp] INFO  o.e.m.c.i.l.LifecycleMappingFactory - Using org.maven.ide.eclipse.wtp.WarLifecycleMapping lifecycle mapping for MavenProject: com.model:QuizPortal:0.0.1-SNAPSHOT @ C:\Users\thummaluru.sandhya1\MiniProject\QuizPortal\pom.xml.
2025-12-08 18:10:32,587 [Worker-7: Creating maven-archetype-webapp] INFO  o.e.m.j.i.AbstractJavaProjectConfigurator - Adding source folder /QuizPortal/src/main/java
2025-12-08 18:10:32,590 [Worker-7: Creating maven-archetype-webapp] INFO  o.e.m.j.i.AbstractJavaProjectConfigurator - Adding resource folder /QuizPortal/src/main/resources
2025-12-08 18:10:32,591 [Worker-7: Creating maven-archetype-webapp] INFO  o.e.m.j.i.AbstractJavaProjectConfigurator - Adding source folder /QuizPortal/src/test/java
2025-12-08 18:10:32,592 [Worker-7: Creating maven-archetype-webapp] INFO  o.e.m.j.i.AbstractJavaProjectConfigurator - Adding resource folder /QuizPortal/src/test/resources
2025-12-08 18:10:33,545 [Worker-7: Creating maven-archetype-webapp] INFO  o.e.m.c.i.p.ProjectConfigurationManager - Imported and configured 1 project(s) in 3 sec
2025-12-08 18:10:34,034 [Worker-21: Building] INFO  o.a.m.s.f.DefaultMavenResourcesFiltering - skip non existing resourceDirectory C:\Users\thummaluru.sandhya1\MiniProject\QuizPortal\src\main\resources
2025-12-08 18:10:34,039 [Worker-21: Building] INFO  o.a.m.s.f.DefaultMavenResourcesFiltering - skip non existing resourceDirectory C:\Users\thummaluru.sandhya1\MiniProject\QuizPortal\src\test\resources
2025-12-08 18:10:34,750 [Worker-21: Building] INFO  o.a.m.s.f.DefaultMavenResourcesFiltering - skip non existing resourceDirectory C:\Users\thummaluru.sandhya1\MiniProject\QuizPortal\src\main\resources
2025-12-08 18:10:34,753 [Worker-21: Building] INFO  o.a.m.s.f.DefaultMavenResourcesFiltering - skip non existing resourceDirectory C:\Users\thummaluru.sandhya1\MiniProject\QuizPortal\src\test\resources
2025-12-08 18:13:43,813 [Worker-20: Building] INFO  o.a.m.s.f.DefaultMavenResourcesFiltering - skip non existing resourceDirectory C:\Users\thummaluru.sandhya1\MiniProject\QuizPortal\src\main\resources
2025-12-08 18:13:43,816 [Worker-20: Building] INFO  o.a.m.s.f.DefaultMavenResourcesFiltering - skip non existing resourceDirectory C:\Users\thummaluru.sandhya1\MiniProject\QuizPortal\src\test\resources
2025-12-08 18:14:13,819 [Worker-20: Building] INFO  o.a.m.s.f.DefaultMavenResourcesFiltering - skip non existing resourceDirectory C:\Users\thummaluru.sandhya1\MiniProject\QuizPortal\src\main\resources
2025-12-08 18:14:13,822 [Worker-20: Building] INFO  o.a.m.s.f.DefaultMavenResourcesFiltering - skip non existing resourceDirectory C:\Users\thummaluru.sandhya1\MiniProject\QuizPortal\src\test\resources
2025-12-08 18:14:26,929 [Worker-7: Building] INFO  o.a.m.s.f.DefaultMavenResourcesFiltering - skip non existing resourceDirectory C:\Users\thummaluru.sandhya1\MiniProject\QuizPortal\src\main\resources
2025-12-08 18:14:26,931 [Worker-7: Building] INFO  o.a.m.s.f.DefaultMavenResourcesFiltering - skip non existing resourceDirectory C:\Users\thummaluru.sandhya1\MiniProject\QuizPortal\src\test\resources
2025-12-08 18:14:38,925 [Worker-20: Building] INFO  o.a.m.s.f.DefaultMavenResourcesFiltering - skip non existing resourceDirectory C:\Users\thummaluru.sandhya1\MiniProject\QuizPortal\src\main\resources
2025-12-08 18:14:38,928 [Worker-20: Building] INFO  o.a.m.s.f.DefaultMavenResourcesFiltering - skip non existing resourceDirectory C:\Users\thummaluru.sandhya1\MiniProject\QuizPortal\src\test\resources
2025-12-08 18:15:15,205 [Worker-21: Building] INFO  o.a.m.s.f.DefaultMavenResourcesFiltering - skip non existing resourceDirectory C:\Users\thummaluru.sandhya1\MiniProject\QuizPortal\src\main\resources
2025-12-08 18:15:15,209 [Worker-21: Building] INFO  o.a.m.s.f.DefaultMavenResourcesFiltering - skip non existing resourceDirectory C:\Users\thummaluru.sandhya1\MiniProject\QuizPortal\src\test\resources
2025-12-08 18:15:22,808 [Worker-20: Building] INFO  o.a.m.s.f.DefaultMavenResourcesFiltering - skip non existing resourceDirectory C:\Users\thummaluru.sandhya1\MiniProject\QuizPortal\src\main\resources
2025-12-08 18:15:22,812 [Worker-20: Building] INFO  o.a.m.s.f.DefaultMavenResourcesFiltering - skip non existing resourceDirectory C:\Users\thummaluru.sandhya1\MiniProject\QuizPortal\src\test\resources
2025-12-08 18:15:49,934 [Worker-22: Building] INFO  o.a.m.s.f.DefaultMavenResourcesFiltering - skip non existing resourceDirectory C:\Users\thummaluru.sandhya1\MiniProject\QuizPortal\src\main\resources
2025-12-08 18:15:49,936 [Worker-22: Building] INFO  o.a.m.s.f.DefaultMavenResourcesFiltering - skip non existing resourceDirectory C:\Users\thummaluru.sandhya1\MiniProject\QuizPortal\src\test\resources
2025-12-08 18:15:56,716 [Worker-7: Building] INFO  o.a.m.s.f.DefaultMavenResourcesFiltering - skip non existing resourceDirectory C:\Users\thummaluru.sandhya1\MiniProject\QuizPortal\src\main\resources
2025-12-08 18:15:56,719 [Worker-7: Building] INFO  o.a.m.s.f.DefaultMavenResourcesFiltering - skip non existing resourceDirectory C:\Users\thummaluru.sandhya1\MiniProject\QuizPortal\src\test\resources
2025-12-08 18:16:28,640 [Worker-21: Building] INFO  o.a.m.s.f.DefaultMavenResourcesFiltering - skip non existing resourceDirectory C:\Users\thummaluru.sandhya1\MiniProject\QuizPortal\src\main\resources
2025-12-08 18:16:28,644 [Worker-21: Building] INFO  o.a.m.s.f.DefaultMavenResourcesFiltering - skip non existing resourceDirectory C:\Users\thummaluru.sandhya1\MiniProject\QuizPortal\src\test\resources
2025-12-08 18:16:40,421 [Worker-20: Building] INFO  o.a.m.s.f.DefaultMavenResourcesFiltering - skip non existing resourceDirectory C:\Users\thummaluru.sandhya1\MiniProject\QuizPortal\src\main\resources
2025-12-08 18:16:40,424 [Worker-20: Building] INFO  o.a.m.s.f.DefaultMavenResourcesFiltering - skip non existing resourceDirectory C:\Users\thummaluru.sandhya1\MiniProject\QuizPortal\src\test\resources
2025-12-08 18:16:44,652 [Worker-7: Building] INFO  o.a.m.s.f.DefaultMavenResourcesFiltering - skip non existing resourceDirectory C:\Users\thummaluru.sandhya1\MiniProject\QuizPortal\src\main\resources
2025-12-08 18:16:44,655 [Worker-7: Building] INFO  o.a.m.s.f.DefaultMavenResourcesFiltering - skip non existing resourceDirectory C:\Users\thummaluru.sandhya1\MiniProject\QuizPortal\src\test\resources
2025-12-09 09:04:10,709 [Worker-4: Loading available Gradle versions] INFO  o.e.b.c.i.u.g.PublishedGradleVersions - Gradle version information cache is up-to-date. Trying to read.
2025-12-09 10:19:18,465 [Worker-35: Building] INFO  o.a.m.s.f.DefaultMavenResourcesFiltering - skip non existing resourceDirectory C:\Users\thummaluru.sandhya1\MiniProject\QuizPortal\src\main\resources
2025-12-09 10:19:18,473 [Worker-35: Building] INFO  o.a.m.s.f.DefaultMavenResourcesFiltering - skip non existing resourceDirectory C:\Users\thummaluru.sandhya1\MiniProject\QuizPortal\src\test\resources
2025-12-09 10:19:47,778 [Worker-37: Building] INFO  o.a.m.s.f.DefaultMavenResourcesFiltering - skip non existing resourceDirectory C:\Users\thummaluru.sandhya1\MiniProject\QuizPortal\src\main\resources
2025-12-09 10:19:47,782 [Worker-37: Building] INFO  o.a.m.s.f.DefaultMavenResourcesFiltering - skip non existing resourceDirectory C:\Users\thummaluru.sandhya1\MiniProject\QuizPortal\src\test\resources
2025-12-09 10:19:53,384 [Worker-36: Building] INFO  o.a.m.s.f.DefaultMavenResourcesFiltering - skip non existing resourceDirectory C:\Users\thummaluru.sandhya1\MiniProject\QuizPortal\src\main\resources
2025-12-09 10:19:53,387 [Worker-36: Building] INFO  o.a.m.s.f.DefaultMavenResourcesFiltering - skip non existing resourceDirectory C:\Users\thummaluru.sandhya1\MiniProject\QuizPortal\src\test\resources
2025-12-09 10:20:04,410 [Worker-35: Building] INFO  o.a.m.s.f.DefaultMavenResourcesFiltering - skip non existing resourceDirectory C:\Users\thummaluru.sandhya1\MiniProject\QuizPortal\src\main\resources
2025-12-09 10:20:04,412 [Worker-35: Building] INFO  o.a.m.s.f.DefaultMavenResourcesFiltering - skip non existing resourceDirectory C:\Users\thummaluru.sandhya1\MiniProject\QuizPortal\src\test\resources
2025-12-09 10:20:58,964 [Worker-36: Building] INFO  o.e.m.c.i.l.LifecycleMappingFactory - Using org.maven.ide.eclipse.wtp.WarLifecycleMapping lifecycle mapping for MavenProject: com.model:QuizPortal:0.0.1-SNAPSHOT @ C:\Users\thummaluru.sandhya1\MiniProject\QuizPortal\pom.xml.
2025-12-09 10:20:59,529 [Worker-36: Building] INFO  o.a.m.s.f.DefaultMavenResourcesFiltering - skip non existing resourceDirectory C:\Users\thummaluru.sandhya1\MiniProject\QuizPortal\src\main\resources
2025-12-09 10:20:59,532 [Worker-36: Building] INFO  o.a.m.s.f.DefaultMavenResourcesFiltering - skip non existing resourceDirectory C:\Users\thummaluru.sandhya1\MiniProject\QuizPortal\src\test\resources
2025-12-09 10:20:59,533 [Worker-36: Building] INFO  o.e.m.w.i.f.ResourceFilteringBuildParticipant - Changed resources require a complete clean of filtered resources of QuizPortal
2025-12-09 10:20:59,534 [Worker-36: Building] INFO  o.e.m.w.i.f.ResourceFilteringBuildParticipant - Executing resource filtering for QuizPortal
2025-12-09 10:21:38,346 [Worker-32: Building] INFO  o.e.m.c.i.l.LifecycleMappingFactory - Using org.maven.ide.eclipse.wtp.WarLifecycleMapping lifecycle mapping for MavenProject: com.model:QuizPortal:0.0.1-SNAPSHOT @ C:\Users\thummaluru.sandhya1\MiniProject\QuizPortal\pom.xml.
2025-12-09 10:21:38,827 [Worker-32: Building] INFO  o.a.m.s.f.DefaultMavenResourcesFiltering - skip non existing resourceDirectory C:\Users\thummaluru.sandhya1\MiniProject\QuizPortal\src\main\resources
2025-12-09 10:21:38,830 [Worker-32: Building] INFO  o.a.m.s.f.DefaultMavenResourcesFiltering - skip non existing resourceDirectory C:\Users\thummaluru.sandhya1\MiniProject\QuizPortal\src\test\resources
2025-12-09 10:21:38,830 [Worker-32: Building] INFO  o.e.m.w.i.f.ResourceFilteringBuildParticipant - Changed resources require a complete clean of filtered resources of QuizPortal
2025-12-09 10:21:38,830 [Worker-32: Building] INFO  o.e.m.w.i.f.ResourceFilteringBuildParticipant - Executing resource filtering for QuizPortal
2025-12-09 10:22:00,727 [Worker-37: Building] INFO  o.e.m.c.i.l.LifecycleMappingFactory - Using org.maven.ide.eclipse.wtp.WarLifecycleMapping lifecycle mapping for MavenProject: com.model:QuizPortal:0.0.1-SNAPSHOT @ C:\Users\thummaluru.sandhya1\MiniProject\QuizPortal\pom.xml.
2025-12-09 10:22:01,284 [Worker-37: Building] INFO  o.a.m.s.f.DefaultMavenResourcesFiltering - skip non existing resourceDirectory C:\Users\thummaluru.sandhya1\MiniProject\QuizPortal\src\main\resources
2025-12-09 10:22:01,287 [Worker-37: Building] INFO  o.a.m.s.f.DefaultMavenResourcesFiltering - skip non existing resourceDirectory C:\Users\thummaluru.sandhya1\MiniProject\QuizPortal\src\test\resources
2025-12-09 10:22:01,287 [Worker-37: Building] INFO  o.e.m.w.i.f.ResourceFilteringBuildParticipant - Changed resources require a complete clean of filtered resources of QuizPortal
2025-12-09 10:22:01,287 [Worker-37: Building] INFO  o.e.m.w.i.f.ResourceFilteringBuildParticipant - Executing resource filtering for QuizPortal
2025-12-09 10:22:06,370 [Worker-39: Building] INFO  o.a.m.s.f.DefaultMavenResourcesFiltering - skip non existing resourceDirectory C:\Users\thummaluru.sandhya1\MiniProject\QuizPortal\src\main\resources
2025-12-09 10:22:06,373 [Worker-39: Building] INFO  o.a.m.s.f.DefaultMavenResourcesFiltering - skip non existing resourceDirectory C:\Users\thummaluru.sandhya1\MiniProject\QuizPortal\src\test\resources
2025-12-09 10:22:22,370 [Worker-38: Building] INFO  o.a.m.s.f.DefaultMavenResourcesFiltering - skip non existing resourceDirectory C:\Users\thummaluru.sandhya1\MiniProject\QuizPortal\src\main\resources
2025-12-09 10:22:22,372 [Worker-38: Building] INFO  o.a.m.s.f.DefaultMavenResourcesFiltering - skip non existing resourceDirectory C:\Users\thummaluru.sandhya1\MiniProject\QuizPortal\src\test\resources
2025-12-09 10:22:58,065 [Worker-39: Building] INFO  o.a.m.s.f.DefaultMavenResourcesFiltering - skip non existing resourceDirectory C:\Users\thummaluru.sandhya1\MiniProject\QuizPortal\src\main\resources
2025-12-09 10:22:58,067 [Worker-39: Building] INFO  o.a.m.s.f.DefaultMavenResourcesFiltering - skip non existing resourceDirectory C:\Users\thummaluru.sandhya1\MiniProject\QuizPortal\src\test\resources
2025-12-09 10:23:08,875 [Worker-39: Building] INFO  o.a.m.s.f.DefaultMavenResourcesFiltering - skip non existing resourceDirectory C:\Users\thummaluru.sandhya1\MiniProject\QuizPortal\src\main\resources
2025-12-09 10:23:08,877 [Worker-39: Building] INFO  o.a.m.s.f.DefaultMavenResourcesFiltering - skip non existing resourceDirectory C:\Users\thummaluru.sandhya1\MiniProject\QuizPortal\src\test\resources
2025-12-09 10:23:25,263 [Worker-37: Building] INFO  o.a.m.s.f.DefaultMavenResourcesFiltering - skip non existing resourceDirectory C:\Users\thummaluru.sandhya1\MiniProject\QuizPortal\src\main\resources
2025-12-09 10:23:25,265 [Worker-37: Building] INFO  o.a.m.s.f.DefaultMavenResourcesFiltering - skip non existing resourceDirectory C:\Users\thummaluru.sandhya1\MiniProject\QuizPortal\src\test\resources
2025-12-09 10:23:34,684 [Worker-39: Building] INFO  o.a.m.s.f.DefaultMavenResourcesFiltering - skip non existing resourceDirectory C:\Users\thummaluru.sandhya1\MiniProject\QuizPortal\src\main\resources
2025-12-09 10:23:34,686 [Worker-39: Building] INFO  o.a.m.s.f.DefaultMavenResourcesFiltering - skip non existing resourceDirectory C:\Users\thummaluru.sandhya1\MiniProject\QuizPortal\src\test\resources
2025-12-09 10:23:53,231 [Worker-38: Building] INFO  o.a.m.s.f.DefaultMavenResourcesFiltering - skip non existing resourceDirectory C:\Users\thummaluru.sandhya1\MiniProject\QuizPortal\src\main\resources
2025-12-09 10:23:53,233 [Worker-38: Building] INFO  o.a.m.s.f.DefaultMavenResourcesFiltering - skip non existing resourceDirectory C:\Users\thummaluru.sandhya1\MiniProject\QuizPortal\src\test\resources
2025-12-09 10:24:27,528 [Worker-36: Building] INFO  o.a.m.s.f.DefaultMavenResourcesFiltering - skip non existing resourceDirectory C:\Users\thummaluru.sandhya1\MiniProject\QuizPortal\src\main\resources
2025-12-09 10:24:27,531 [Worker-36: Building] INFO  o.a.m.s.f.DefaultMavenResourcesFiltering - skip non existing resourceDirectory C:\Users\thummaluru.sandhya1\MiniProject\QuizPortal\src\test\resources
2025-12-09 10:24:41,277 [Worker-32: Building] INFO  o.a.m.s.f.DefaultMavenResourcesFiltering - skip non existing resourceDirectory C:\Users\thummaluru.sandhya1\MiniProject\QuizPortal\src\main\resources
2025-12-09 10:24:41,279 [Worker-32: Building] INFO  o.a.m.s.f.DefaultMavenResourcesFiltering - skip non existing resourceDirectory C:\Users\thummaluru.sandhya1\MiniProject\QuizPortal\src\test\resources
2025-12-09 10:25:10,525 [Worker-37: Building] INFO  o.a.m.s.f.DefaultMavenResourcesFiltering - skip non existing resourceDirectory C:\Users\thummaluru.sandhya1\MiniProject\QuizPortal\src\main\resources
2025-12-09 10:25:10,527 [Worker-37: Building] INFO  o.a.m.s.f.DefaultMavenResourcesFiltering - skip non existing resourceDirectory C:\Users\thummaluru.sandhya1\MiniProject\QuizPortal\src\test\resources
2025-12-09 11:12:15,989 [Worker-37: Building] INFO  o.a.m.s.f.DefaultMavenResourcesFiltering - skip non existing resourceDirectory C:\Users\thummaluru.sandhya1\MiniProject\QuizPortal\src\main\resources
2025-12-09 11:12:15,993 [Worker-37: Building] INFO  o.a.m.s.f.DefaultMavenResourcesFiltering - skip non existing resourceDirectory C:\Users\thummaluru.sandhya1\MiniProject\QuizPortal\src\test\resources
2025-12-09 12:57:49,319 [Worker-57: Building] INFO  o.a.m.s.f.DefaultMavenResourcesFiltering - skip non existing resourceDirectory C:\Users\thummaluru.sandhya1\MiniProject\QuizPortal\src\main\resources
2025-12-09 12:57:49,323 [Worker-57: Building] INFO  o.a.m.s.f.DefaultMavenResourcesFiltering - skip non existing resourceDirectory C:\Users\thummaluru.sandhya1\MiniProject\QuizPortal\src\test\resources
2025-12-09 12:58:08,768 [Worker-54: Building] INFO  o.a.m.s.f.DefaultMavenResourcesFiltering - skip non existing resourceDirectory C:\Users\thummaluru.sandhya1\MiniProject\QuizPortal\src\main\resources
2025-12-09 12:58:08,770 [Worker-54: Building] INFO  o.a.m.s.f.DefaultMavenResourcesFiltering - skip non existing resourceDirectory C:\Users\thummaluru.sandhya1\MiniProject\QuizPortal\src\test\resources
2025-12-09 12:58:52,752 [Worker-58: Building] INFO  o.a.m.s.f.DefaultMavenResourcesFiltering - skip non existing resourceDirectory C:\Users\thummaluru.sandhya1\MiniProject\QuizPortal\src\main\resources
2025-12-09 12:58:52,754 [Worker-58: Building] INFO  o.a.m.s.f.DefaultMavenResourcesFiltering - skip non existing resourceDirectory C:\Users\thummaluru.sandhya1\MiniProject\QuizPortal\src\test\resources
2025-12-09 12:59:30,419 [Worker-58: Building] INFO  o.a.m.s.f.DefaultMavenResourcesFiltering - skip non existing resourceDirectory C:\Users\thummaluru.sandhya1\MiniProject\QuizPortal\src\main\resources
2025-12-09 12:59:30,422 [Worker-58: Building] INFO  o.a.m.s.f.DefaultMavenResourcesFiltering - skip non existing resourceDirectory C:\Users\thummaluru.sandhya1\MiniProject\QuizPortal\src\test\resources
2025-12-09 13:04:35,412 [Worker-60: Building] INFO  o.a.m.s.f.DefaultMavenResourcesFiltering - skip non existing resourceDirectory C:\Users\thummaluru.sandhya1\MiniProject\QuizPortal\src\main\resources
2025-12-09 13:04:35,414 [Worker-60: Building] INFO  o.a.m.s.f.DefaultMavenResourcesFiltering - skip non existing resourceDirectory C:\Users\thummaluru.sandhya1\MiniProject\QuizPortal\src\test\resources
2025-12-09 13:05:19,488 [Worker-62: Building] INFO  o.a.m.s.f.DefaultMavenResourcesFiltering - skip non existing resourceDirectory C:\Users\thummaluru.sandhya1\MiniProject\QuizPortal\src\main\resources
2025-12-09 13:05:19,490 [Worker-62: Building] INFO  o.a.m.s.f.DefaultMavenResourcesFiltering - skip non existing resourceDirectory C:\Users\thummaluru.sandhya1\MiniProject\QuizPortal\src\test\resources
2025-12-09 13:05:35,504 [Worker-59: Building] INFO  o.a.m.s.f.DefaultMavenResourcesFiltering - skip non existing resourceDirectory C:\Users\thummaluru.sandhya1\MiniProject\QuizPortal\src\main\resources
2025-12-09 13:05:35,506 [Worker-59: Building] INFO  o.a.m.s.f.DefaultMavenResourcesFiltering - skip non existing resourceDirectory C:\Users\thummaluru.sandhya1\MiniProject\QuizPortal\src\test\resources
2025-12-09 17:28:36,472 [Worker-102: Building] INFO  o.a.m.s.f.DefaultMavenResourcesFiltering - skip non existing resourceDirectory C:\Users\thummaluru.sandhya1\MiniProject\QuizPortal\src\main\resources
2025-12-09 17:28:36,476 [Worker-102: Building] INFO  o.a.m.s.f.DefaultMavenResourcesFiltering - skip non existing resourceDirectory C:\Users\thummaluru.sandhya1\MiniProject\QuizPortal\src\test\resources
2025-12-09 17:28:48,767 [Worker-106: Building] INFO  o.a.m.s.f.DefaultMavenResourcesFiltering - skip non existing resourceDirectory C:\Users\thummaluru.sandhya1\MiniProject\QuizPortal\src\main\resources
2025-12-09 17:28:48,771 [Worker-106: Building] INFO  o.a.m.s.f.DefaultMavenResourcesFiltering - skip non existing resourceDirectory C:\Users\thummaluru.sandhya1\MiniProject\QuizPortal\src\test\resources
2025-12-09 17:28:54,828 [Worker-106: Building] INFO  o.a.m.s.f.DefaultMavenResourcesFiltering - skip non existing resourceDirectory C:\Users\thummaluru.sandhya1\MiniProject\QuizPortal\src\main\resources
2025-12-09 17:28:54,831 [Worker-106: Building] INFO  o.a.m.s.f.DefaultMavenResourcesFiltering - skip non existing resourceDirectory C:\Users\thummaluru.sandhya1\MiniProject\QuizPortal\src\test\resources
2025-12-09 17:29:16,405 [Worker-106: Building] INFO  o.a.m.s.f.DefaultMavenResourcesFiltering - skip non existing resourceDirectory C:\Users\thummaluru.sandhya1\MiniProject\QuizPortal\src\main\resources
2025-12-09 17:29:16,408 [Worker-106: Building] INFO  o.a.m.s.f.DefaultMavenResourcesFiltering - skip non existing resourceDirectory C:\Users\thummaluru.sandhya1\MiniProject\QuizPortal\src\test\resources
2025-12-09 17:31:09,841 [Start Help Server] INFO  org.eclipse.jetty.server.Server - jetty-12.0.16; built: 2024-12-09T21:02:54.535Z; git: c3f88bafb4e393f23204dc14dc57b042e84debc7; jvm 21.0.6+7-LTS
2025-12-09 17:31:09,886 [Start Help Server] INFO  o.e.j.server.handler.ContextHandler - Started oeje8n.ContextHandler$CoreContextHandler@10efe148{/help,/help,b=null,a=AVAILABLE,h=oeje8n.ContextHandler$CoreContextHandler$CoreToNestedHandler@70a7785{STARTED}}
2025-12-09 17:31:09,887 [Start Help Server] INFO  o.e.j.s.DefaultSessionIdManager - Session workerName=node0
2025-12-09 17:31:09,911 [Start Help Server] INFO  o.e.jetty.server.AbstractConnector - Started ServerConnector@437fad47{HTTP/1.1, (http/1.1)}{127.0.0.1:64851}
2025-12-09 17:31:09,937 [Start Help Server] INFO  org.eclipse.jetty.server.Server - Started oejs.Server@1a8c2b60{STARTING}[12.0.16,sto=0] @30431618ms
2025-12-09 17:31:20,723 [Worker-107: Building] INFO  o.a.m.s.f.DefaultMavenResourcesFiltering - skip non existing resourceDirectory C:\Users\thummaluru.sandhya1\MiniProject\QuizPortal\src\main\resources
2025-12-09 17:31:20,727 [Worker-107: Building] INFO  o.a.m.s.f.DefaultMavenResourcesFiltering - skip non existing resourceDirectory C:\Users\thummaluru.sandhya1\MiniProject\QuizPortal\src\test\resources
2025-12-09 17:32:11,195 [Worker-106: Building] INFO  o.a.m.s.f.DefaultMavenResourcesFiltering - skip non existing resourceDirectory C:\Users\thummaluru.sandhya1\MiniProject\QuizPortal\src\main\resources
2025-12-09 17:32:11,197 [Worker-106: Building] INFO  o.a.m.s.f.DefaultMavenResourcesFiltering - skip non existing resourceDirectory C:\Users\thummaluru.sandhya1\MiniProject\QuizPortal\src\test\resources
2025-12-09 17:33:03,089 [Worker-107: Building] INFO  o.a.m.s.f.DefaultMavenResourcesFiltering - skip non existing resourceDirectory C:\Users\thummaluru.sandhya1\MiniProject\QuizPortal\src\main\resources
2025-12-09 17:33:03,093 [Worker-107: Building] INFO  o.a.m.s.f.DefaultMavenResourcesFiltering - skip non existing resourceDirectory C:\Users\thummaluru.sandhya1\MiniProject\QuizPortal\src\test\resources
2025-12-09 17:33:43,845 [Worker-85: Building] INFO  o.a.m.s.f.DefaultMavenResourcesFiltering - skip non existing resourceDirectory C:\Users\thummaluru.sandhya1\MiniProject\QuizPortal\src\main\resources
2025-12-09 17:33:43,848 [Worker-85: Building] INFO  o.a.m.s.f.DefaultMavenResourcesFiltering - skip non existing resourceDirectory C:\Users\thummaluru.sandhya1\MiniProject\QuizPortal\src\test\resources
2025-12-09 17:34:23,149 [Worker-108: Building] INFO  o.a.m.s.f.DefaultMavenResourcesFiltering - skip non existing resourceDirectory C:\Users\thummaluru.sandhya1\MiniProject\QuizPortal\src\main\resources
2025-12-09 17:34:23,151 [Worker-108: Building] INFO  o.a.m.s.f.DefaultMavenResourcesFiltering - skip non existing resourceDirectory C:\Users\thummaluru.sandhya1\MiniProject\QuizPortal\src\test\resources
2025-12-09 17:34:58,371 [Worker-102: Building] INFO  o.a.m.s.f.DefaultMavenResourcesFiltering - skip non existing resourceDirectory C:\Users\thummaluru.sandhya1\MiniProject\QuizPortal\src\main\resources
2025-12-09 17:34:58,374 [Worker-102: Building] INFO  o.a.m.s.f.DefaultMavenResourcesFiltering - skip non existing resourceDirectory C:\Users\thummaluru.sandhya1\MiniProject\QuizPortal\src\test\resources
2025-12-09 17:35:49,699 [Worker-110: Building] INFO  o.a.m.s.f.DefaultMavenResourcesFiltering - skip non existing resourceDirectory C:\Users\thummaluru.sandhya1\MiniProject\QuizPortal\src\main\resources
2025-12-09 17:35:49,702 [Worker-110: Building] INFO  o.a.m.s.f.DefaultMavenResourcesFiltering - skip non existing resourceDirectory C:\Users\thummaluru.sandhya1\MiniProject\QuizPortal\src\test\resources
2025-12-09 17:36:39,011 [Worker-106: Building] INFO  o.a.m.s.f.DefaultMavenResourcesFiltering - skip non existing resourceDirectory C:\Users\thummaluru.sandhya1\MiniProject\QuizPortal\src\main\resources
2025-12-09 17:36:39,014 [Worker-106: Building] INFO  o.a.m.s.f.DefaultMavenResourcesFiltering - skip non existing resourceDirectory C:\Users\thummaluru.sandhya1\MiniProject\QuizPortal\src\test\resources
2025-12-09 17:37:14,489 [Worker-107: Building] INFO  o.a.m.s.f.DefaultMavenResourcesFiltering - skip non existing resourceDirectory C:\Users\thummaluru.sandhya1\MiniProject\QuizPortal\src\main\resources
2025-12-09 17:37:14,492 [Worker-107: Building] INFO  o.a.m.s.f.DefaultMavenResourcesFiltering - skip non existing resourceDirectory C:\Users\thummaluru.sandhya1\MiniProject\QuizPortal\src\test\resources
2025-12-09 17:42:05,920 [Worker-106: Building] INFO  o.a.m.s.f.DefaultMavenResourcesFiltering - skip non existing resourceDirectory C:\Users\thummaluru.sandhya1\MiniProject\QuizPortal\src\main\resources
2025-12-09 17:42:05,923 [Worker-106: Building] INFO  o.a.m.s.f.DefaultMavenResourcesFiltering - skip non existing resourceDirectory C:\Users\thummaluru.sandhya1\MiniProject\QuizPortal\src\test\resources
2025-12-09 17:42:31,143 [Worker-116: Building] INFO  o.a.m.s.f.DefaultMavenResourcesFiltering - skip non existing resourceDirectory C:\Users\thummaluru.sandhya1\MiniProject\QuizPortal\src\main\resources
2025-12-09 17:42:31,146 [Worker-116: Building] INFO  o.a.m.s.f.DefaultMavenResourcesFiltering - skip non existing resourceDirectory C:\Users\thummaluru.sandhya1\MiniProject\QuizPortal\src\test\resources
2025-12-09 17:58:32,708 [Worker-113: Building] INFO  o.a.m.s.f.DefaultMavenResourcesFiltering - skip non existing resourceDirectory C:\Users\thummaluru.sandhya1\MiniProject\QuizPortal\src\main\resources
2025-12-09 17:58:32,712 [Worker-113: Building] INFO  o.a.m.s.f.DefaultMavenResourcesFiltering - skip non existing resourceDirectory C:\Users\thummaluru.sandhya1\MiniProject\QuizPortal\src\test\resources
2025-12-09 18:00:23,119 [Worker-122: Building] INFO  o.a.m.s.f.DefaultMavenResourcesFiltering - skip non existing resourceDirectory C:\Users\thummaluru.sandhya1\MiniProject\QuizPortal\src\main\resources
2025-12-09 18:00:23,122 [Worker-122: Building] INFO  o.a.m.s.f.DefaultMavenResourcesFiltering - skip non existing resourceDirectory C:\Users\thummaluru.sandhya1\MiniProject\QuizPortal\src\test\resources
2025-12-09 18:04:46,649 [Worker-120: Building] INFO  o.a.m.s.f.DefaultMavenResourcesFiltering - skip non existing resourceDirectory C:\Users\thummaluru.sandhya1\MiniProject\QuizPortal\src\main\resources
2025-12-09 18:04:46,652 [Worker-120: Building] INFO  o.a.m.s.f.DefaultMavenResourcesFiltering - skip non existing resourceDirectory C:\Users\thummaluru.sandhya1\MiniProject\QuizPortal\src\test\resources
2025-12-09 18:04:56,556 [Worker-124: Building] INFO  o.a.m.s.f.DefaultMavenResourcesFiltering - skip non existing resourceDirectory C:\Users\thummaluru.sandhya1\MiniProject\QuizPortal\src\main\resources
2025-12-09 18:04:56,558 [Worker-124: Building] INFO  o.a.m.s.f.DefaultMavenResourcesFiltering - skip non existing resourceDirectory C:\Users\thummaluru.sandhya1\MiniProject\QuizPortal\src\test\resources
2025-12-09 18:05:08,642 [Worker-124: Building] INFO  o.a.m.s.f.DefaultMavenResourcesFiltering - skip non existing resourceDirectory C:\Users\thummaluru.sandhya1\MiniProject\QuizPortal\src\main\resources
2025-12-09 18:05:08,644 [Worker-124: Building] INFO  o.a.m.s.f.DefaultMavenResourcesFiltering - skip non existing resourceDirectory C:\Users\thummaluru.sandhya1\MiniProject\QuizPortal\src\test\resources
2025-12-09 18:06:12,397 [Worker-124: Building] INFO  o.a.m.s.f.DefaultMavenResourcesFiltering - skip non existing resourceDirectory C:\Users\thummaluru.sandhya1\MiniProject\QuizPortal\src\main\resources
2025-12-09 18:06:12,401 [Worker-124: Building] INFO  o.a.m.s.f.DefaultMavenResourcesFiltering - skip non existing resourceDirectory C:\Users\thummaluru.sandhya1\MiniProject\QuizPortal\src\test\resources
2025-12-09 18:06:17,194 [Worker-121: Building] INFO  o.a.m.s.f.DefaultMavenResourcesFiltering - skip non existing resourceDirectory C:\Users\thummaluru.sandhya1\MiniProject\QuizPortal\src\main\resources
2025-12-09 18:06:17,196 [Worker-121: Building] INFO  o.a.m.s.f.DefaultMavenResourcesFiltering - skip non existing resourceDirectory C:\Users\thummaluru.sandhya1\MiniProject\QuizPortal\src\test\resources
2025-12-09 18:06:24,176 [Worker-125: Building] INFO  o.a.m.s.f.DefaultMavenResourcesFiltering - skip non existing resourceDirectory C:\Users\thummaluru.sandhya1\MiniProject\QuizPortal\src\main\resources
2025-12-09 18:06:24,178 [Worker-125: Building] INFO  o.a.m.s.f.DefaultMavenResourcesFiltering - skip non existing resourceDirectory C:\Users\thummaluru.sandhya1\MiniProject\QuizPortal\src\test\resources
2025-12-09 18:06:29,666 [Worker-120: Building] INFO  o.a.m.s.f.DefaultMavenResourcesFiltering - skip non existing resourceDirectory C:\Users\thummaluru.sandhya1\MiniProject\QuizPortal\src\main\resources
2025-12-09 18:06:29,668 [Worker-120: Building] INFO  o.a.m.s.f.DefaultMavenResourcesFiltering - skip non existing resourceDirectory C:\Users\thummaluru.sandhya1\MiniProject\QuizPortal\src\test\resources
2025-12-09 18:06:55,333 [Worker-125: Building] INFO  o.a.m.s.f.DefaultMavenResourcesFiltering - skip non existing resourceDirectory C:\Users\thummaluru.sandhya1\MiniProject\QuizPortal\src\main\resources
2025-12-09 18:06:55,335 [Worker-125: Building] INFO  o.a.m.s.f.DefaultMavenResourcesFiltering - skip non existing resourceDirectory C:\Users\thummaluru.sandhya1\MiniProject\QuizPortal\src\test\resources
2025-12-09 18:07:20,337 [Worker-124: Building] INFO  o.a.m.s.f.DefaultMavenResourcesFiltering - skip non existing resourceDirectory C:\Users\thummaluru.sandhya1\MiniProject\QuizPortal\src\main\resources
2025-12-09 18:07:20,341 [Worker-124: Building] INFO  o.a.m.s.f.DefaultMavenResourcesFiltering - skip non existing resourceDirectory C:\Users\thummaluru.sandhya1\MiniProject\QuizPortal\src\test\resources
2025-12-09 18:15:16,304 [Worker-129: Building] INFO  o.a.m.s.f.DefaultMavenResourcesFiltering - skip non existing resourceDirectory C:\Users\thummaluru.sandhya1\MiniProject\QuizPortal\src\main\resources
2025-12-09 18:15:16,308 [Worker-129: Building] INFO  o.a.m.s.f.DefaultMavenResourcesFiltering - skip non existing resourceDirectory C:\Users\thummaluru.sandhya1\MiniProject\QuizPortal\src\test\resources
2025-12-09 18:16:37,256 [Worker-128: Building] INFO  o.a.m.s.f.DefaultMavenResourcesFiltering - skip non existing resourceDirectory C:\Users\thummaluru.sandhya1\MiniProject\QuizPortal\src\main\resources
2025-12-09 18:16:37,259 [Worker-128: Building] INFO  o.a.m.s.f.DefaultMavenResourcesFiltering - skip non existing resourceDirectory C:\Users\thummaluru.sandhya1\MiniProject\QuizPortal\src\test\resources
2025-12-09 18:16:41,699 [Worker-131: Building] INFO  o.a.m.s.f.DefaultMavenResourcesFiltering - skip non existing resourceDirectory C:\Users\thummaluru.sandhya1\MiniProject\QuizPortal\src\main\resources
2025-12-09 18:16:41,701 [Worker-131: Building] INFO  o.a.m.s.f.DefaultMavenResourcesFiltering - skip non existing resourceDirectory C:\Users\thummaluru.sandhya1\MiniProject\QuizPortal\src\test\resources
2025-12-09 18:17:28,602 [Worker-130: Building] INFO  o.a.m.s.f.DefaultMavenResourcesFiltering - skip non existing resourceDirectory C:\Users\thummaluru.sandhya1\MiniProject\QuizPortal\src\main\resources
2025-12-09 18:17:28,604 [Worker-130: Building] INFO  o.a.m.s.f.DefaultMavenResourcesFiltering - skip non existing resourceDirectory C:\Users\thummaluru.sandhya1\MiniProject\QuizPortal\src\test\resources
2025-12-09 18:17:43,009 [Worker-128: Building] INFO  o.a.m.s.f.DefaultMavenResourcesFiltering - skip non existing resourceDirectory C:\Users\thummaluru.sandhya1\MiniProject\QuizPortal\src\main\resources
2025-12-09 18:17:43,012 [Worker-128: Building] INFO  o.a.m.s.f.DefaultMavenResourcesFiltering - skip non existing resourceDirectory C:\Users\thummaluru.sandhya1\MiniProject\QuizPortal\src\test\resources
2025-12-09 18:18:02,768 [Worker-124: Building] INFO  o.a.m.s.f.DefaultMavenResourcesFiltering - skip non existing resourceDirectory C:\Users\thummaluru.sandhya1\MiniProject\QuizPortal\src\main\resources
2025-12-09 18:18:02,770 [Worker-124: Building] INFO  o.a.m.s.f.DefaultMavenResourcesFiltering - skip non existing resourceDirectory C:\Users\thummaluru.sandhya1\MiniProject\QuizPortal\src\test\resources
2025-12-09 18:18:28,412 [Worker-130: Building] INFO  o.a.m.s.f.DefaultMavenResourcesFiltering - skip non existing resourceDirectory C:\Users\thummaluru.sandhya1\MiniProject\QuizPortal\src\main\resources
2025-12-09 18:18:28,416 [Worker-130: Building] INFO  o.a.m.s.f.DefaultMavenResourcesFiltering - skip non existing resourceDirectory C:\Users\thummaluru.sandhya1\MiniProject\QuizPortal\src\test\resources
2025-12-09 18:18:45,425 [Worker-130: Building] INFO  o.a.m.s.f.DefaultMavenResourcesFiltering - skip non existing resourceDirectory C:\Users\thummaluru.sandhya1\MiniProject\QuizPortal\src\main\resources
2025-12-09 18:18:45,427 [Worker-130: Building] INFO  o.a.m.s.f.DefaultMavenResourcesFiltering - skip non existing resourceDirectory C:\Users\thummaluru.sandhya1\MiniProject\QuizPortal\src\test\resources
2025-12-09 18:19:09,376 [Worker-131: Building] INFO  o.a.m.s.f.DefaultMavenResourcesFiltering - skip non existing resourceDirectory C:\Users\thummaluru.sandhya1\MiniProject\QuizPortal\src\main\resources
2025-12-09 18:19:09,381 [Worker-131: Building] INFO  o.a.m.s.f.DefaultMavenResourcesFiltering - skip non existing resourceDirectory C:\Users\thummaluru.sandhya1\MiniProject\QuizPortal\src\test\resources
2025-12-09 18:19:23,121 [Worker-124: Building] INFO  o.a.m.s.f.DefaultMavenResourcesFiltering - skip non existing resourceDirectory C:\Users\thummaluru.sandhya1\MiniProject\QuizPortal\src\main\resources
2025-12-09 18:19:23,125 [Worker-124: Building] INFO  o.a.m.s.f.DefaultMavenResourcesFiltering - skip non existing resourceDirectory C:\Users\thummaluru.sandhya1\MiniProject\QuizPortal\src\test\resources
2025-12-09 18:19:38,301 [Worker-131: Building] INFO  o.a.m.s.f.DefaultMavenResourcesFiltering - skip non existing resourceDirectory C:\Users\thummaluru.sandhya1\MiniProject\QuizPortal\src\main\resources
2025-12-09 18:19:38,303 [Worker-131: Building] INFO  o.a.m.s.f.DefaultMavenResourcesFiltering - skip non existing resourceDirectory C:\Users\thummaluru.sandhya1\MiniProject\QuizPortal\src\test\resources
2025-12-09 18:21:34,010 [Worker-131: Building] INFO  o.a.m.s.f.DefaultMavenResourcesFiltering - skip non existing resourceDirectory C:\Users\thummaluru.sandhya1\MiniProject\QuizPortal\src\main\resources
2025-12-09 18:21:34,013 [Worker-131: Building] INFO  o.a.m.s.f.DefaultMavenResourcesFiltering - skip non existing resourceDirectory C:\Users\thummaluru.sandhya1\MiniProject\QuizPortal\src\test\resources
2025-12-09 18:32:14,101 [Worker-132: Building] INFO  o.a.m.s.f.DefaultMavenResourcesFiltering - skip non existing resourceDirectory C:\Users\thummaluru.sandhya1\MiniProject\QuizPortal\src\main\resources
2025-12-09 18:32:14,104 [Worker-132: Building] INFO  o.a.m.s.f.DefaultMavenResourcesFiltering - skip non existing resourceDirectory C:\Users\thummaluru.sandhya1\MiniProject\QuizPortal\src\test\resources
2025-12-09 18:34:53,664 [Stop Help Server] INFO  org.eclipse.jetty.server.Server - Stopped oejs.Server@1a8c2b60{STOPPING}[12.0.16,sto=0]
2025-12-09 18:34:53,965 [Stop Help Server] INFO  o.e.jetty.server.AbstractConnector - Stopped ServerConnector@437fad47{HTTP/1.1, (http/1.1)}{127.0.0.1:0}
2025-12-10 15:11:54,743 [Worker-3: Loading available Gradle versions] INFO  o.e.b.c.i.u.g.PublishedGradleVersions - Gradle version information cache is out-of-date. Trying to update.
2025-12-10 15:28:21,021 [Worker-21: Building] INFO  o.a.m.s.f.DefaultMavenResourcesFiltering - skip non existing resourceDirectory C:\Users\thummaluru.sandhya1\MiniProject\QuizPortal\src\main\resources
2025-12-10 15:28:21,027 [Worker-21: Building] INFO  o.a.m.s.f.DefaultMavenResourcesFiltering - skip non existing resourceDirectory C:\Users\thummaluru.sandhya1\MiniProject\QuizPortal\src\test\resources
2025-12-10 15:28:40,176 [Worker-19: Building] INFO  o.a.m.s.f.DefaultMavenResourcesFiltering - skip non existing resourceDirectory C:\Users\thummaluru.sandhya1\MiniProject\QuizPortal\src\main\resources
2025-12-10 15:28:40,179 [Worker-19: Building] INFO  o.a.m.s.f.DefaultMavenResourcesFiltering - skip non existing resourceDirectory C:\Users\thummaluru.sandhya1\MiniProject\QuizPortal\src\test\resources
2025-12-10 15:29:30,250 [Worker-20: Building] INFO  o.a.m.s.f.DefaultMavenResourcesFiltering - skip non existing resourceDirectory C:\Users\thummaluru.sandhya1\MiniProject\QuizPortal\src\main\resources
2025-12-10 15:29:30,254 [Worker-20: Building] INFO  o.a.m.s.f.DefaultMavenResourcesFiltering - skip non existing resourceDirectory C:\Users\thummaluru.sandhya1\MiniProject\QuizPortal\src\test\resources
2025-12-10 15:29:34,738 [Worker-22: Building] INFO  o.a.m.s.f.DefaultMavenResourcesFiltering - skip non existing resourceDirectory C:\Users\thummaluru.sandhya1\MiniProject\QuizPortal\src\main\resources
2025-12-10 15:29:34,743 [Worker-22: Building] INFO  o.a.m.s.f.DefaultMavenResourcesFiltering - skip non existing resourceDirectory C:\Users\thummaluru.sandhya1\MiniProject\QuizPortal\src\test\resources
2025-12-10 15:52:30,640 [Worker-19: Building] INFO  o.a.m.s.f.DefaultMavenResourcesFiltering - skip non existing resourceDirectory C:\Users\thummaluru.sandhya1\MiniProject\QuizPortal\src\main\resources
2025-12-10 15:52:30,643 [Worker-19: Building] INFO  o.a.m.s.f.DefaultMavenResourcesFiltering - skip non existing resourceDirectory C:\Users\thummaluru.sandhya1\MiniProject\QuizPortal\src\test\resources
2025-12-10 15:52:37,799 [Worker-24: Building] INFO  o.a.m.s.f.DefaultMavenResourcesFiltering - skip non existing resourceDirectory C:\Users\thummaluru.sandhya1\MiniProject\QuizPortal\src\main\resources
2025-12-10 15:52:37,802 [Worker-24: Building] INFO  o.a.m.s.f.DefaultMavenResourcesFiltering - skip non existing resourceDirectory C:\Users\thummaluru.sandhya1\MiniProject\QuizPortal\src\test\resources
2025-12-10 15:52:42,363 [Worker-25: Building] INFO  o.a.m.s.f.DefaultMavenResourcesFiltering - skip non existing resourceDirectory C:\Users\thummaluru.sandhya1\MiniProject\QuizPortal\src\main\resources
2025-12-10 15:52:42,365 [Worker-25: Building] INFO  o.a.m.s.f.DefaultMavenResourcesFiltering - skip non existing resourceDirectory C:\Users\thummaluru.sandhya1\MiniProject\QuizPortal\src\test\resources
2025-12-10 16:31:16,856 [Start Help Server] INFO  org.eclipse.jetty.server.Server - jetty-12.0.16; built: 2024-12-09T21:02:54.535Z; git: c3f88bafb4e393f23204dc14dc57b042e84debc7; jvm 21.0.6+7-LTS
2025-12-10 16:31:16,904 [Start Help Server] INFO  o.e.j.server.handler.ContextHandler - Started oeje8n.ContextHandler$CoreContextHandler@631e427a{/help,/help,b=null,a=AVAILABLE,h=oeje8n.ContextHandler$CoreContextHandler$CoreToNestedHandler@776b3ad0{STARTED}}
2025-12-10 16:31:16,904 [Start Help Server] INFO  o.e.j.s.DefaultSessionIdManager - Session workerName=node0
2025-12-10 16:31:16,943 [Start Help Server] INFO  o.e.jetty.server.AbstractConnector - Started ServerConnector@18e01d4c{HTTP/1.1, (http/1.1)}{127.0.0.1:54257}
2025-12-10 16:31:16,961 [Start Help Server] INFO  org.eclipse.jetty.server.Server - Started oejs.Server@79905e8c{STARTING}[12.0.16,sto=0] @4913594ms
2025-12-10 17:35:53,784 [Worker-24: Building] INFO  o.a.m.s.f.DefaultMavenResourcesFiltering - skip non existing resourceDirectory C:\Users\thummaluru.sandhya1\MiniProject\QuizPortal\src\main\resources
2025-12-10 17:35:53,789 [Worker-24: Building] INFO  o.a.m.s.f.DefaultMavenResourcesFiltering - skip non existing resourceDirectory C:\Users\thummaluru.sandhya1\MiniProject\QuizPortal\src\test\resources
2025-12-10 17:37:59,433 [Worker-22: Building] INFO  o.a.m.s.f.DefaultMavenResourcesFiltering - skip non existing resourceDirectory C:\Users\thummaluru.sandhya1\MiniProject\QuizPortal\src\main\resources
2025-12-10 17:37:59,435 [Worker-22: Building] INFO  o.a.m.s.f.DefaultMavenResourcesFiltering - skip non existing resourceDirectory C:\Users\thummaluru.sandhya1\MiniProject\QuizPortal\src\test\resources
2025-12-10 17:38:41,975 [Worker-20: Building] INFO  o.a.m.s.f.DefaultMavenResourcesFiltering - skip non existing resourceDirectory C:\Users\thummaluru.sandhya1\MiniProject\QuizPortal\src\main\resources
2025-12-10 17:38:41,978 [Worker-20: Building] INFO  o.a.m.s.f.DefaultMavenResourcesFiltering - skip non existing resourceDirectory C:\Users\thummaluru.sandhya1\MiniProject\QuizPortal\src\test\resources
2025-12-10 17:46:45,995 [Worker-23: Building] INFO  o.a.m.s.f.DefaultMavenResourcesFiltering - skip non existing resourceDirectory C:\Users\thummaluru.sandhya1\MiniProject\QuizPortal\src\main\resources
2025-12-10 17:46:45,998 [Worker-23: Building] INFO  o.a.m.s.f.DefaultMavenResourcesFiltering - skip non existing resourceDirectory C:\Users\thummaluru.sandhya1\MiniProject\QuizPortal\src\test\resources
2025-12-10 17:54:56,153 [Worker-20: Building] INFO  o.a.m.s.f.DefaultMavenResourcesFiltering - skip non existing resourceDirectory C:\Users\thummaluru.sandhya1\MiniProject\QuizPortal\src\main\resources
2025-12-10 17:54:56,156 [Worker-20: Building] INFO  o.a.m.s.f.DefaultMavenResourcesFiltering - skip non existing resourceDirectory C:\Users\thummaluru.sandhya1\MiniProject\QuizPortal\src\test\resources
2025-12-10 17:56:57,337 [Worker-24: Building] INFO  o.a.m.s.f.DefaultMavenResourcesFiltering - skip non existing resourceDirectory C:\Users\thummaluru.sandhya1\MiniProject\QuizPortal\src\main\resources
2025-12-10 17:56:57,340 [Worker-24: Building] INFO  o.a.m.s.f.DefaultMavenResourcesFiltering - skip non existing resourceDirectory C:\Users\thummaluru.sandhya1\MiniProject\QuizPortal\src\test\resources
2025-12-10 18:02:51,127 [Worker-19: Building] INFO  o.a.m.s.f.DefaultMavenResourcesFiltering - skip non existing resourceDirectory C:\Users\thummaluru.sandhya1\MiniProject\QuizPortal\src\main\resources
2025-12-10 18:02:51,130 [Worker-19: Building] INFO  o.a.m.s.f.DefaultMavenResourcesFiltering - skip non existing resourceDirectory C:\Users\thummaluru.sandhya1\MiniProject\QuizPortal\src\test\resources
2025-12-10 18:06:29,727 [Stop Help Server] INFO  org.eclipse.jetty.server.Server - Stopped oejs.Server@79905e8c{STOPPING}[12.0.16,sto=0]
2025-12-10 18:06:29,744 [Stop Help Server] INFO  o.e.jetty.server.AbstractConnector - Stopped ServerConnector@18e01d4c{HTTP/1.1, (http/1.1)}{127.0.0.1:0}
2025-12-11 10:13:48,635 [Worker-6: Loading available Gradle versions] INFO  o.e.b.c.i.u.g.PublishedGradleVersions - Gradle version information cache is up-to-date. Trying to read.
2025-12-13 08:49:21,706 [Worker-4: Loading available Gradle versions] INFO  o.e.b.c.i.u.g.PublishedGradleVersions - Gradle version information cache is out-of-date. Trying to update.
2025-12-13 08:49:26,600 [Worker-13: Building] INFO  o.a.m.s.f.DefaultMavenResourcesFiltering - skip non existing resourceDirectory C:\Users\thummaluru.sandhya1\MiniProject\QuizPortal\src\main\resources
2025-12-13 08:49:26,605 [Worker-13: Building] INFO  o.a.m.s.f.DefaultMavenResourcesFiltering - skip non existing resourceDirectory C:\Users\thummaluru.sandhya1\MiniProject\QuizPortal\src\test\resources
2025-12-13 09:27:42,863 [Worker-23: Importing Maven projects] INFO  o.e.m.c.i.l.LifecycleMappingFactory - Using org.maven.ide.eclipse.wtp.WarLifecycleMapping lifecycle mapping for MavenProject: com.project:Ecomerce-App:0.0.1-SNAPSHOT @ C:\Users\thummaluru.sandhya1\Downloads\Ecomerce App\Ecomerce-App\pom.xml.
2025-12-13 09:27:49,158 [Worker-23: Importing Maven projects] INFO  o.e.m.j.i.AbstractJavaProjectConfigurator - Adding source folder /Ecomerce-App/src/main/java
2025-12-13 09:27:49,160 [Worker-23: Importing Maven projects] INFO  o.e.m.j.i.AbstractJavaProjectConfigurator - Adding resource folder /Ecomerce-App/src/main/resources
2025-12-13 09:27:49,162 [Worker-23: Importing Maven projects] INFO  o.e.m.j.i.AbstractJavaProjectConfigurator - Adding resource folder /Ecomerce-App/src/main/resources
2025-12-13 09:27:49,162 [Worker-23: Importing Maven projects] INFO  o.e.m.j.i.AbstractJavaProjectConfigurator - Adding source folder /Ecomerce-App/src/test/java
2025-12-13 09:27:49,164 [Worker-23: Importing Maven projects] INFO  o.e.m.j.i.AbstractJavaProjectConfigurator - Adding resource folder /Ecomerce-App/src/test/resources
2025-12-13 09:27:51,160 [Worker-23: Importing Maven projects] INFO  o.e.m.c.i.p.ProjectConfigurationManager - Imported and configured 1 project(s) in 9 sec
2025-12-13 09:27:52,429 [Worker-31: Building] INFO  o.a.m.s.f.DefaultMavenResourcesFiltering - Copying 1 resource from src\main\resources to target\classes
2025-12-13 09:27:52,772 [Worker-31: Building] INFO  o.a.m.s.f.DefaultMavenResourcesFiltering - Copying 0 resource from src\main\resources to target\classes
2025-12-13 09:27:52,776 [Worker-31: Building] INFO  o.a.m.s.f.DefaultMavenResourcesFiltering - skip non existing resourceDirectory C:\Users\thummaluru.sandhya1\Downloads\Ecomerce App\Ecomerce-App\src\test\resources
2025-12-15 09:11:30,536 [Worker-4: Loading available Gradle versions] INFO  o.e.b.c.i.u.g.PublishedGradleVersions - Gradle version information cache is out-of-date. Trying to update.
2025-12-15 09:11:50,808 [Worker-7: Building] INFO  o.e.m.c.i.l.LifecycleMappingFactory - Using org.maven.ide.eclipse.wtp.WarLifecycleMapping lifecycle mapping for MavenProject: com.project:Ecomerce-App:0.0.1-SNAPSHOT @ C:\Users\thummaluru.sandhya1\Downloads\Ecomerce App\Ecomerce-App\pom.xml.
2025-12-15 09:11:58,316 [Worker-7: Building] INFO  o.a.m.s.f.DefaultMavenResourcesFiltering - Copying 1 resource from src\main\resources to target\classes
2025-12-15 09:11:58,346 [Worker-7: Building] INFO  o.a.m.s.f.DefaultMavenResourcesFiltering - Copying 0 resource from src\main\resources to target\classes
2025-12-15 09:11:58,351 [Worker-7: Building] INFO  o.a.m.s.f.DefaultMavenResourcesFiltering - skip non existing resourceDirectory C:\Users\thummaluru.sandhya1\Downloads\Ecomerce App\Ecomerce-App\src\test\resources
2025-12-15 09:11:58,370 [Worker-7: Building] INFO  o.e.m.w.i.f.ResourceFilteringBuildParticipant - Changed resources require a complete clean of filtered resources of Ecomerce-App
2025-12-15 09:11:58,372 [Worker-7: Building] INFO  o.e.m.w.i.f.ResourceFilteringBuildParticipant - Executing resource filtering for Ecomerce-App
2025-12-15 09:12:01,561 [Worker-13: Building] INFO  o.a.m.s.f.DefaultMavenResourcesFiltering - Copying 1 resource from src\main\resources to target\classes
2025-12-15 09:12:01,567 [Worker-13: Building] INFO  o.a.m.s.f.DefaultMavenResourcesFiltering - Copying 0 resource from src\main\resources to target\classes
2025-12-15 09:12:01,569 [Worker-13: Building] INFO  o.a.m.s.f.DefaultMavenResourcesFiltering - skip non existing resourceDirectory C:\Users\thummaluru.sandhya1\Downloads\Ecomerce App\Ecomerce-App\src\test\resources
2025-12-17 13:56:46,782 [Worker-4: Loading available Gradle versions] INFO  o.e.b.c.i.u.g.PublishedGradleVersions - Gradle version information cache is out-of-date. Trying to update.
2025-12-17 14:00:45,771 [Start Help Server] INFO  org.eclipse.jetty.server.Server - jetty-12.0.16; built: 2024-12-09T21:02:54.535Z; git: c3f88bafb4e393f23204dc14dc57b042e84debc7; jvm 21.0.6+7-LTS
2025-12-17 14:00:45,822 [Start Help Server] INFO  o.e.j.server.handler.ContextHandler - Started oeje8n.ContextHandler$CoreContextHandler@4fedc6af{/help,/help,b=null,a=AVAILABLE,h=oeje8n.ContextHandler$CoreContextHandler$CoreToNestedHandler@1614b13c{STARTED}}
2025-12-17 14:00:45,822 [Start Help Server] INFO  o.e.j.s.DefaultSessionIdManager - Session workerName=node0
2025-12-17 14:00:45,848 [Start Help Server] INFO  o.e.jetty.server.AbstractConnector - Started ServerConnector@3d61137c{HTTP/1.1, (http/1.1)}{127.0.0.1:49787}
2025-12-17 14:00:45,900 [Start Help Server] INFO  org.eclipse.jetty.server.Server - Started oejs.Server@63fcc98e{STARTING}[12.0.16,sto=0] @288697ms
2025-12-17 18:01:16,287 [Stop Help Server] INFO  org.eclipse.jetty.server.Server - Stopped oejs.Server@63fcc98e{STOPPING}[12.0.16,sto=0]
2025-12-17 18:01:16,292 [Stop Help Server] INFO  o.e.jetty.server.AbstractConnector - Stopped ServerConnector@3d61137c{HTTP/1.1, (http/1.1)}{127.0.0.1:0}
2025-12-18 14:11:12,904 [Worker-2: Loading available Gradle versions] INFO  o.e.b.c.i.u.g.PublishedGradleVersions - Gradle version information cache is out-of-date. Trying to update.
2025-12-18 17:46:01,848 [Worker-39: Building] INFO  o.a.m.s.f.DefaultMavenResourcesFiltering - skip non existing resourceDirectory C:\Users\thummaluru.sandhya1\MiniProject\QuizPortal\src\main\resources
2025-12-18 17:46:01,870 [Worker-39: Building] INFO  o.a.m.s.f.DefaultMavenResourcesFiltering - skip non existing resourceDirectory C:\Users\thummaluru.sandhya1\MiniProject\QuizPortal\src\test\resources
2025-12-18 17:47:45,358 [Worker-39: Building] INFO  o.a.m.s.f.DefaultMavenResourcesFiltering - skip non existing resourceDirectory C:\Users\thummaluru.sandhya1\MiniProject\QuizPortal\src\main\resources
2025-12-18 17:47:45,361 [Worker-39: Building] INFO  o.a.m.s.f.DefaultMavenResourcesFiltering - skip non existing resourceDirectory C:\Users\thummaluru.sandhya1\MiniProject\QuizPortal\src\test\resources
2025-12-18 17:48:20,453 [Worker-41: Building] INFO  o.a.m.s.f.DefaultMavenResourcesFiltering - skip non existing resourceDirectory C:\Users\thummaluru.sandhya1\MiniProject\QuizPortal\src\main\resources
2025-12-18 17:48:20,457 [Worker-41: Building] INFO  o.a.m.s.f.DefaultMavenResourcesFiltering - skip non existing resourceDirectory C:\Users\thummaluru.sandhya1\MiniProject\QuizPortal\src\test\resources
2025-12-18 17:50:48,975 [Worker-39: Building] INFO  o.a.m.s.f.DefaultMavenResourcesFiltering - skip non existing resourceDirectory C:\Users\thummaluru.sandhya1\MiniProject\QuizPortal\src\main\resources
2025-12-18 17:50:48,978 [Worker-39: Building] INFO  o.a.m.s.f.DefaultMavenResourcesFiltering - skip non existing resourceDirectory C:\Users\thummaluru.sandhya1\MiniProject\QuizPortal\src\test\resources
2025-12-18 17:53:43,406 [Worker-34: Building] INFO  o.a.m.s.f.DefaultMavenResourcesFiltering - skip non existing resourceDirectory C:\Users\thummaluru.sandhya1\MiniProject\QuizPortal\src\main\resources
2025-12-18 17:53:43,409 [Worker-34: Building] INFO  o.a.m.s.f.DefaultMavenResourcesFiltering - skip non existing resourceDirectory C:\Users\thummaluru.sandhya1\MiniProject\QuizPortal\src\test\resources
2025-12-18 17:53:54,121 [Worker-38: Updating Maven Project] INFO  o.e.m.c.i.p.ProjectConfigurationManager - Update started
2025-12-18 17:53:55,344 [Worker-38: Updating Maven Project] INFO  o.e.m.c.i.l.LifecycleMappingFactory - Using org.maven.ide.eclipse.wtp.WarLifecycleMapping lifecycle mapping for MavenProject: com.model:QuizPortal:0.0.1-SNAPSHOT @ C:\Users\thummaluru.sandhya1\MiniProject\QuizPortal\pom.xml.
2025-12-18 17:53:56,719 [Worker-38: Updating Maven Project] INFO  o.e.m.j.i.AbstractJavaProjectConfigurator - Adding source folder /QuizPortal/src/main/java
2025-12-18 17:53:56,721 [Worker-38: Updating Maven Project] INFO  o.e.m.j.i.AbstractJavaProjectConfigurator - Adding resource folder /QuizPortal/src/main/resources
2025-12-18 17:53:56,723 [Worker-38: Updating Maven Project] INFO  o.e.m.j.i.AbstractJavaProjectConfigurator - Adding source folder /QuizPortal/src/test/java
2025-12-18 17:53:56,724 [Worker-38: Updating Maven Project] INFO  o.e.m.j.i.AbstractJavaProjectConfigurator - Adding resource folder /QuizPortal/src/test/resources
2025-12-18 17:53:57,588 [Worker-38: Updating Maven Project] INFO  o.e.m.w.i.f.ResourceFilteringBuildParticipant - Cleaning filtered folder for QuizPortal
2025-12-18 17:53:57,624 [Worker-38: Updating Maven Project] INFO  o.e.m.c.i.p.ProjectConfigurationManager - Update completed for 1 poms: local refresh takes 0.00 sec, refresh facades takes 2.00 sec, update config takes 0.00 sec 
2025-12-18 17:53:58,081 [Worker-39: Building] INFO  o.a.m.s.f.DefaultMavenResourcesFiltering - skip non existing resourceDirectory C:\Users\thummaluru.sandhya1\MiniProject\QuizPortal\src\main\resources
2025-12-18 17:53:58,084 [Worker-39: Building] INFO  o.a.m.s.f.DefaultMavenResourcesFiltering - skip non existing resourceDirectory C:\Users\thummaluru.sandhya1\MiniProject\QuizPortal\src\test\resources
2025-12-18 17:53:58,085 [Worker-39: Building] INFO  o.e.m.w.i.f.ResourceFilteringBuildParticipant - Changed resources require a complete clean of filtered resources of QuizPortal
2025-12-18 17:53:58,085 [Worker-39: Building] INFO  o.e.m.w.i.f.ResourceFilteringBuildParticipant - Executing resource filtering for QuizPortal
2025-12-18 17:57:06,025 [Worker-39: Building] INFO  o.a.m.s.f.DefaultMavenResourcesFiltering - skip non existing resourceDirectory C:\Users\thummaluru.sandhya1\MiniProject\QuizPortal\src\main\resources
2025-12-18 17:57:06,028 [Worker-39: Building] INFO  o.a.m.s.f.DefaultMavenResourcesFiltering - skip non existing resourceDirectory C:\Users\thummaluru.sandhya1\MiniProject\QuizPortal\src\test\resources
2025-12-18 17:59:03,087 [Worker-41: Building] INFO  o.a.m.s.f.DefaultMavenResourcesFiltering - skip non existing resourceDirectory C:\Users\thummaluru.sandhya1\MiniProject\QuizPortal\src\main\resources
2025-12-18 17:59:03,089 [Worker-41: Building] INFO  o.a.m.s.f.DefaultMavenResourcesFiltering - skip non existing resourceDirectory C:\Users\thummaluru.sandhya1\MiniProject\QuizPortal\src\test\resources
2025-12-18 18:00:24,945 [Worker-42: Building] INFO  o.a.m.s.f.DefaultMavenResourcesFiltering - skip non existing resourceDirectory C:\Users\thummaluru.sandhya1\MiniProject\QuizPortal\src\main\resources
2025-12-18 18:00:24,948 [Worker-42: Building] INFO  o.a.m.s.f.DefaultMavenResourcesFiltering - skip non existing resourceDirectory C:\Users\thummaluru.sandhya1\MiniProject\QuizPortal\src\test\resources
2025-12-18 18:02:19,549 [Worker-42: Building] INFO  o.a.m.s.f.DefaultMavenResourcesFiltering - skip non existing resourceDirectory C:\Users\thummaluru.sandhya1\MiniProject\QuizPortal\src\main\resources
2025-12-18 18:02:19,553 [Worker-42: Building] INFO  o.a.m.s.f.DefaultMavenResourcesFiltering - skip non existing resourceDirectory C:\Users\thummaluru.sandhya1\MiniProject\QuizPortal\src\test\resources
2025-12-18 18:03:48,435 [Worker-41: Building] INFO  o.a.m.s.f.DefaultMavenResourcesFiltering - skip non existing resourceDirectory C:\Users\thummaluru.sandhya1\MiniProject\QuizPortal\src\main\resources
2025-12-18 18:03:48,438 [Worker-41: Building] INFO  o.a.m.s.f.DefaultMavenResourcesFiltering - skip non existing resourceDirectory C:\Users\thummaluru.sandhya1\MiniProject\QuizPortal\src\test\resources
2025-12-18 18:06:02,517 [Worker-41: Building] INFO  o.a.m.s.f.DefaultMavenResourcesFiltering - skip non existing resourceDirectory C:\Users\thummaluru.sandhya1\MiniProject\QuizPortal\src\main\resources
2025-12-18 18:06:02,519 [Worker-41: Building] INFO  o.a.m.s.f.DefaultMavenResourcesFiltering - skip non existing resourceDirectory C:\Users\thummaluru.sandhya1\MiniProject\QuizPortal\src\test\resources
2025-12-18 18:07:20,684 [Worker-43: Building] INFO  o.a.m.s.f.DefaultMavenResourcesFiltering - skip non existing resourceDirectory C:\Users\thummaluru.sandhya1\MiniProject\QuizPortal\src\main\resources
2025-12-18 18:07:20,686 [Worker-43: Building] INFO  o.a.m.s.f.DefaultMavenResourcesFiltering - skip non existing resourceDirectory C:\Users\thummaluru.sandhya1\MiniProject\QuizPortal\src\test\resources
2025-12-19 17:49:04,789 [Worker-7: Loading available Gradle versions] INFO  o.e.b.c.i.u.g.PublishedGradleVersions - Gradle version information cache is out-of-date. Trying to update.
2025-12-19 18:01:37,149 [Worker-20: Building] INFO  o.a.m.s.f.DefaultMavenResourcesFiltering - skip non existing resourceDirectory C:\Users\thummaluru.sandhya1\MiniProject\QuizPortal\src\main\resources
2025-12-19 18:01:37,154 [Worker-20: Building] INFO  o.a.m.s.f.DefaultMavenResourcesFiltering - skip non existing resourceDirectory C:\Users\thummaluru.sandhya1\MiniProject\QuizPortal\src\test\resources
2025-12-19 18:02:26,360 [Worker-5: Building] INFO  o.a.m.s.f.DefaultMavenResourcesFiltering - skip non existing resourceDirectory C:\Users\thummaluru.sandhya1\MiniProject\QuizPortal\src\main\resources
2025-12-19 18:02:26,364 [Worker-5: Building] INFO  o.a.m.s.f.DefaultMavenResourcesFiltering - skip non existing resourceDirectory C:\Users\thummaluru.sandhya1\MiniProject\QuizPortal\src\test\resources
2025-12-19 18:07:19,510 [Worker-3: Building] INFO  o.a.m.s.f.DefaultMavenResourcesFiltering - skip non existing resourceDirectory C:\Users\thummaluru.sandhya1\MiniProject\QuizPortal\src\main\resources
2025-12-19 18:07:19,513 [Worker-3: Building] INFO  o.a.m.s.f.DefaultMavenResourcesFiltering - skip non existing resourceDirectory C:\Users\thummaluru.sandhya1\MiniProject\QuizPortal\src\test\resources
2025-12-19 18:08:05,052 [Worker-4: Building] INFO  o.a.m.s.f.DefaultMavenResourcesFiltering - skip non existing resourceDirectory C:\Users\thummaluru.sandhya1\MiniProject\QuizPortal\src\main\resources
2025-12-19 18:08:05,055 [Worker-4: Building] INFO  o.a.m.s.f.DefaultMavenResourcesFiltering - skip non existing resourceDirectory C:\Users\thummaluru.sandhya1\MiniProject\QuizPortal\src\test\resources
2025-12-19 18:08:11,006 [Worker-3: Building] INFO  o.a.m.s.f.DefaultMavenResourcesFiltering - skip non existing resourceDirectory C:\Users\thummaluru.sandhya1\MiniProject\QuizPortal\src\main\resources
2025-12-19 18:08:11,009 [Worker-3: Building] INFO  o.a.m.s.f.DefaultMavenResourcesFiltering - skip non existing resourceDirectory C:\Users\thummaluru.sandhya1\MiniProject\QuizPortal\src\test\resources
2025-12-19 18:09:37,621 [Worker-11: Building] INFO  o.a.m.s.f.DefaultMavenResourcesFiltering - skip non existing resourceDirectory C:\Users\thummaluru.sandhya1\MiniProject\QuizPortal\src\main\resources
2025-12-19 18:09:37,623 [Worker-11: Building] INFO  o.a.m.s.f.DefaultMavenResourcesFiltering - skip non existing resourceDirectory C:\Users\thummaluru.sandhya1\MiniProject\QuizPortal\src\test\resources
2025-12-19 18:11:12,523 [Worker-14: Building] INFO  o.a.m.s.f.DefaultMavenResourcesFiltering - skip non existing resourceDirectory C:\Users\thummaluru.sandhya1\MiniProject\QuizPortal\src\main\resources
2025-12-19 18:11:12,526 [Worker-14: Building] INFO  o.a.m.s.f.DefaultMavenResourcesFiltering - skip non existing resourceDirectory C:\Users\thummaluru.sandhya1\MiniProject\QuizPortal\src\test\resources
2025-12-19 18:11:49,640 [Worker-14: Building] INFO  o.a.m.s.f.DefaultMavenResourcesFiltering - skip non existing resourceDirectory C:\Users\thummaluru.sandhya1\MiniProject\QuizPortal\src\main\resources
2025-12-19 18:11:49,644 [Worker-14: Building] INFO  o.a.m.s.f.DefaultMavenResourcesFiltering - skip non existing resourceDirectory C:\Users\thummaluru.sandhya1\MiniProject\QuizPortal\src\test\resources
2025-12-19 18:12:00,916 [Worker-20: Building] INFO  o.a.m.s.f.DefaultMavenResourcesFiltering - skip non existing resourceDirectory C:\Users\thummaluru.sandhya1\MiniProject\QuizPortal\src\main\resources
2025-12-19 18:12:00,919 [Worker-20: Building] INFO  o.a.m.s.f.DefaultMavenResourcesFiltering - skip non existing resourceDirectory C:\Users\thummaluru.sandhya1\MiniProject\QuizPortal\src\test\resources
2025-12-20 08:36:12,088 [Worker-2: Loading available Gradle versions] INFO  o.e.b.c.i.u.g.PublishedGradleVersions - Gradle version information cache is up-to-date. Trying to read.
2025-12-20 08:49:01,383 [Worker-26: Building] INFO  o.a.m.s.f.DefaultMavenResourcesFiltering - Copying 1 resource from src\main\resources to target\classes
2025-12-20 08:49:01,432 [Worker-26: Building] INFO  o.a.m.s.f.DefaultMavenResourcesFiltering - Copying 0 resource from src\main\resources to target\classes
2025-12-20 08:49:01,438 [Worker-26: Building] INFO  o.a.m.s.f.DefaultMavenResourcesFiltering - skip non existing resourceDirectory C:\Users\thummaluru.sandhya1\Downloads\Ecomerce App\Ecomerce-App\src\test\resources
2025-12-20 09:08:28,610 [Worker-29: Building] INFO  o.a.m.s.f.DefaultMavenResourcesFiltering - skip non existing resourceDirectory C:\Users\thummaluru.sandhya1\MiniProject\QuizPortal\src\main\resources
2025-12-20 09:08:28,614 [Worker-29: Building] INFO  o.a.m.s.f.DefaultMavenResourcesFiltering - skip non existing resourceDirectory C:\Users\thummaluru.sandhya1\MiniProject\QuizPortal\src\test\resources
2025-12-20 09:09:19,915 [Worker-27: Building] INFO  o.a.m.s.f.DefaultMavenResourcesFiltering - skip non existing resourceDirectory C:\Users\thummaluru.sandhya1\MiniProject\QuizPortal\src\main\resources
2025-12-20 09:09:19,919 [Worker-27: Building] INFO  o.a.m.s.f.DefaultMavenResourcesFiltering - skip non existing resourceDirectory C:\Users\thummaluru.sandhya1\MiniProject\QuizPortal\src\test\resources
2025-12-20 09:12:02,446 [Worker-24: Building] INFO  o.a.m.s.f.DefaultMavenResourcesFiltering - skip non existing resourceDirectory C:\Users\thummaluru.sandhya1\MiniProject\QuizPortal\src\main\resources
2025-12-20 09:12:02,450 [Worker-24: Building] INFO  o.a.m.s.f.DefaultMavenResourcesFiltering - skip non existing resourceDirectory C:\Users\thummaluru.sandhya1\MiniProject\QuizPortal\src\test\resources
2025-12-20 09:12:25,718 [Worker-25: Building] INFO  o.a.m.s.f.DefaultMavenResourcesFiltering - skip non existing resourceDirectory C:\Users\thummaluru.sandhya1\MiniProject\QuizPortal\src\main\resources
2025-12-20 09:12:25,721 [Worker-25: Building] INFO  o.a.m.s.f.DefaultMavenResourcesFiltering - skip non existing resourceDirectory C:\Users\thummaluru.sandhya1\MiniProject\QuizPortal\src\test\resources
2025-12-20 09:12:54,622 [Worker-24: Updating Maven Project] INFO  o.e.m.c.i.p.ProjectConfigurationManager - Update started
2025-12-20 09:12:55,892 [Worker-24: Updating Maven Project] INFO  o.e.m.c.i.l.LifecycleMappingFactory - Using org.maven.ide.eclipse.wtp.WarLifecycleMapping lifecycle mapping for MavenProject: com.model:QuizPortal:0.0.1-SNAPSHOT @ C:\Users\thummaluru.sandhya1\MiniProject\QuizPortal\pom.xml.
2025-12-20 09:12:57,590 [Worker-24: Updating Maven Project] INFO  o.e.m.j.i.AbstractJavaProjectConfigurator - Adding source folder /QuizPortal/src/main/java
2025-12-20 09:12:57,592 [Worker-24: Updating Maven Project] INFO  o.e.m.j.i.AbstractJavaProjectConfigurator - Adding resource folder /QuizPortal/src/main/resources
2025-12-20 09:12:57,593 [Worker-24: Updating Maven Project] INFO  o.e.m.j.i.AbstractJavaProjectConfigurator - Adding source folder /QuizPortal/src/test/java
2025-12-20 09:12:57,594 [Worker-24: Updating Maven Project] INFO  o.e.m.j.i.AbstractJavaProjectConfigurator - Adding resource folder /QuizPortal/src/test/resources
2025-12-20 09:12:58,764 [Worker-24: Updating Maven Project] INFO  o.e.m.w.i.f.ResourceFilteringBuildParticipant - Cleaning filtered folder for QuizPortal
2025-12-20 09:12:58,799 [Worker-24: Updating Maven Project] INFO  o.e.m.c.i.p.ProjectConfigurationManager - Update completed for 1 poms: local refresh takes 0.00 sec, refresh facades takes 2.00 sec, update config takes 1.00 sec 
2025-12-20 09:12:59,184 [Worker-26: Building] INFO  o.a.m.s.f.DefaultMavenResourcesFiltering - skip non existing resourceDirectory C:\Users\thummaluru.sandhya1\MiniProject\QuizPortal\src\main\resources
2025-12-20 09:12:59,187 [Worker-26: Building] INFO  o.a.m.s.f.DefaultMavenResourcesFiltering - skip non existing resourceDirectory C:\Users\thummaluru.sandhya1\MiniProject\QuizPortal\src\test\resources
2025-12-20 09:12:59,188 [Worker-26: Building] INFO  o.e.m.w.i.f.ResourceFilteringBuildParticipant - Changed resources require a complete clean of filtered resources of QuizPortal
2025-12-20 09:12:59,188 [Worker-26: Building] INFO  o.e.m.w.i.f.ResourceFilteringBuildParticipant - Executing resource filtering for QuizPortal
2025-12-20 09:17:35,250 [Worker-26: Building] INFO  o.a.m.s.f.DefaultMavenResourcesFiltering - skip non existing resourceDirectory C:\Users\thummaluru.sandhya1\MiniProject\QuizPortal\src\main\resources
2025-12-20 09:17:35,254 [Worker-26: Building] INFO  o.a.m.s.f.DefaultMavenResourcesFiltering - skip non existing resourceDirectory C:\Users\thummaluru.sandhya1\MiniProject\QuizPortal\src\test\resources
2025-12-20 09:19:31,437 [Worker-29: Building] INFO  o.a.m.s.f.DefaultMavenResourcesFiltering - skip non existing resourceDirectory C:\Users\thummaluru.sandhya1\MiniProject\QuizPortal\src\main\resources
2025-12-20 09:19:31,439 [Worker-29: Building] INFO  o.a.m.s.f.DefaultMavenResourcesFiltering - skip non existing resourceDirectory C:\Users\thummaluru.sandhya1\MiniProject\QuizPortal\src\test\resources
2025-12-20 09:19:38,648 [Worker-27: Building] INFO  o.a.m.s.f.DefaultMavenResourcesFiltering - skip non existing resourceDirectory C:\Users\thummaluru.sandhya1\MiniProject\QuizPortal\src\main\resources
2025-12-20 09:19:38,650 [Worker-27: Building] INFO  o.a.m.s.f.DefaultMavenResourcesFiltering - skip non existing resourceDirectory C:\Users\thummaluru.sandhya1\MiniProject\QuizPortal\src\test\resources
2025-12-20 16:52:08,393 [Worker-22: Building] INFO  o.a.m.s.f.DefaultMavenResourcesFiltering - skip non existing resourceDirectory C:\Users\thummaluru.sandhya1\MiniProject\QuizPortal\src\main\resources
2025-12-20 16:52:08,398 [Worker-22: Building] INFO  o.a.m.s.f.DefaultMavenResourcesFiltering - skip non existing resourceDirectory C:\Users\thummaluru.sandhya1\MiniProject\QuizPortal\src\test\resources
2025-12-20 16:53:00,631 [Start Help Server] INFO  org.eclipse.jetty.server.Server - jetty-12.0.16; built: 2024-12-09T21:02:54.535Z; git: c3f88bafb4e393f23204dc14dc57b042e84debc7; jvm 21.0.6+7-LTS
2025-12-20 16:53:00,694 [Start Help Server] INFO  o.e.j.server.handler.ContextHandler - Started oeje8n.ContextHandler$CoreContextHandler@6f296232{/help,/help,b=null,a=AVAILABLE,h=oeje8n.ContextHandler$CoreContextHandler$CoreToNestedHandler@758a7db6{STARTED}}
2025-12-20 16:53:00,695 [Start Help Server] INFO  o.e.j.s.DefaultSessionIdManager - Session workerName=node0
2025-12-20 16:53:00,722 [Start Help Server] INFO  o.e.jetty.server.AbstractConnector - Started ServerConnector@4b7b3a45{HTTP/1.1, (http/1.1)}{127.0.0.1:53056}
2025-12-20 16:53:00,760 [Start Help Server] INFO  org.eclipse.jetty.server.Server - Started oejs.Server@24db37b{STARTING}[12.0.16,sto=0] @29976240ms
2025-12-20 16:54:41,429 [Worker-29: Building] INFO  o.a.m.s.f.DefaultMavenResourcesFiltering - skip non existing resourceDirectory C:\Users\thummaluru.sandhya1\MiniProject\QuizPortal\src\main\resources
2025-12-20 16:54:41,432 [Worker-29: Building] INFO  o.a.m.s.f.DefaultMavenResourcesFiltering - skip non existing resourceDirectory C:\Users\thummaluru.sandhya1\MiniProject\QuizPortal\src\test\resources
2025-12-20 17:00:34,050 [Worker-28: Building] INFO  o.a.m.s.f.DefaultMavenResourcesFiltering - skip non existing resourceDirectory C:\Users\thummaluru.sandhya1\MiniProject\QuizPortal\src\main\resources
2025-12-20 17:00:34,054 [Worker-28: Building] INFO  o.a.m.s.f.DefaultMavenResourcesFiltering - skip non existing resourceDirectory C:\Users\thummaluru.sandhya1\MiniProject\QuizPortal\src\test\resources
2025-12-20 17:02:41,460 [Worker-22: Building] INFO  o.a.m.s.f.DefaultMavenResourcesFiltering - skip non existing resourceDirectory C:\Users\thummaluru.sandhya1\MiniProject\QuizPortal\src\main\resources
2025-12-20 17:02:41,463 [Worker-22: Building] INFO  o.a.m.s.f.DefaultMavenResourcesFiltering - skip non existing resourceDirectory C:\Users\thummaluru.sandhya1\MiniProject\QuizPortal\src\test\resources
2025-12-20 17:03:12,420 [Worker-27: Building] INFO  o.a.m.s.f.DefaultMavenResourcesFiltering - skip non existing resourceDirectory C:\Users\thummaluru.sandhya1\MiniProject\QuizPortal\src\main\resources
2025-12-20 17:03:12,424 [Worker-27: Building] INFO  o.a.m.s.f.DefaultMavenResourcesFiltering - skip non existing resourceDirectory C:\Users\thummaluru.sandhya1\MiniProject\QuizPortal\src\test\resources
2025-12-20 17:03:27,065 [Worker-25: Building] INFO  o.a.m.s.f.DefaultMavenResourcesFiltering - skip non existing resourceDirectory C:\Users\thummaluru.sandhya1\MiniProject\QuizPortal\src\main\resources
2025-12-20 17:03:27,068 [Worker-25: Building] INFO  o.a.m.s.f.DefaultMavenResourcesFiltering - skip non existing resourceDirectory C:\Users\thummaluru.sandhya1\MiniProject\QuizPortal\src\test\resources
2025-12-20 17:05:03,329 [Worker-27: Building] INFO  o.a.m.s.f.DefaultMavenResourcesFiltering - skip non existing resourceDirectory C:\Users\thummaluru.sandhya1\MiniProject\QuizPortal\src\main\resources
2025-12-20 17:05:03,332 [Worker-27: Building] INFO  o.a.m.s.f.DefaultMavenResourcesFiltering - skip non existing resourceDirectory C:\Users\thummaluru.sandhya1\MiniProject\QuizPortal\src\test\resources
2025-12-20 17:05:09,898 [Worker-29: Building] INFO  o.a.m.s.f.DefaultMavenResourcesFiltering - skip non existing resourceDirectory C:\Users\thummaluru.sandhya1\MiniProject\QuizPortal\src\main\resources
2025-12-20 17:05:09,900 [Worker-29: Building] INFO  o.a.m.s.f.DefaultMavenResourcesFiltering - skip non existing resourceDirectory C:\Users\thummaluru.sandhya1\MiniProject\QuizPortal\src\test\resources
2025-12-20 17:05:46,714 [Worker-22: Building] INFO  o.a.m.s.f.DefaultMavenResourcesFiltering - skip non existing resourceDirectory C:\Users\thummaluru.sandhya1\MiniProject\QuizPortal\src\main\resources
2025-12-20 17:05:46,717 [Worker-22: Building] INFO  o.a.m.s.f.DefaultMavenResourcesFiltering - skip non existing resourceDirectory C:\Users\thummaluru.sandhya1\MiniProject\QuizPortal\src\test\resources
2025-12-20 17:07:21,868 [Worker-17: Building] INFO  o.a.m.s.f.DefaultMavenResourcesFiltering - skip non existing resourceDirectory C:\Users\thummaluru.sandhya1\MiniProject\QuizPortal\src\main\resources
2025-12-20 17:07:21,871 [Worker-17: Building] INFO  o.a.m.s.f.DefaultMavenResourcesFiltering - skip non existing resourceDirectory C:\Users\thummaluru.sandhya1\MiniProject\QuizPortal\src\test\resources
2025-12-20 17:07:45,456 [Worker-17: Building] INFO  o.a.m.s.f.DefaultMavenResourcesFiltering - skip non existing resourceDirectory C:\Users\thummaluru.sandhya1\MiniProject\QuizPortal\src\main\resources
2025-12-20 17:07:45,459 [Worker-17: Building] INFO  o.a.m.s.f.DefaultMavenResourcesFiltering - skip non existing resourceDirectory C:\Users\thummaluru.sandhya1\MiniProject\QuizPortal\src\test\resources
2025-12-20 17:08:18,870 [Worker-24: Building] INFO  o.a.m.s.f.DefaultMavenResourcesFiltering - skip non existing resourceDirectory C:\Users\thummaluru.sandhya1\MiniProject\QuizPortal\src\main\resources
2025-12-20 17:08:18,873 [Worker-24: Building] INFO  o.a.m.s.f.DefaultMavenResourcesFiltering - skip non existing resourceDirectory C:\Users\thummaluru.sandhya1\MiniProject\QuizPortal\src\test\resources
2025-12-20 17:09:04,414 [Worker-27: Building] INFO  o.a.m.s.f.DefaultMavenResourcesFiltering - skip non existing resourceDirectory C:\Users\thummaluru.sandhya1\MiniProject\QuizPortal\src\main\resources
2025-12-20 17:09:04,416 [Worker-27: Building] INFO  o.a.m.s.f.DefaultMavenResourcesFiltering - skip non existing resourceDirectory C:\Users\thummaluru.sandhya1\MiniProject\QuizPortal\src\test\resources
2025-12-20 17:11:17,395 [Worker-22: Building] INFO  o.a.m.s.f.DefaultMavenResourcesFiltering - skip non existing resourceDirectory C:\Users\thummaluru.sandhya1\MiniProject\QuizPortal\src\main\resources
2025-12-20 17:11:17,397 [Worker-22: Building] INFO  o.a.m.s.f.DefaultMavenResourcesFiltering - skip non existing resourceDirectory C:\Users\thummaluru.sandhya1\MiniProject\QuizPortal\src\test\resources
2025-12-20 17:11:28,003 [Worker-24: Building] INFO  o.a.m.s.f.DefaultMavenResourcesFiltering - skip non existing resourceDirectory C:\Users\thummaluru.sandhya1\MiniProject\QuizPortal\src\main\resources
2025-12-20 17:11:28,006 [Worker-24: Building] INFO  o.a.m.s.f.DefaultMavenResourcesFiltering - skip non existing resourceDirectory C:\Users\thummaluru.sandhya1\MiniProject\QuizPortal\src\test\resources
2025-12-20 17:12:02,723 [Worker-29: Building] INFO  o.a.m.s.f.DefaultMavenResourcesFiltering - skip non existing resourceDirectory C:\Users\thummaluru.sandhya1\MiniProject\QuizPortal\src\main\resources
2025-12-20 17:12:02,726 [Worker-29: Building] INFO  o.a.m.s.f.DefaultMavenResourcesFiltering - skip non existing resourceDirectory C:\Users\thummaluru.sandhya1\MiniProject\QuizPortal\src\test\resources
2025-12-20 17:12:48,589 [Worker-29: Building] INFO  o.a.m.s.f.DefaultMavenResourcesFiltering - skip non existing resourceDirectory C:\Users\thummaluru.sandhya1\MiniProject\QuizPortal\src\main\resources
2025-12-20 17:12:48,593 [Worker-29: Building] INFO  o.a.m.s.f.DefaultMavenResourcesFiltering - skip non existing resourceDirectory C:\Users\thummaluru.sandhya1\MiniProject\QuizPortal\src\test\resources
2025-12-20 17:14:26,414 [Worker-29: Building] INFO  o.a.m.s.f.DefaultMavenResourcesFiltering - skip non existing resourceDirectory C:\Users\thummaluru.sandhya1\MiniProject\QuizPortal\src\main\resources
2025-12-20 17:14:26,418 [Worker-29: Building] INFO  o.a.m.s.f.DefaultMavenResourcesFiltering - skip non existing resourceDirectory C:\Users\thummaluru.sandhya1\MiniProject\QuizPortal\src\test\resources
2025-12-20 17:17:57,274 [Worker-28: Building] INFO  o.a.m.s.f.DefaultMavenResourcesFiltering - skip non existing resourceDirectory C:\Users\thummaluru.sandhya1\MiniProject\QuizPortal\src\main\resources
2025-12-20 17:17:57,276 [Worker-28: Building] INFO  o.a.m.s.f.DefaultMavenResourcesFiltering - skip non existing resourceDirectory C:\Users\thummaluru.sandhya1\MiniProject\QuizPortal\src\test\resources
2025-12-20 17:18:08,325 [Worker-27: Building] INFO  o.a.m.s.f.DefaultMavenResourcesFiltering - skip non existing resourceDirectory C:\Users\thummaluru.sandhya1\MiniProject\QuizPortal\src\main\resources
2025-12-20 17:18:08,343 [Worker-27: Building] INFO  o.a.m.s.f.DefaultMavenResourcesFiltering - skip non existing resourceDirectory C:\Users\thummaluru.sandhya1\MiniProject\QuizPortal\src\test\resources
2025-12-20 17:20:03,548 [Worker-29: Building] INFO  o.a.m.s.f.DefaultMavenResourcesFiltering - skip non existing resourceDirectory C:\Users\thummaluru.sandhya1\MiniProject\QuizPortal\src\main\resources
2025-12-20 17:20:03,551 [Worker-29: Building] INFO  o.a.m.s.f.DefaultMavenResourcesFiltering - skip non existing resourceDirectory C:\Users\thummaluru.sandhya1\MiniProject\QuizPortal\src\test\resources
2025-12-20 17:20:42,800 [Worker-28: Building] INFO  o.a.m.s.f.DefaultMavenResourcesFiltering - skip non existing resourceDirectory C:\Users\thummaluru.sandhya1\MiniProject\QuizPortal\src\main\resources
2025-12-20 17:20:42,802 [Worker-28: Building] INFO  o.a.m.s.f.DefaultMavenResourcesFiltering - skip non existing resourceDirectory C:\Users\thummaluru.sandhya1\MiniProject\QuizPortal\src\test\resources
2025-12-20 17:23:23,122 [Worker-25: Building] INFO  o.a.m.s.f.DefaultMavenResourcesFiltering - skip non existing resourceDirectory C:\Users\thummaluru.sandhya1\MiniProject\QuizPortal\src\main\resources
2025-12-20 17:23:23,125 [Worker-25: Building] INFO  o.a.m.s.f.DefaultMavenResourcesFiltering - skip non existing resourceDirectory C:\Users\thummaluru.sandhya1\MiniProject\QuizPortal\src\test\resources
2025-12-20 17:24:13,486 [Worker-31: Building] INFO  o.a.m.s.f.DefaultMavenResourcesFiltering - skip non existing resourceDirectory C:\Users\thummaluru.sandhya1\MiniProject\QuizPortal\src\main\resources
2025-12-20 17:24:13,489 [Worker-31: Building] INFO  o.a.m.s.f.DefaultMavenResourcesFiltering - skip non existing resourceDirectory C:\Users\thummaluru.sandhya1\MiniProject\QuizPortal\src\test\resources
2025-12-20 17:41:10,309 [Worker-17: Building] INFO  o.a.m.s.f.DefaultMavenResourcesFiltering - skip non existing resourceDirectory C:\Users\thummaluru.sandhya1\MiniProject\QuizPortal\src\main\resources
2025-12-20 17:41:10,311 [Worker-17: Building] INFO  o.a.m.s.f.DefaultMavenResourcesFiltering - skip non existing resourceDirectory C:\Users\thummaluru.sandhya1\MiniProject\QuizPortal\src\test\resources
2025-12-20 17:41:48,070 [Worker-28: Building] INFO  o.a.m.s.f.DefaultMavenResourcesFiltering - skip non existing resourceDirectory C:\Users\thummaluru.sandhya1\MiniProject\QuizPortal\src\main\resources
2025-12-20 17:41:48,072 [Worker-28: Building] INFO  o.a.m.s.f.DefaultMavenResourcesFiltering - skip non existing resourceDirectory C:\Users\thummaluru.sandhya1\MiniProject\QuizPortal\src\test\resources
2025-12-20 17:42:29,200 [Worker-27: Building] INFO  o.a.m.s.f.DefaultMavenResourcesFiltering - skip non existing resourceDirectory C:\Users\thummaluru.sandhya1\MiniProject\QuizPortal\src\main\resources
2025-12-20 17:42:29,203 [Worker-27: Building] INFO  o.a.m.s.f.DefaultMavenResourcesFiltering - skip non existing resourceDirectory C:\Users\thummaluru.sandhya1\MiniProject\QuizPortal\src\test\resources
2025-12-20 17:43:16,878 [Worker-27: Building] INFO  o.a.m.s.f.DefaultMavenResourcesFiltering - skip non existing resourceDirectory C:\Users\thummaluru.sandhya1\MiniProject\QuizPortal\src\main\resources
2025-12-20 17:43:16,881 [Worker-27: Building] INFO  o.a.m.s.f.DefaultMavenResourcesFiltering - skip non existing resourceDirectory C:\Users\thummaluru.sandhya1\MiniProject\QuizPortal\src\test\resources
2025-12-20 17:43:52,115 [Worker-17: Building] INFO  o.a.m.s.f.DefaultMavenResourcesFiltering - skip non existing resourceDirectory C:\Users\thummaluru.sandhya1\MiniProject\QuizPortal\src\main\resources
2025-12-20 17:43:52,117 [Worker-17: Building] INFO  o.a.m.s.f.DefaultMavenResourcesFiltering - skip non existing resourceDirectory C:\Users\thummaluru.sandhya1\MiniProject\QuizPortal\src\test\resources
2025-12-20 17:44:27,096 [Worker-24: Building] INFO  o.a.m.s.f.DefaultMavenResourcesFiltering - skip non existing resourceDirectory C:\Users\thummaluru.sandhya1\MiniProject\QuizPortal\src\main\resources
2025-12-20 17:44:27,098 [Worker-24: Building] INFO  o.a.m.s.f.DefaultMavenResourcesFiltering - skip non existing resourceDirectory C:\Users\thummaluru.sandhya1\MiniProject\QuizPortal\src\test\resources
2025-12-20 17:44:45,347 [Worker-25: Building] INFO  o.a.m.s.f.DefaultMavenResourcesFiltering - skip non existing resourceDirectory C:\Users\thummaluru.sandhya1\MiniProject\QuizPortal\src\main\resources
2025-12-20 17:44:45,350 [Worker-25: Building] INFO  o.a.m.s.f.DefaultMavenResourcesFiltering - skip non existing resourceDirectory C:\Users\thummaluru.sandhya1\MiniProject\QuizPortal\src\test\resources
2025-12-20 17:45:54,539 [Worker-31: Building] INFO  o.a.m.s.f.DefaultMavenResourcesFiltering - skip non existing resourceDirectory C:\Users\thummaluru.sandhya1\MiniProject\QuizPortal\src\main\resources
2025-12-20 17:45:54,542 [Worker-31: Building] INFO  o.a.m.s.f.DefaultMavenResourcesFiltering - skip non existing resourceDirectory C:\Users\thummaluru.sandhya1\MiniProject\QuizPortal\src\test\resources
2025-12-20 17:46:45,807 [Worker-26: Building] INFO  o.a.m.s.f.DefaultMavenResourcesFiltering - skip non existing resourceDirectory C:\Users\thummaluru.sandhya1\MiniProject\QuizPortal\src\main\resources
2025-12-20 17:46:45,809 [Worker-26: Building] INFO  o.a.m.s.f.DefaultMavenResourcesFiltering - skip non existing resourceDirectory C:\Users\thummaluru.sandhya1\MiniProject\QuizPortal\src\test\resources
2025-12-20 17:47:30,682 [Worker-22: Building] INFO  o.a.m.s.f.DefaultMavenResourcesFiltering - skip non existing resourceDirectory C:\Users\thummaluru.sandhya1\MiniProject\QuizPortal\src\main\resources
2025-12-20 17:47:30,684 [Worker-22: Building] INFO  o.a.m.s.f.DefaultMavenResourcesFiltering - skip non existing resourceDirectory C:\Users\thummaluru.sandhya1\MiniProject\QuizPortal\src\test\resources
2025-12-20 17:47:37,613 [Worker-26: Building] INFO  o.a.m.s.f.DefaultMavenResourcesFiltering - skip non existing resourceDirectory C:\Users\thummaluru.sandhya1\MiniProject\QuizPortal\src\main\resources
2025-12-20 17:47:37,615 [Worker-26: Building] INFO  o.a.m.s.f.DefaultMavenResourcesFiltering - skip non existing resourceDirectory C:\Users\thummaluru.sandhya1\MiniProject\QuizPortal\src\test\resources
2025-12-20 17:48:02,013 [Worker-17: Building] INFO  o.a.m.s.f.DefaultMavenResourcesFiltering - skip non existing resourceDirectory C:\Users\thummaluru.sandhya1\MiniProject\QuizPortal\src\main\resources
2025-12-20 17:48:02,014 [Worker-17: Building] INFO  o.a.m.s.f.DefaultMavenResourcesFiltering - skip non existing resourceDirectory C:\Users\thummaluru.sandhya1\MiniProject\QuizPortal\src\test\resources
2025-12-20 17:48:15,203 [Worker-25: Building] INFO  o.a.m.s.f.DefaultMavenResourcesFiltering - skip non existing resourceDirectory C:\Users\thummaluru.sandhya1\MiniProject\QuizPortal\src\main\resources
2025-12-20 17:48:15,206 [Worker-25: Building] INFO  o.a.m.s.f.DefaultMavenResourcesFiltering - skip non existing resourceDirectory C:\Users\thummaluru.sandhya1\MiniProject\QuizPortal\src\test\resources
2025-12-20 17:48:43,489 [Worker-26: Building] INFO  o.a.m.s.f.DefaultMavenResourcesFiltering - skip non existing resourceDirectory C:\Users\thummaluru.sandhya1\MiniProject\QuizPortal\src\main\resources
2025-12-20 17:48:43,492 [Worker-26: Building] INFO  o.a.m.s.f.DefaultMavenResourcesFiltering - skip non existing resourceDirectory C:\Users\thummaluru.sandhya1\MiniProject\QuizPortal\src\test\resources
2025-12-20 17:49:01,152 [Worker-24: Building] INFO  o.a.m.s.f.DefaultMavenResourcesFiltering - skip non existing resourceDirectory C:\Users\thummaluru.sandhya1\MiniProject\QuizPortal\src\main\resources
2025-12-20 17:49:01,154 [Worker-24: Building] INFO  o.a.m.s.f.DefaultMavenResourcesFiltering - skip non existing resourceDirectory C:\Users\thummaluru.sandhya1\MiniProject\QuizPortal\src\test\resources
2025-12-20 17:49:29,223 [Worker-22: Building] INFO  o.a.m.s.f.DefaultMavenResourcesFiltering - skip non existing resourceDirectory C:\Users\thummaluru.sandhya1\MiniProject\QuizPortal\src\main\resources
2025-12-20 17:49:29,225 [Worker-22: Building] INFO  o.a.m.s.f.DefaultMavenResourcesFiltering - skip non existing resourceDirectory C:\Users\thummaluru.sandhya1\MiniProject\QuizPortal\src\test\resources
2025-12-20 17:49:56,987 [Worker-27: Building] INFO  o.a.m.s.f.DefaultMavenResourcesFiltering - skip non existing resourceDirectory C:\Users\thummaluru.sandhya1\MiniProject\QuizPortal\src\main\resources
2025-12-20 17:49:56,989 [Worker-27: Building] INFO  o.a.m.s.f.DefaultMavenResourcesFiltering - skip non existing resourceDirectory C:\Users\thummaluru.sandhya1\MiniProject\QuizPortal\src\test\resources
2025-12-20 17:50:47,784 [Worker-17: Building] INFO  o.a.m.s.f.DefaultMavenResourcesFiltering - skip non existing resourceDirectory C:\Users\thummaluru.sandhya1\MiniProject\QuizPortal\src\main\resources
2025-12-20 17:50:47,786 [Worker-17: Building] INFO  o.a.m.s.f.DefaultMavenResourcesFiltering - skip non existing resourceDirectory C:\Users\thummaluru.sandhya1\MiniProject\QuizPortal\src\test\resources
2025-12-20 17:51:10,932 [Worker-27: Building] INFO  o.a.m.s.f.DefaultMavenResourcesFiltering - skip non existing resourceDirectory C:\Users\thummaluru.sandhya1\MiniProject\QuizPortal\src\main\resources
2025-12-20 17:51:10,935 [Worker-27: Building] INFO  o.a.m.s.f.DefaultMavenResourcesFiltering - skip non existing resourceDirectory C:\Users\thummaluru.sandhya1\MiniProject\QuizPortal\src\test\resources
2025-12-20 18:01:06,710 [Stop Help Server] INFO  org.eclipse.jetty.server.Server - Stopped oejs.Server@24db37b{STOPPING}[12.0.16,sto=0]
2025-12-20 18:01:06,714 [Stop Help Server] INFO  o.e.jetty.server.AbstractConnector - Stopped ServerConnector@4b7b3a45{HTTP/1.1, (http/1.1)}{127.0.0.1:0}
2025-12-23 17:19:57,662 [Worker-1: Loading available Gradle versions] INFO  o.e.b.c.i.u.g.PublishedGradleVersions - Gradle version information cache is out-of-date. Trying to update.
2025-12-23 17:20:41,786 [Worker-10: Building] INFO  o.a.m.s.f.DefaultMavenResourcesFiltering - skip non existing resourceDirectory C:\Users\thummaluru.sandhya1\MiniProject\QuizPortal\src\main\resources
2025-12-23 17:20:41,792 [Worker-10: Building] INFO  o.a.m.s.f.DefaultMavenResourcesFiltering - skip non existing resourceDirectory C:\Users\thummaluru.sandhya1\MiniProject\QuizPortal\src\test\resources
2025-12-23 17:42:54,029 [Worker-3: Building] INFO  o.a.m.s.f.DefaultMavenResourcesFiltering - skip non existing resourceDirectory C:\Users\thummaluru.sandhya1\MiniProject\QuizPortal\src\main\resources
2025-12-23 17:42:54,033 [Worker-3: Building] INFO  o.a.m.s.f.DefaultMavenResourcesFiltering - skip non existing resourceDirectory C:\Users\thummaluru.sandhya1\MiniProject\QuizPortal\src\test\resources
2025-12-23 17:43:34,892 [Worker-11: Building] INFO  o.a.m.s.f.DefaultMavenResourcesFiltering - skip non existing resourceDirectory C:\Users\thummaluru.sandhya1\MiniProject\QuizPortal\src\main\resources
2025-12-23 17:43:34,895 [Worker-11: Building] INFO  o.a.m.s.f.DefaultMavenResourcesFiltering - skip non existing resourceDirectory C:\Users\thummaluru.sandhya1\MiniProject\QuizPortal\src\test\resources
2025-12-23 17:44:46,561 [Worker-6: Building] INFO  o.a.m.s.f.DefaultMavenResourcesFiltering - skip non existing resourceDirectory C:\Users\thummaluru.sandhya1\MiniProject\QuizPortal\src\main\resources
2025-12-23 17:44:46,564 [Worker-6: Building] INFO  o.a.m.s.f.DefaultMavenResourcesFiltering - skip non existing resourceDirectory C:\Users\thummaluru.sandhya1\MiniProject\QuizPortal\src\test\resources
2025-12-23 17:46:41,267 [Worker-3: Building] INFO  o.a.m.s.f.DefaultMavenResourcesFiltering - skip non existing resourceDirectory C:\Users\thummaluru.sandhya1\MiniProject\QuizPortal\src\main\resources
2025-12-23 17:46:41,269 [Worker-3: Building] INFO  o.a.m.s.f.DefaultMavenResourcesFiltering - skip non existing resourceDirectory C:\Users\thummaluru.sandhya1\MiniProject\QuizPortal\src\test\resources
2025-12-23 17:47:03,883 [Worker-3: Building] INFO  o.a.m.s.f.DefaultMavenResourcesFiltering - skip non existing resourceDirectory C:\Users\thummaluru.sandhya1\MiniProject\QuizPortal\src\main\resources
2025-12-23 17:47:03,886 [Worker-3: Building] INFO  o.a.m.s.f.DefaultMavenResourcesFiltering - skip non existing resourceDirectory C:\Users\thummaluru.sandhya1\MiniProject\QuizPortal\src\test\resources
2025-12-23 17:48:08,187 [Worker-11: Building] INFO  o.a.m.s.f.DefaultMavenResourcesFiltering - skip non existing resourceDirectory C:\Users\thummaluru.sandhya1\MiniProject\QuizPortal\src\main\resources
2025-12-23 17:48:08,190 [Worker-11: Building] INFO  o.a.m.s.f.DefaultMavenResourcesFiltering - skip non existing resourceDirectory C:\Users\thummaluru.sandhya1\MiniProject\QuizPortal\src\test\resources
2025-12-23 17:49:28,937 [Worker-6: Building] INFO  o.a.m.s.f.DefaultMavenResourcesFiltering - skip non existing resourceDirectory C:\Users\thummaluru.sandhya1\MiniProject\QuizPortal\src\main\resources
2025-12-23 17:49:28,940 [Worker-6: Building] INFO  o.a.m.s.f.DefaultMavenResourcesFiltering - skip non existing resourceDirectory C:\Users\thummaluru.sandhya1\MiniProject\QuizPortal\src\test\resources
2025-12-23 17:51:19,768 [Worker-4: Building] INFO  o.a.m.s.f.DefaultMavenResourcesFiltering - skip non existing resourceDirectory C:\Users\thummaluru.sandhya1\MiniProject\QuizPortal\src\main\resources
2025-12-23 17:51:19,772 [Worker-4: Building] INFO  o.a.m.s.f.DefaultMavenResourcesFiltering - skip non existing resourceDirectory C:\Users\thummaluru.sandhya1\MiniProject\QuizPortal\src\test\resources
2025-12-23 17:52:02,105 [Worker-11: Building] INFO  o.a.m.s.f.DefaultMavenResourcesFiltering - skip non existing resourceDirectory C:\Users\thummaluru.sandhya1\MiniProject\QuizPortal\src\main\resources
2025-12-23 17:52:02,108 [Worker-11: Building] INFO  o.a.m.s.f.DefaultMavenResourcesFiltering - skip non existing resourceDirectory C:\Users\thummaluru.sandhya1\MiniProject\QuizPortal\src\test\resources
2025-12-23 17:52:31,417 [Worker-4: Building] INFO  o.a.m.s.f.DefaultMavenResourcesFiltering - skip non existing resourceDirectory C:\Users\thummaluru.sandhya1\MiniProject\QuizPortal\src\main\resources
2025-12-23 17:52:31,419 [Worker-4: Building] INFO  o.a.m.s.f.DefaultMavenResourcesFiltering - skip non existing resourceDirectory C:\Users\thummaluru.sandhya1\MiniProject\QuizPortal\src\test\resources
2025-12-23 17:52:59,604 [Worker-9: Building] INFO  o.a.m.s.f.DefaultMavenResourcesFiltering - skip non existing resourceDirectory C:\Users\thummaluru.sandhya1\MiniProject\QuizPortal\src\main\resources
2025-12-23 17:52:59,608 [Worker-9: Building] INFO  o.a.m.s.f.DefaultMavenResourcesFiltering - skip non existing resourceDirectory C:\Users\thummaluru.sandhya1\MiniProject\QuizPortal\src\test\resources
2025-12-23 17:54:01,732 [Worker-10: Building] INFO  o.a.m.s.f.DefaultMavenResourcesFiltering - skip non existing resourceDirectory C:\Users\thummaluru.sandhya1\MiniProject\QuizPortal\src\main\resources
2025-12-23 17:54:01,736 [Worker-10: Building] INFO  o.a.m.s.f.DefaultMavenResourcesFiltering - skip non existing resourceDirectory C:\Users\thummaluru.sandhya1\MiniProject\QuizPortal\src\test\resources
2025-12-23 17:54:29,109 [Worker-0: Building] INFO  o.a.m.s.f.DefaultMavenResourcesFiltering - skip non existing resourceDirectory C:\Users\thummaluru.sandhya1\MiniProject\QuizPortal\src\main\resources
2025-12-23 17:54:29,112 [Worker-0: Building] INFO  o.a.m.s.f.DefaultMavenResourcesFiltering - skip non existing resourceDirectory C:\Users\thummaluru.sandhya1\MiniProject\QuizPortal\src\test\resources
2025-12-23 17:55:46,877 [Worker-16: Building] INFO  o.a.m.s.f.DefaultMavenResourcesFiltering - skip non existing resourceDirectory C:\Users\thummaluru.sandhya1\MiniProject\QuizPortal\src\main\resources
2025-12-23 17:55:46,880 [Worker-16: Building] INFO  o.a.m.s.f.DefaultMavenResourcesFiltering - skip non existing resourceDirectory C:\Users\thummaluru.sandhya1\MiniProject\QuizPortal\src\test\resources
2025-12-23 17:56:45,591 [Worker-11: Building] INFO  o.a.m.s.f.DefaultMavenResourcesFiltering - skip non existing resourceDirectory C:\Users\thummaluru.sandhya1\MiniProject\QuizPortal\src\main\resources
2025-12-23 17:56:45,595 [Worker-11: Building] INFO  o.a.m.s.f.DefaultMavenResourcesFiltering - skip non existing resourceDirectory C:\Users\thummaluru.sandhya1\MiniProject\QuizPortal\src\test\resources
2025-12-23 17:57:16,950 [Worker-16: Building] INFO  o.a.m.s.f.DefaultMavenResourcesFiltering - skip non existing resourceDirectory C:\Users\thummaluru.sandhya1\MiniProject\QuizPortal\src\main\resources
2025-12-23 17:57:16,953 [Worker-16: Building] INFO  o.a.m.s.f.DefaultMavenResourcesFiltering - skip non existing resourceDirectory C:\Users\thummaluru.sandhya1\MiniProject\QuizPortal\src\test\resources
2025-12-23 17:58:10,838 [Worker-12: Building] INFO  o.a.m.s.f.DefaultMavenResourcesFiltering - skip non existing resourceDirectory C:\Users\thummaluru.sandhya1\MiniProject\QuizPortal\src\main\resources
2025-12-23 17:58:10,841 [Worker-12: Building] INFO  o.a.m.s.f.DefaultMavenResourcesFiltering - skip non existing resourceDirectory C:\Users\thummaluru.sandhya1\MiniProject\QuizPortal\src\test\resources
2025-12-23 17:59:01,169 [Worker-11: Building] INFO  o.a.m.s.f.DefaultMavenResourcesFiltering - skip non existing resourceDirectory C:\Users\thummaluru.sandhya1\MiniProject\QuizPortal\src\main\resources
2025-12-23 17:59:01,172 [Worker-11: Building] INFO  o.a.m.s.f.DefaultMavenResourcesFiltering - skip non existing resourceDirectory C:\Users\thummaluru.sandhya1\MiniProject\QuizPortal\src\test\resources
2025-12-23 17:59:13,650 [Worker-5: Building] INFO  o.a.m.s.f.DefaultMavenResourcesFiltering - skip non existing resourceDirectory C:\Users\thummaluru.sandhya1\MiniProject\QuizPortal\src\main\resources
2025-12-23 17:59:13,654 [Worker-5: Building] INFO  o.a.m.s.f.DefaultMavenResourcesFiltering - skip non existing resourceDirectory C:\Users\thummaluru.sandhya1\MiniProject\QuizPortal\src\test\resources
2025-12-23 17:59:39,309 [Worker-4: Building] INFO  o.a.m.s.f.DefaultMavenResourcesFiltering - skip non existing resourceDirectory C:\Users\thummaluru.sandhya1\MiniProject\QuizPortal\src\main\resources
2025-12-23 17:59:39,312 [Worker-4: Building] INFO  o.a.m.s.f.DefaultMavenResourcesFiltering - skip non existing resourceDirectory C:\Users\thummaluru.sandhya1\MiniProject\QuizPortal\src\test\resources
2025-12-23 17:59:52,526 [Worker-6: Building] INFO  o.a.m.s.f.DefaultMavenResourcesFiltering - skip non existing resourceDirectory C:\Users\thummaluru.sandhya1\MiniProject\QuizPortal\src\main\resources
2025-12-23 17:59:52,528 [Worker-6: Building] INFO  o.a.m.s.f.DefaultMavenResourcesFiltering - skip non existing resourceDirectory C:\Users\thummaluru.sandhya1\MiniProject\QuizPortal\src\test\resources
2025-12-23 18:00:22,628 [Worker-3: Building] INFO  o.a.m.s.f.DefaultMavenResourcesFiltering - skip non existing resourceDirectory C:\Users\thummaluru.sandhya1\MiniProject\QuizPortal\src\main\resources
2025-12-23 18:00:22,630 [Worker-3: Building] INFO  o.a.m.s.f.DefaultMavenResourcesFiltering - skip non existing resourceDirectory C:\Users\thummaluru.sandhya1\MiniProject\QuizPortal\src\test\resources
2025-12-23 18:02:01,885 [Worker-11: Building] INFO  o.a.m.s.f.DefaultMavenResourcesFiltering - skip non existing resourceDirectory C:\Users\thummaluru.sandhya1\MiniProject\QuizPortal\src\main\resources
2025-12-23 18:02:01,887 [Worker-11: Building] INFO  o.a.m.s.f.DefaultMavenResourcesFiltering - skip non existing resourceDirectory C:\Users\thummaluru.sandhya1\MiniProject\QuizPortal\src\test\resources
2025-12-23 18:02:30,374 [Worker-9: Building] INFO  o.a.m.s.f.DefaultMavenResourcesFiltering - skip non existing resourceDirectory C:\Users\thummaluru.sandhya1\MiniProject\QuizPortal\src\main\resources
2025-12-23 18:02:30,376 [Worker-9: Building] INFO  o.a.m.s.f.DefaultMavenResourcesFiltering - skip non existing resourceDirectory C:\Users\thummaluru.sandhya1\MiniProject\QuizPortal\src\test\resources
2025-12-23 18:02:43,871 [Worker-12: Building] INFO  o.a.m.s.f.DefaultMavenResourcesFiltering - skip non existing resourceDirectory C:\Users\thummaluru.sandhya1\MiniProject\QuizPortal\src\main\resources
2025-12-23 18:02:43,873 [Worker-12: Building] INFO  o.a.m.s.f.DefaultMavenResourcesFiltering - skip non existing resourceDirectory C:\Users\thummaluru.sandhya1\MiniProject\QuizPortal\src\test\resources
2025-12-24 14:15:23,394 [Worker-1: Loading available Gradle versions] INFO  o.e.b.c.i.u.g.PublishedGradleVersions - Gradle version information cache is up-to-date. Trying to read.
