<<<<<<< HEAD
2025-11-25 09:53:54,792 [Worker-4: Loading available Gradle versions] INFO  o.e.b.c.i.u.g.PublishedGradleVersions - Gradle version information cache is not available. Remote download required.
2025-11-25 09:54:07,785 [Worker-9: Retrieving archetypes:] WARN  o.a.h.c.p.ResponseProcessCookies - Invalid cookie header: "Set-Cookie: nspatoken=23d4b7e3b2d38c07fffcc75b34a07dbcbcc38b891768bed7d50dd5d10445630c; Expires=Wed, 26 Nov 2025 03:36:11 GMT;SameSite=None;Secure;domain=.maven.org;path=/;". Invalid 'expires' attribute: Wed, 26 Nov 2025 03:36:11 GMT
2025-11-25 09:54:07,832 [Worker-10: Retrieving archetypes:] WARN  o.a.h.c.p.ResponseProcessCookies - Invalid cookie header: "Set-Cookie: nspatoken=23d4b7e3b2d38c07fffcc75b34a07dbcbcc38b891768bed7d50dd5d10445630c; Expires=Wed, 26 Nov 2025 03:36:11 GMT;SameSite=None;Secure;domain=.maven.org;path=/;". Invalid 'expires' attribute: Wed, 26 Nov 2025 03:36:11 GMT
2025-11-25 09:54:19,019 [Worker-1: Retrieving archetypes:] WARN  o.a.h.c.p.ResponseProcessCookies - Invalid cookie header: "Set-Cookie: nspatoken=23d4b7e3b2d38c07fffcc75b34a07dbcbcc38b891768bed7d50dd5d10445630c; Expires=Wed, 26 Nov 2025 03:36:11 GMT;SameSite=None;Secure;domain=.maven.org;path=/;". Invalid 'expires' attribute: Wed, 26 Nov 2025 03:36:11 GMT
2025-11-25 09:54:19,034 [Worker-13: Retrieving archetypes:] WARN  o.a.h.c.p.ResponseProcessCookies - Invalid cookie header: "Set-Cookie: nspatoken=23d4b7e3b2d38c07fffcc75b34a07dbcbcc38b891768bed7d50dd5d10445630c; Expires=Wed, 26 Nov 2025 03:36:11 GMT;SameSite=None;Secure;domain=.maven.org;path=/;". Invalid 'expires' attribute: Wed, 26 Nov 2025 03:36:11 GMT
2025-11-25 09:54:30,196 [Worker-6: Retrieving archetypes:] WARN  o.a.h.c.p.ResponseProcessCookies - Invalid cookie header: "Set-Cookie: nspatoken=23d4b7e3b2d38c07fffcc75b34a07dbcbcc38b891768bed7d50dd5d10445630c; Expires=Wed, 26 Nov 2025 03:36:11 GMT;SameSite=None;Secure;domain=.maven.org;path=/;". Invalid 'expires' attribute: Wed, 26 Nov 2025 03:36:11 GMT
2025-11-25 09:54:30,374 [Worker-12: Retrieving archetypes:] WARN  o.a.h.c.p.ResponseProcessCookies - Invalid cookie header: "Set-Cookie: nspatoken=23d4b7e3b2d38c07fffcc75b34a07dbcbcc38b891768bed7d50dd5d10445630c; Expires=Wed, 26 Nov 2025 03:36:11 GMT;SameSite=None;Secure;domain=.maven.org;path=/;". Invalid 'expires' attribute: Wed, 26 Nov 2025 03:36:11 GMT
2025-11-25 09:56:53,527 [Worker-0: Retrieving archetypes:] WARN  o.a.h.c.p.ResponseProcessCookies - Invalid cookie header: "Set-Cookie: nspatoken=23d4b7e3b2d38c07fffcc75b34a07dbcbcc38b891768bed7d50dd5d10445630c; Expires=Wed, 26 Nov 2025 03:36:11 GMT;SameSite=None;Secure;domain=.maven.org;path=/;". Invalid 'expires' attribute: Wed, 26 Nov 2025 03:36:11 GMT
2025-11-25 09:56:53,647 [Worker-8: Retrieving archetypes:] WARN  o.a.h.c.p.ResponseProcessCookies - Invalid cookie header: "Set-Cookie: nspatoken=23d4b7e3b2d38c07fffcc75b34a07dbcbcc38b891768bed7d50dd5d10445630c; Expires=Wed, 26 Nov 2025 03:36:11 GMT;SameSite=None;Secure;domain=.maven.org;path=/;". Invalid 'expires' attribute: Wed, 26 Nov 2025 03:36:11 GMT
2025-11-25 09:57:08,953 [Worker-19: Launching mavenrun-e559e459-618c-48b7-967b-8819b7865be7] INFO  o.eclipse.m2e.core.internal.Bundles - getClasspathEntries(Bundle=org.eclipse.m2e.maven.runtime_3.9.900.20250220-2013 [638])
2025-11-25 09:57:08,957 [Worker-19: Launching mavenrun-e559e459-618c-48b7-967b-8819b7865be7] INFO  o.eclipse.m2e.core.internal.Bundles - 	Entry: C:\Program Files\eclipse\plugins\org.eclipse.m2e.maven.runtime_3.9.900.20250220-2013
2025-11-25 09:57:08,958 [Worker-19: Launching mavenrun-e559e459-618c-48b7-967b-8819b7865be7] INFO  o.eclipse.m2e.core.internal.Bundles - 	Entry: C:\Program Files\eclipse\plugins\org.eclipse.m2e.maven.runtime_3.9.900.20250220-2013\jars\aopalliance-1.0.jar
2025-11-25 09:57:08,958 [Worker-19: Launching mavenrun-e559e459-618c-48b7-967b-8819b7865be7] INFO  o.eclipse.m2e.core.internal.Bundles - 	Entry: C:\Program Files\eclipse\plugins\org.eclipse.m2e.maven.runtime_3.9.900.20250220-2013\jars\guice-5.1.0.jar
2025-11-25 09:57:08,958 [Worker-19: Launching mavenrun-e559e459-618c-48b7-967b-8819b7865be7] INFO  o.eclipse.m2e.core.internal.Bundles - 	Entry: C:\Program Files\eclipse\plugins\org.eclipse.m2e.maven.runtime_3.9.900.20250220-2013\jars\httpclient-4.5.14.jar
2025-11-25 09:57:08,959 [Worker-19: Launching mavenrun-e559e459-618c-48b7-967b-8819b7865be7] INFO  o.eclipse.m2e.core.internal.Bundles - 	Entry: C:\Program Files\eclipse\plugins\org.eclipse.m2e.maven.runtime_3.9.900.20250220-2013\jars\httpcore-4.4.16.jar
2025-11-25 09:57:08,959 [Worker-19: Launching mavenrun-e559e459-618c-48b7-967b-8819b7865be7] INFO  o.eclipse.m2e.core.internal.Bundles - 	Entry: C:\Program Files\eclipse\plugins\org.eclipse.m2e.maven.runtime_3.9.900.20250220-2013\jars\jansi-2.4.1.jar
2025-11-25 09:57:08,959 [Worker-19: Launching mavenrun-e559e459-618c-48b7-967b-8819b7865be7] INFO  o.eclipse.m2e.core.internal.Bundles - 	Entry: C:\Program Files\eclipse\plugins\org.eclipse.m2e.maven.runtime_3.9.900.20250220-2013\jars\jcl-over-slf4j-1.7.36.jar
2025-11-25 09:57:08,959 [Worker-19: Launching mavenrun-e559e459-618c-48b7-967b-8819b7865be7] INFO  o.eclipse.m2e.core.internal.Bundles - 	Entry: C:\Program Files\eclipse\plugins\org.eclipse.m2e.maven.runtime_3.9.900.20250220-2013\jars\maven-artifact-3.9.9.jar
2025-11-25 09:57:08,960 [Worker-19: Launching mavenrun-e559e459-618c-48b7-967b-8819b7865be7] INFO  o.eclipse.m2e.core.internal.Bundles - 	Entry: C:\Program Files\eclipse\plugins\org.eclipse.m2e.maven.runtime_3.9.900.20250220-2013\jars\maven-builder-support-3.9.9.jar
2025-11-25 09:57:08,960 [Worker-19: Launching mavenrun-e559e459-618c-48b7-967b-8819b7865be7] INFO  o.eclipse.m2e.core.internal.Bundles - 	Entry: C:\Program Files\eclipse\plugins\org.eclipse.m2e.maven.runtime_3.9.900.20250220-2013\jars\maven-compat-3.9.9.jar
2025-11-25 09:57:08,960 [Worker-19: Launching mavenrun-e559e459-618c-48b7-967b-8819b7865be7] INFO  o.eclipse.m2e.core.internal.Bundles - 	Entry: C:\Program Files\eclipse\plugins\org.eclipse.m2e.maven.runtime_3.9.900.20250220-2013\jars\maven-core-3.9.9.jar
2025-11-25 09:57:08,960 [Worker-19: Launching mavenrun-e559e459-618c-48b7-967b-8819b7865be7] INFO  o.eclipse.m2e.core.internal.Bundles - 	Entry: C:\Program Files\eclipse\plugins\org.eclipse.m2e.maven.runtime_3.9.900.20250220-2013\jars\maven-embedder-3.9.9.jar
2025-11-25 09:57:08,961 [Worker-19: Launching mavenrun-e559e459-618c-48b7-967b-8819b7865be7] INFO  o.eclipse.m2e.core.internal.Bundles - 	Entry: C:\Program Files\eclipse\plugins\org.eclipse.m2e.maven.runtime_3.9.900.20250220-2013\jars\maven-model-3.9.9.jar
2025-11-25 09:57:08,961 [Worker-19: Launching mavenrun-e559e459-618c-48b7-967b-8819b7865be7] INFO  o.eclipse.m2e.core.internal.Bundles - 	Entry: C:\Program Files\eclipse\plugins\org.eclipse.m2e.maven.runtime_3.9.900.20250220-2013\jars\maven-model-builder-3.9.9.jar
2025-11-25 09:57:08,961 [Worker-19: Launching mavenrun-e559e459-618c-48b7-967b-8819b7865be7] INFO  o.eclipse.m2e.core.internal.Bundles - 	Entry: C:\Program Files\eclipse\plugins\org.eclipse.m2e.maven.runtime_3.9.900.20250220-2013\jars\maven-plugin-api-3.9.9.jar
2025-11-25 09:57:08,961 [Worker-19: Launching mavenrun-e559e459-618c-48b7-967b-8819b7865be7] INFO  o.eclipse.m2e.core.internal.Bundles - 	Entry: C:\Program Files\eclipse\plugins\org.eclipse.m2e.maven.runtime_3.9.900.20250220-2013\jars\maven-repository-metadata-3.9.9.jar
2025-11-25 09:57:08,962 [Worker-19: Launching mavenrun-e559e459-618c-48b7-967b-8819b7865be7] INFO  o.eclipse.m2e.core.internal.Bundles - 	Entry: C:\Program Files\eclipse\plugins\org.eclipse.m2e.maven.runtime_3.9.900.20250220-2013\jars\maven-resolver-api-1.9.22.jar
2025-11-25 09:57:08,962 [Worker-19: Launching mavenrun-e559e459-618c-48b7-967b-8819b7865be7] INFO  o.eclipse.m2e.core.internal.Bundles - 	Entry: C:\Program Files\eclipse\plugins\org.eclipse.m2e.maven.runtime_3.9.900.20250220-2013\jars\maven-resolver-connector-basic-1.9.22.jar
2025-11-25 09:57:08,962 [Worker-19: Launching mavenrun-e559e459-618c-48b7-967b-8819b7865be7] INFO  o.eclipse.m2e.core.internal.Bundles - 	Entry: C:\Program Files\eclipse\plugins\org.eclipse.m2e.maven.runtime_3.9.900.20250220-2013\jars\maven-resolver-impl-1.9.22.jar
2025-11-25 09:57:08,962 [Worker-19: Launching mavenrun-e559e459-618c-48b7-967b-8819b7865be7] INFO  o.eclipse.m2e.core.internal.Bundles - 	Entry: C:\Program Files\eclipse\plugins\org.eclipse.m2e.maven.runtime_3.9.900.20250220-2013\jars\maven-resolver-named-locks-1.9.22.jar
2025-11-25 09:57:08,962 [Worker-19: Launching mavenrun-e559e459-618c-48b7-967b-8819b7865be7] INFO  o.eclipse.m2e.core.internal.Bundles - 	Entry: C:\Program Files\eclipse\plugins\org.eclipse.m2e.maven.runtime_3.9.900.20250220-2013\jars\maven-resolver-provider-3.9.9.jar
2025-11-25 09:57:08,962 [Worker-19: Launching mavenrun-e559e459-618c-48b7-967b-8819b7865be7] INFO  o.eclipse.m2e.core.internal.Bundles - 	Entry: C:\Program Files\eclipse\plugins\org.eclipse.m2e.maven.runtime_3.9.900.20250220-2013\jars\maven-resolver-spi-1.9.22.jar
2025-11-25 09:57:08,962 [Worker-19: Launching mavenrun-e559e459-618c-48b7-967b-8819b7865be7] INFO  o.eclipse.m2e.core.internal.Bundles - 	Entry: C:\Program Files\eclipse\plugins\org.eclipse.m2e.maven.runtime_3.9.900.20250220-2013\jars\maven-resolver-transport-file-1.9.22.jar
2025-11-25 09:57:08,963 [Worker-19: Launching mavenrun-e559e459-618c-48b7-967b-8819b7865be7] INFO  o.eclipse.m2e.core.internal.Bundles - 	Entry: C:\Program Files\eclipse\plugins\org.eclipse.m2e.maven.runtime_3.9.900.20250220-2013\jars\maven-resolver-transport-http-1.9.22.jar
2025-11-25 09:57:08,963 [Worker-19: Launching mavenrun-e559e459-618c-48b7-967b-8819b7865be7] INFO  o.eclipse.m2e.core.internal.Bundles - 	Entry: C:\Program Files\eclipse\plugins\org.eclipse.m2e.maven.runtime_3.9.900.20250220-2013\jars\maven-resolver-transport-wagon-1.9.22.jar
2025-11-25 09:57:08,963 [Worker-19: Launching mavenrun-e559e459-618c-48b7-967b-8819b7865be7] INFO  o.eclipse.m2e.core.internal.Bundles - 	Entry: C:\Program Files\eclipse\plugins\org.eclipse.m2e.maven.runtime_3.9.900.20250220-2013\jars\maven-resolver-util-1.9.22.jar
2025-11-25 09:57:08,963 [Worker-19: Launching mavenrun-e559e459-618c-48b7-967b-8819b7865be7] INFO  o.eclipse.m2e.core.internal.Bundles - 	Entry: C:\Program Files\eclipse\plugins\org.eclipse.m2e.maven.runtime_3.9.900.20250220-2013\jars\maven-settings-3.9.9.jar
2025-11-25 09:57:08,965 [Worker-19: Launching mavenrun-e559e459-618c-48b7-967b-8819b7865be7] INFO  o.eclipse.m2e.core.internal.Bundles - 	Entry: C:\Program Files\eclipse\plugins\org.eclipse.m2e.maven.runtime_3.9.900.20250220-2013\jars\maven-settings-builder-3.9.9.jar
2025-11-25 09:57:08,965 [Worker-19: Launching mavenrun-e559e459-618c-48b7-967b-8819b7865be7] INFO  o.eclipse.m2e.core.internal.Bundles - 	Entry: C:\Program Files\eclipse\plugins\org.eclipse.m2e.maven.runtime_3.9.900.20250220-2013\jars\maven-shared-utils-3.4.2.jar
2025-11-25 09:57:08,965 [Worker-19: Launching mavenrun-e559e459-618c-48b7-967b-8819b7865be7] INFO  o.eclipse.m2e.core.internal.Bundles - 	Entry: C:\Program Files\eclipse\plugins\org.eclipse.m2e.maven.runtime_3.9.900.20250220-2013\jars\org.eclipse.sisu.inject-0.9.0.M3.jar
2025-11-25 09:57:08,966 [Worker-19: Launching mavenrun-e559e459-618c-48b7-967b-8819b7865be7] INFO  o.eclipse.m2e.core.internal.Bundles - 	Entry: C:\Program Files\eclipse\plugins\org.eclipse.m2e.maven.runtime_3.9.900.20250220-2013\jars\org.eclipse.sisu.plexus-0.9.0.M3.jar
2025-11-25 09:57:08,966 [Worker-19: Launching mavenrun-e559e459-618c-48b7-967b-8819b7865be7] INFO  o.eclipse.m2e.core.internal.Bundles - 	Entry: C:\Program Files\eclipse\plugins\org.eclipse.m2e.maven.runtime_3.9.900.20250220-2013\jars\plexus-build-api-0.0.7.jar
2025-11-25 09:57:08,966 [Worker-19: Launching mavenrun-e559e459-618c-48b7-967b-8819b7865be7] INFO  o.eclipse.m2e.core.internal.Bundles - 	Entry: C:\Program Files\eclipse\plugins\org.eclipse.m2e.maven.runtime_3.9.900.20250220-2013\jars\plexus-build-api-1.2.0.jar
2025-11-25 09:57:08,966 [Worker-19: Launching mavenrun-e559e459-618c-48b7-967b-8819b7865be7] INFO  o.eclipse.m2e.core.internal.Bundles - 	Entry: C:\Program Files\eclipse\plugins\org.eclipse.m2e.maven.runtime_3.9.900.20250220-2013\jars\plexus-cipher-2.0.jar
2025-11-25 09:57:08,967 [Worker-19: Launching mavenrun-e559e459-618c-48b7-967b-8819b7865be7] INFO  o.eclipse.m2e.core.internal.Bundles - 	Entry: C:\Program Files\eclipse\plugins\org.eclipse.m2e.maven.runtime_3.9.900.20250220-2013\jars\plexus-classworlds-2.8.0.jar
2025-11-25 09:57:08,967 [Worker-19: Launching mavenrun-e559e459-618c-48b7-967b-8819b7865be7] INFO  o.eclipse.m2e.core.internal.Bundles - 	Entry: C:\Program Files\eclipse\plugins\org.eclipse.m2e.maven.runtime_3.9.900.20250220-2013\jars\plexus-component-annotations-2.1.0.jar
2025-11-25 09:57:08,967 [Worker-19: Launching mavenrun-e559e459-618c-48b7-967b-8819b7865be7] INFO  o.eclipse.m2e.core.internal.Bundles - 	Entry: C:\Program Files\eclipse\plugins\org.eclipse.m2e.maven.runtime_3.9.900.20250220-2013\jars\plexus-interpolation-1.27.jar
2025-11-25 09:57:08,968 [Worker-19: Launching mavenrun-e559e459-618c-48b7-967b-8819b7865be7] INFO  o.eclipse.m2e.core.internal.Bundles - 	Entry: C:\Program Files\eclipse\plugins\org.eclipse.m2e.maven.runtime_3.9.900.20250220-2013\jars\plexus-sec-dispatcher-2.0.jar
2025-11-25 09:57:08,968 [Worker-19: Launching mavenrun-e559e459-618c-48b7-967b-8819b7865be7] INFO  o.eclipse.m2e.core.internal.Bundles - 	Entry: C:\Program Files\eclipse\plugins\org.eclipse.m2e.maven.runtime_3.9.900.20250220-2013\jars\plexus-utils-3.5.1.jar
2025-11-25 09:57:08,968 [Worker-19: Launching mavenrun-e559e459-618c-48b7-967b-8819b7865be7] INFO  o.eclipse.m2e.core.internal.Bundles - 	Entry: C:\Program Files\eclipse\plugins\org.eclipse.m2e.maven.runtime_3.9.900.20250220-2013\jars\plexus-xml-3.0.1.jar
2025-11-25 09:57:08,968 [Worker-19: Launching mavenrun-e559e459-618c-48b7-967b-8819b7865be7] INFO  o.eclipse.m2e.core.internal.Bundles - 	Entry: C:\Program Files\eclipse\plugins\org.eclipse.m2e.maven.runtime_3.9.900.20250220-2013\jars\wagon-file-3.5.3.jar
2025-11-25 09:57:08,969 [Worker-19: Launching mavenrun-e559e459-618c-48b7-967b-8819b7865be7] INFO  o.eclipse.m2e.core.internal.Bundles - 	Entry: C:\Program Files\eclipse\plugins\org.eclipse.m2e.maven.runtime_3.9.900.20250220-2013\jars\wagon-http-3.5.3.jar
2025-11-25 09:57:08,969 [Worker-19: Launching mavenrun-e559e459-618c-48b7-967b-8819b7865be7] INFO  o.eclipse.m2e.core.internal.Bundles - 	Entry: C:\Program Files\eclipse\plugins\org.eclipse.m2e.maven.runtime_3.9.900.20250220-2013\jars\wagon-http-shared-3.5.3.jar
2025-11-25 09:57:08,969 [Worker-19: Launching mavenrun-e559e459-618c-48b7-967b-8819b7865be7] INFO  o.eclipse.m2e.core.internal.Bundles - 	Entry: C:\Program Files\eclipse\plugins\org.eclipse.m2e.maven.runtime_3.9.900.20250220-2013\jars\wagon-provider-api-3.5.3.jar
2025-11-25 09:57:08,973 [Worker-19: Launching mavenrun-e559e459-618c-48b7-967b-8819b7865be7] INFO  o.eclipse.m2e.core.internal.Bundles - getClasspathEntries(Bundle=com.google.guava_33.4.0.jre [16])
2025-11-25 09:57:08,974 [Worker-19: Launching mavenrun-e559e459-618c-48b7-967b-8819b7865be7] INFO  o.eclipse.m2e.core.internal.Bundles - 	Entry: C:\Program Files\eclipse\plugins\com.google.guava_33.4.0.jre.jar
2025-11-25 09:57:08,974 [Worker-19: Launching mavenrun-e559e459-618c-48b7-967b-8819b7865be7] INFO  o.eclipse.m2e.core.internal.Bundles - getClasspathEntries(Bundle=slf4j.api_2.0.16 [1005])
2025-11-25 09:57:08,974 [Worker-19: Launching mavenrun-e559e459-618c-48b7-967b-8819b7865be7] INFO  o.eclipse.m2e.core.internal.Bundles - 	Entry: C:\Program Files\eclipse\plugins\slf4j.api_2.0.16.jar
2025-11-25 09:57:08,974 [Worker-19: Launching mavenrun-e559e459-618c-48b7-967b-8819b7865be7] INFO  o.eclipse.m2e.core.internal.Bundles - getClasspathEntries(Bundle=jakarta.inject.jakarta.inject-api_1.0.5 [34])
2025-11-25 09:57:08,975 [Worker-19: Launching mavenrun-e559e459-618c-48b7-967b-8819b7865be7] INFO  o.eclipse.m2e.core.internal.Bundles - 	Entry: C:\Program Files\eclipse\plugins\jakarta.inject.jakarta.inject-api_1.0.5.jar
2025-11-25 09:57:08,975 [Worker-19: Launching mavenrun-e559e459-618c-48b7-967b-8819b7865be7] INFO  o.eclipse.m2e.core.internal.Bundles - getClasspathEntries(Bundle=jakarta.annotation-api_1.3.5 [29])
2025-11-25 09:57:08,976 [Worker-19: Launching mavenrun-e559e459-618c-48b7-967b-8819b7865be7] INFO  o.eclipse.m2e.core.internal.Bundles - 	Entry: C:\Program Files\eclipse\plugins\jakarta.annotation-api_1.3.5.jar
2025-11-25 09:57:08,976 [Worker-19: Launching mavenrun-e559e459-618c-48b7-967b-8819b7865be7] INFO  o.eclipse.m2e.core.internal.Bundles - getClasspathEntries(Bundle=org.apache.commons.cli_1.9.0 [74])
2025-11-25 09:57:08,976 [Worker-19: Launching mavenrun-e559e459-618c-48b7-967b-8819b7865be7] INFO  o.eclipse.m2e.core.internal.Bundles - 	Entry: C:\Program Files\eclipse\plugins\org.apache.commons.cli_1.9.0.jar
2025-11-25 09:57:08,976 [Worker-19: Launching mavenrun-e559e459-618c-48b7-967b-8819b7865be7] INFO  o.eclipse.m2e.core.internal.Bundles - getClasspathEntries(Bundle=org.apache.commons.commons-codec_1.16.0 [76])
2025-11-25 09:57:08,977 [Worker-19: Launching mavenrun-e559e459-618c-48b7-967b-8819b7865be7] INFO  o.eclipse.m2e.core.internal.Bundles - 	Entry: C:\Program Files\eclipse\plugins\org.apache.commons.commons-codec_1.16.0.jar
2025-11-25 09:57:08,977 [Worker-19: Launching mavenrun-e559e459-618c-48b7-967b-8819b7865be7] INFO  o.eclipse.m2e.core.internal.Bundles - getClasspathEntries(Bundle=com.google.guava.failureaccess_1.0.2 [17])
2025-11-25 09:57:08,977 [Worker-19: Launching mavenrun-e559e459-618c-48b7-967b-8819b7865be7] INFO  o.eclipse.m2e.core.internal.Bundles - 	Entry: C:\Program Files\eclipse\plugins\com.google.guava.failureaccess_1.0.2.jar
2025-11-25 09:57:08,982 [Worker-19: Launching mavenrun-e559e459-618c-48b7-967b-8819b7865be7] INFO  o.e.m.i.launch.MavenLaunchDelegate - Run build in "C:\Users\THUMMA~1.SAN\AppData\Local\Temp\m2e-archetypeGenerator14717796328861910653":
2025-11-25 09:57:08,985 [Worker-19: Launching mavenrun-e559e459-618c-48b7-967b-8819b7865be7] INFO  o.e.m.i.launch.MavenLaunchDelegate -  mvn  -DarchetypeGroupId=org.apache.maven.archetypes -DarchetypeArtifactId=maven-archetype-quickstart -DarchetypeVersion=1.1 -DgroupId=com.dates -DartifactId=nov25 -Dversion=0.0.1-SNAPSHOT -Dpackage=com.dates.nov25 -DoutputDirectory=C:\Users\thummaluru.sandhya1\practice -Dstyle.color=always -U archetype:generate
2025-11-25 09:57:15,922 [Worker-0: Creating maven-archetype-quickstart] INFO  o.e.m.c.i.p.ProjectConfigurationManager - Collecting project info '/pom.xml' C:\Users\thummaluru.sandhya1\practice\nov25\pom.xml
2025-11-25 09:57:16,529 [Worker-0: Creating maven-archetype-quickstart] INFO  o.e.m.c.i.l.LifecycleMappingFactory - Using org.eclipse.m2e.jdt.JarLifecycleMapping lifecycle mapping for MavenProject: com.dates:nov25:0.0.1-SNAPSHOT @ C:\Users\thummaluru.sandhya1\practice\nov25\pom.xml.
2025-11-25 09:57:17,161 [Worker-0: Creating maven-archetype-quickstart] INFO  o.e.m.j.i.AbstractJavaProjectConfigurator - Adding source folder /nov25/src/main/java
2025-11-25 09:57:17,163 [Worker-0: Creating maven-archetype-quickstart] INFO  o.e.m.j.i.AbstractJavaProjectConfigurator - Adding resource folder /nov25/src/main/resources
2025-11-25 09:57:17,169 [Worker-0: Creating maven-archetype-quickstart] INFO  o.e.m.j.i.AbstractJavaProjectConfigurator - Adding source folder /nov25/src/test/java
2025-11-25 09:57:17,170 [Worker-0: Creating maven-archetype-quickstart] INFO  o.e.m.j.i.AbstractJavaProjectConfigurator - Adding resource folder /nov25/src/test/resources
2025-11-25 09:57:17,310 [Worker-0: Creating maven-archetype-quickstart] INFO  o.e.m.c.i.p.ProjectConfigurationManager - Imported and configured 1 project(s) in 1 sec
2025-11-25 09:57:18,465 [Worker-21: Building] INFO  o.a.m.s.f.DefaultMavenResourcesFiltering - skip non existing resourceDirectory C:\Users\thummaluru.sandhya1\practice\nov25\src\main\resources
2025-11-25 09:57:18,468 [Worker-21: Building] INFO  o.a.m.s.f.DefaultMavenResourcesFiltering - skip non existing resourceDirectory C:\Users\thummaluru.sandhya1\practice\nov25\src\test\resources
2025-11-25 09:59:03,999 [Worker-0: Building] INFO  o.a.m.s.f.DefaultMavenResourcesFiltering - skip non existing resourceDirectory C:\Users\thummaluru.sandhya1\practice\nov25\src\main\resources
2025-11-25 09:59:04,002 [Worker-0: Building] INFO  o.a.m.s.f.DefaultMavenResourcesFiltering - skip non existing resourceDirectory C:\Users\thummaluru.sandhya1\practice\nov25\src\test\resources
2025-11-25 10:00:35,942 [Worker-0: Retrieving archetypes:] WARN  o.a.h.c.p.ResponseProcessCookies - Invalid cookie header: "Set-Cookie: nspatoken=23d4b7e3b2d38c07fffcc75b34a07dbcbcc38b891768bed7d50dd5d10445630c; Expires=Wed, 26 Nov 2025 03:36:11 GMT;SameSite=None;Secure;domain=.maven.org;path=/;". Invalid 'expires' attribute: Wed, 26 Nov 2025 03:36:11 GMT
2025-11-25 10:00:36,059 [Worker-20: Retrieving archetypes:] WARN  o.a.h.c.p.ResponseProcessCookies - Invalid cookie header: "Set-Cookie: nspatoken=23d4b7e3b2d38c07fffcc75b34a07dbcbcc38b891768bed7d50dd5d10445630c; Expires=Wed, 26 Nov 2025 03:36:11 GMT;SameSite=None;Secure;domain=.maven.org;path=/;". Invalid 'expires' attribute: Wed, 26 Nov 2025 03:36:11 GMT
2025-11-25 10:01:06,941 [Worker-23: Launching mavenrun-f7551002-8caa-46db-8a39-576ed88fccc7] INFO  o.eclipse.m2e.core.internal.Bundles - getClasspathEntries(Bundle=org.eclipse.m2e.maven.runtime_3.9.900.20250220-2013 [638])
2025-11-25 10:01:06,942 [Worker-23: Launching mavenrun-f7551002-8caa-46db-8a39-576ed88fccc7] INFO  o.eclipse.m2e.core.internal.Bundles - 	Entry: C:\Program Files\eclipse\plugins\org.eclipse.m2e.maven.runtime_3.9.900.20250220-2013
2025-11-25 10:01:06,942 [Worker-23: Launching mavenrun-f7551002-8caa-46db-8a39-576ed88fccc7] INFO  o.eclipse.m2e.core.internal.Bundles - 	Entry: C:\Program Files\eclipse\plugins\org.eclipse.m2e.maven.runtime_3.9.900.20250220-2013\jars\aopalliance-1.0.jar
2025-11-25 10:01:06,943 [Worker-23: Launching mavenrun-f7551002-8caa-46db-8a39-576ed88fccc7] INFO  o.eclipse.m2e.core.internal.Bundles - 	Entry: C:\Program Files\eclipse\plugins\org.eclipse.m2e.maven.runtime_3.9.900.20250220-2013\jars\guice-5.1.0.jar
2025-11-25 10:01:06,943 [Worker-23: Launching mavenrun-f7551002-8caa-46db-8a39-576ed88fccc7] INFO  o.eclipse.m2e.core.internal.Bundles - 	Entry: C:\Program Files\eclipse\plugins\org.eclipse.m2e.maven.runtime_3.9.900.20250220-2013\jars\httpclient-4.5.14.jar
2025-11-25 10:01:06,943 [Worker-23: Launching mavenrun-f7551002-8caa-46db-8a39-576ed88fccc7] INFO  o.eclipse.m2e.core.internal.Bundles - 	Entry: C:\Program Files\eclipse\plugins\org.eclipse.m2e.maven.runtime_3.9.900.20250220-2013\jars\httpcore-4.4.16.jar
2025-11-25 10:01:06,943 [Worker-23: Launching mavenrun-f7551002-8caa-46db-8a39-576ed88fccc7] INFO  o.eclipse.m2e.core.internal.Bundles - 	Entry: C:\Program Files\eclipse\plugins\org.eclipse.m2e.maven.runtime_3.9.900.20250220-2013\jars\jansi-2.4.1.jar
2025-11-25 10:01:06,944 [Worker-23: Launching mavenrun-f7551002-8caa-46db-8a39-576ed88fccc7] INFO  o.eclipse.m2e.core.internal.Bundles - 	Entry: C:\Program Files\eclipse\plugins\org.eclipse.m2e.maven.runtime_3.9.900.20250220-2013\jars\jcl-over-slf4j-1.7.36.jar
2025-11-25 10:01:06,944 [Worker-23: Launching mavenrun-f7551002-8caa-46db-8a39-576ed88fccc7] INFO  o.eclipse.m2e.core.internal.Bundles - 	Entry: C:\Program Files\eclipse\plugins\org.eclipse.m2e.maven.runtime_3.9.900.20250220-2013\jars\maven-artifact-3.9.9.jar
2025-11-25 10:01:06,944 [Worker-23: Launching mavenrun-f7551002-8caa-46db-8a39-576ed88fccc7] INFO  o.eclipse.m2e.core.internal.Bundles - 	Entry: C:\Program Files\eclipse\plugins\org.eclipse.m2e.maven.runtime_3.9.900.20250220-2013\jars\maven-builder-support-3.9.9.jar
2025-11-25 10:01:06,944 [Worker-23: Launching mavenrun-f7551002-8caa-46db-8a39-576ed88fccc7] INFO  o.eclipse.m2e.core.internal.Bundles - 	Entry: C:\Program Files\eclipse\plugins\org.eclipse.m2e.maven.runtime_3.9.900.20250220-2013\jars\maven-compat-3.9.9.jar
2025-11-25 10:01:06,945 [Worker-23: Launching mavenrun-f7551002-8caa-46db-8a39-576ed88fccc7] INFO  o.eclipse.m2e.core.internal.Bundles - 	Entry: C:\Program Files\eclipse\plugins\org.eclipse.m2e.maven.runtime_3.9.900.20250220-2013\jars\maven-core-3.9.9.jar
2025-11-25 10:01:06,945 [Worker-23: Launching mavenrun-f7551002-8caa-46db-8a39-576ed88fccc7] INFO  o.eclipse.m2e.core.internal.Bundles - 	Entry: C:\Program Files\eclipse\plugins\org.eclipse.m2e.maven.runtime_3.9.900.20250220-2013\jars\maven-embedder-3.9.9.jar
2025-11-25 10:01:06,946 [Worker-23: Launching mavenrun-f7551002-8caa-46db-8a39-576ed88fccc7] INFO  o.eclipse.m2e.core.internal.Bundles - 	Entry: C:\Program Files\eclipse\plugins\org.eclipse.m2e.maven.runtime_3.9.900.20250220-2013\jars\maven-model-3.9.9.jar
2025-11-25 10:01:06,946 [Worker-23: Launching mavenrun-f7551002-8caa-46db-8a39-576ed88fccc7] INFO  o.eclipse.m2e.core.internal.Bundles - 	Entry: C:\Program Files\eclipse\plugins\org.eclipse.m2e.maven.runtime_3.9.900.20250220-2013\jars\maven-model-builder-3.9.9.jar
2025-11-25 10:01:06,946 [Worker-23: Launching mavenrun-f7551002-8caa-46db-8a39-576ed88fccc7] INFO  o.eclipse.m2e.core.internal.Bundles - 	Entry: C:\Program Files\eclipse\plugins\org.eclipse.m2e.maven.runtime_3.9.900.20250220-2013\jars\maven-plugin-api-3.9.9.jar
2025-11-25 10:01:06,947 [Worker-23: Launching mavenrun-f7551002-8caa-46db-8a39-576ed88fccc7] INFO  o.eclipse.m2e.core.internal.Bundles - 	Entry: C:\Program Files\eclipse\plugins\org.eclipse.m2e.maven.runtime_3.9.900.20250220-2013\jars\maven-repository-metadata-3.9.9.jar
2025-11-25 10:01:06,947 [Worker-23: Launching mavenrun-f7551002-8caa-46db-8a39-576ed88fccc7] INFO  o.eclipse.m2e.core.internal.Bundles - 	Entry: C:\Program Files\eclipse\plugins\org.eclipse.m2e.maven.runtime_3.9.900.20250220-2013\jars\maven-resolver-api-1.9.22.jar
2025-11-25 10:01:06,947 [Worker-23: Launching mavenrun-f7551002-8caa-46db-8a39-576ed88fccc7] INFO  o.eclipse.m2e.core.internal.Bundles - 	Entry: C:\Program Files\eclipse\plugins\org.eclipse.m2e.maven.runtime_3.9.900.20250220-2013\jars\maven-resolver-connector-basic-1.9.22.jar
2025-11-25 10:01:06,947 [Worker-23: Launching mavenrun-f7551002-8caa-46db-8a39-576ed88fccc7] INFO  o.eclipse.m2e.core.internal.Bundles - 	Entry: C:\Program Files\eclipse\plugins\org.eclipse.m2e.maven.runtime_3.9.900.20250220-2013\jars\maven-resolver-impl-1.9.22.jar
2025-11-25 10:01:06,948 [Worker-23: Launching mavenrun-f7551002-8caa-46db-8a39-576ed88fccc7] INFO  o.eclipse.m2e.core.internal.Bundles - 	Entry: C:\Program Files\eclipse\plugins\org.eclipse.m2e.maven.runtime_3.9.900.20250220-2013\jars\maven-resolver-named-locks-1.9.22.jar
2025-11-25 10:01:06,948 [Worker-23: Launching mavenrun-f7551002-8caa-46db-8a39-576ed88fccc7] INFO  o.eclipse.m2e.core.internal.Bundles - 	Entry: C:\Program Files\eclipse\plugins\org.eclipse.m2e.maven.runtime_3.9.900.20250220-2013\jars\maven-resolver-provider-3.9.9.jar
2025-11-25 10:01:06,948 [Worker-23: Launching mavenrun-f7551002-8caa-46db-8a39-576ed88fccc7] INFO  o.eclipse.m2e.core.internal.Bundles - 	Entry: C:\Program Files\eclipse\plugins\org.eclipse.m2e.maven.runtime_3.9.900.20250220-2013\jars\maven-resolver-spi-1.9.22.jar
2025-11-25 10:01:06,949 [Worker-23: Launching mavenrun-f7551002-8caa-46db-8a39-576ed88fccc7] INFO  o.eclipse.m2e.core.internal.Bundles - 	Entry: C:\Program Files\eclipse\plugins\org.eclipse.m2e.maven.runtime_3.9.900.20250220-2013\jars\maven-resolver-transport-file-1.9.22.jar
2025-11-25 10:01:06,949 [Worker-23: Launching mavenrun-f7551002-8caa-46db-8a39-576ed88fccc7] INFO  o.eclipse.m2e.core.internal.Bundles - 	Entry: C:\Program Files\eclipse\plugins\org.eclipse.m2e.maven.runtime_3.9.900.20250220-2013\jars\maven-resolver-transport-http-1.9.22.jar
2025-11-25 10:01:06,949 [Worker-23: Launching mavenrun-f7551002-8caa-46db-8a39-576ed88fccc7] INFO  o.eclipse.m2e.core.internal.Bundles - 	Entry: C:\Program Files\eclipse\plugins\org.eclipse.m2e.maven.runtime_3.9.900.20250220-2013\jars\maven-resolver-transport-wagon-1.9.22.jar
2025-11-25 10:01:06,949 [Worker-23: Launching mavenrun-f7551002-8caa-46db-8a39-576ed88fccc7] INFO  o.eclipse.m2e.core.internal.Bundles - 	Entry: C:\Program Files\eclipse\plugins\org.eclipse.m2e.maven.runtime_3.9.900.20250220-2013\jars\maven-resolver-util-1.9.22.jar
2025-11-25 10:01:06,950 [Worker-23: Launching mavenrun-f7551002-8caa-46db-8a39-576ed88fccc7] INFO  o.eclipse.m2e.core.internal.Bundles - 	Entry: C:\Program Files\eclipse\plugins\org.eclipse.m2e.maven.runtime_3.9.900.20250220-2013\jars\maven-settings-3.9.9.jar
2025-11-25 10:01:06,950 [Worker-23: Launching mavenrun-f7551002-8caa-46db-8a39-576ed88fccc7] INFO  o.eclipse.m2e.core.internal.Bundles - 	Entry: C:\Program Files\eclipse\plugins\org.eclipse.m2e.maven.runtime_3.9.900.20250220-2013\jars\maven-settings-builder-3.9.9.jar
2025-11-25 10:01:06,950 [Worker-23: Launching mavenrun-f7551002-8caa-46db-8a39-576ed88fccc7] INFO  o.eclipse.m2e.core.internal.Bundles - 	Entry: C:\Program Files\eclipse\plugins\org.eclipse.m2e.maven.runtime_3.9.900.20250220-2013\jars\maven-shared-utils-3.4.2.jar
2025-11-25 10:01:06,950 [Worker-23: Launching mavenrun-f7551002-8caa-46db-8a39-576ed88fccc7] INFO  o.eclipse.m2e.core.internal.Bundles - 	Entry: C:\Program Files\eclipse\plugins\org.eclipse.m2e.maven.runtime_3.9.900.20250220-2013\jars\org.eclipse.sisu.inject-0.9.0.M3.jar
2025-11-25 10:01:06,951 [Worker-23: Launching mavenrun-f7551002-8caa-46db-8a39-576ed88fccc7] INFO  o.eclipse.m2e.core.internal.Bundles - 	Entry: C:\Program Files\eclipse\plugins\org.eclipse.m2e.maven.runtime_3.9.900.20250220-2013\jars\org.eclipse.sisu.plexus-0.9.0.M3.jar
2025-11-25 10:01:06,951 [Worker-23: Launching mavenrun-f7551002-8caa-46db-8a39-576ed88fccc7] INFO  o.eclipse.m2e.core.internal.Bundles - 	Entry: C:\Program Files\eclipse\plugins\org.eclipse.m2e.maven.runtime_3.9.900.20250220-2013\jars\plexus-build-api-0.0.7.jar
2025-11-25 10:01:06,951 [Worker-23: Launching mavenrun-f7551002-8caa-46db-8a39-576ed88fccc7] INFO  o.eclipse.m2e.core.internal.Bundles - 	Entry: C:\Program Files\eclipse\plugins\org.eclipse.m2e.maven.runtime_3.9.900.20250220-2013\jars\plexus-build-api-1.2.0.jar
2025-11-25 10:01:06,951 [Worker-23: Launching mavenrun-f7551002-8caa-46db-8a39-576ed88fccc7] INFO  o.eclipse.m2e.core.internal.Bundles - 	Entry: C:\Program Files\eclipse\plugins\org.eclipse.m2e.maven.runtime_3.9.900.20250220-2013\jars\plexus-cipher-2.0.jar
2025-11-25 10:01:06,952 [Worker-23: Launching mavenrun-f7551002-8caa-46db-8a39-576ed88fccc7] INFO  o.eclipse.m2e.core.internal.Bundles - 	Entry: C:\Program Files\eclipse\plugins\org.eclipse.m2e.maven.runtime_3.9.900.20250220-2013\jars\plexus-classworlds-2.8.0.jar
2025-11-25 10:01:06,952 [Worker-23: Launching mavenrun-f7551002-8caa-46db-8a39-576ed88fccc7] INFO  o.eclipse.m2e.core.internal.Bundles - 	Entry: C:\Program Files\eclipse\plugins\org.eclipse.m2e.maven.runtime_3.9.900.20250220-2013\jars\plexus-component-annotations-2.1.0.jar
2025-11-25 10:01:06,952 [Worker-23: Launching mavenrun-f7551002-8caa-46db-8a39-576ed88fccc7] INFO  o.eclipse.m2e.core.internal.Bundles - 	Entry: C:\Program Files\eclipse\plugins\org.eclipse.m2e.maven.runtime_3.9.900.20250220-2013\jars\plexus-interpolation-1.27.jar
2025-11-25 10:01:06,952 [Worker-23: Launching mavenrun-f7551002-8caa-46db-8a39-576ed88fccc7] INFO  o.eclipse.m2e.core.internal.Bundles - 	Entry: C:\Program Files\eclipse\plugins\org.eclipse.m2e.maven.runtime_3.9.900.20250220-2013\jars\plexus-sec-dispatcher-2.0.jar
2025-11-25 10:01:06,953 [Worker-23: Launching mavenrun-f7551002-8caa-46db-8a39-576ed88fccc7] INFO  o.eclipse.m2e.core.internal.Bundles - 	Entry: C:\Program Files\eclipse\plugins\org.eclipse.m2e.maven.runtime_3.9.900.20250220-2013\jars\plexus-utils-3.5.1.jar
2025-11-25 10:01:06,953 [Worker-23: Launching mavenrun-f7551002-8caa-46db-8a39-576ed88fccc7] INFO  o.eclipse.m2e.core.internal.Bundles - 	Entry: C:\Program Files\eclipse\plugins\org.eclipse.m2e.maven.runtime_3.9.900.20250220-2013\jars\plexus-xml-3.0.1.jar
2025-11-25 10:01:06,954 [Worker-23: Launching mavenrun-f7551002-8caa-46db-8a39-576ed88fccc7] INFO  o.eclipse.m2e.core.internal.Bundles - 	Entry: C:\Program Files\eclipse\plugins\org.eclipse.m2e.maven.runtime_3.9.900.20250220-2013\jars\wagon-file-3.5.3.jar
2025-11-25 10:01:06,954 [Worker-23: Launching mavenrun-f7551002-8caa-46db-8a39-576ed88fccc7] INFO  o.eclipse.m2e.core.internal.Bundles - 	Entry: C:\Program Files\eclipse\plugins\org.eclipse.m2e.maven.runtime_3.9.900.20250220-2013\jars\wagon-http-3.5.3.jar
2025-11-25 10:01:06,954 [Worker-23: Launching mavenrun-f7551002-8caa-46db-8a39-576ed88fccc7] INFO  o.eclipse.m2e.core.internal.Bundles - 	Entry: C:\Program Files\eclipse\plugins\org.eclipse.m2e.maven.runtime_3.9.900.20250220-2013\jars\wagon-http-shared-3.5.3.jar
2025-11-25 10:01:06,955 [Worker-23: Launching mavenrun-f7551002-8caa-46db-8a39-576ed88fccc7] INFO  o.eclipse.m2e.core.internal.Bundles - 	Entry: C:\Program Files\eclipse\plugins\org.eclipse.m2e.maven.runtime_3.9.900.20250220-2013\jars\wagon-provider-api-3.5.3.jar
2025-11-25 10:01:06,955 [Worker-23: Launching mavenrun-f7551002-8caa-46db-8a39-576ed88fccc7] INFO  o.eclipse.m2e.core.internal.Bundles - getClasspathEntries(Bundle=com.google.guava_33.4.0.jre [16])
2025-11-25 10:01:06,956 [Worker-23: Launching mavenrun-f7551002-8caa-46db-8a39-576ed88fccc7] INFO  o.eclipse.m2e.core.internal.Bundles - 	Entry: C:\Program Files\eclipse\plugins\com.google.guava_33.4.0.jre.jar
2025-11-25 10:01:06,956 [Worker-23: Launching mavenrun-f7551002-8caa-46db-8a39-576ed88fccc7] INFO  o.eclipse.m2e.core.internal.Bundles - getClasspathEntries(Bundle=slf4j.api_2.0.16 [1005])
2025-11-25 10:01:06,956 [Worker-23: Launching mavenrun-f7551002-8caa-46db-8a39-576ed88fccc7] INFO  o.eclipse.m2e.core.internal.Bundles - 	Entry: C:\Program Files\eclipse\plugins\slf4j.api_2.0.16.jar
2025-11-25 10:01:06,956 [Worker-23: Launching mavenrun-f7551002-8caa-46db-8a39-576ed88fccc7] INFO  o.eclipse.m2e.core.internal.Bundles - getClasspathEntries(Bundle=jakarta.inject.jakarta.inject-api_1.0.5 [34])
2025-11-25 10:01:06,957 [Worker-23: Launching mavenrun-f7551002-8caa-46db-8a39-576ed88fccc7] INFO  o.eclipse.m2e.core.internal.Bundles - 	Entry: C:\Program Files\eclipse\plugins\jakarta.inject.jakarta.inject-api_1.0.5.jar
2025-11-25 10:01:06,957 [Worker-23: Launching mavenrun-f7551002-8caa-46db-8a39-576ed88fccc7] INFO  o.eclipse.m2e.core.internal.Bundles - getClasspathEntries(Bundle=jakarta.annotation-api_1.3.5 [29])
2025-11-25 10:01:06,957 [Worker-23: Launching mavenrun-f7551002-8caa-46db-8a39-576ed88fccc7] INFO  o.eclipse.m2e.core.internal.Bundles - 	Entry: C:\Program Files\eclipse\plugins\jakarta.annotation-api_1.3.5.jar
2025-11-25 10:01:06,958 [Worker-23: Launching mavenrun-f7551002-8caa-46db-8a39-576ed88fccc7] INFO  o.eclipse.m2e.core.internal.Bundles - getClasspathEntries(Bundle=org.apache.commons.cli_1.9.0 [74])
2025-11-25 10:01:06,958 [Worker-23: Launching mavenrun-f7551002-8caa-46db-8a39-576ed88fccc7] INFO  o.eclipse.m2e.core.internal.Bundles - 	Entry: C:\Program Files\eclipse\plugins\org.apache.commons.cli_1.9.0.jar
2025-11-25 10:01:06,958 [Worker-23: Launching mavenrun-f7551002-8caa-46db-8a39-576ed88fccc7] INFO  o.eclipse.m2e.core.internal.Bundles - getClasspathEntries(Bundle=org.apache.commons.commons-codec_1.16.0 [76])
2025-11-25 10:01:06,959 [Worker-23: Launching mavenrun-f7551002-8caa-46db-8a39-576ed88fccc7] INFO  o.eclipse.m2e.core.internal.Bundles - 	Entry: C:\Program Files\eclipse\plugins\org.apache.commons.commons-codec_1.16.0.jar
2025-11-25 10:01:06,959 [Worker-23: Launching mavenrun-f7551002-8caa-46db-8a39-576ed88fccc7] INFO  o.eclipse.m2e.core.internal.Bundles - getClasspathEntries(Bundle=com.google.guava.failureaccess_1.0.2 [17])
2025-11-25 10:01:06,959 [Worker-23: Launching mavenrun-f7551002-8caa-46db-8a39-576ed88fccc7] INFO  o.eclipse.m2e.core.internal.Bundles - 	Entry: C:\Program Files\eclipse\plugins\com.google.guava.failureaccess_1.0.2.jar
2025-11-25 10:01:06,963 [Worker-23: Launching mavenrun-f7551002-8caa-46db-8a39-576ed88fccc7] INFO  o.e.m.i.launch.MavenLaunchDelegate - Run build in "C:\Users\THUMMA~1.SAN\AppData\Local\Temp\m2e-archetypeGenerator11216146685394986382":
2025-11-25 10:01:06,963 [Worker-23: Launching mavenrun-f7551002-8caa-46db-8a39-576ed88fccc7] INFO  o.e.m.i.launch.MavenLaunchDelegate -  mvn  -DarchetypeGroupId=org.apache.maven.archetypes -DarchetypeArtifactId=maven-archetype-quickstart -DarchetypeVersion=1.1 -DgroupId=com.basics -DartifactId=nov21 -Dversion=0.0.1-SNAPSHOT -Dpackage=com.basics.nov21 -DoutputDirectory=C:\Users\thummaluru.sandhya1\practice -Dstyle.color=always -U archetype:generate
2025-11-25 10:01:14,840 [Worker-24: Creating maven-archetype-quickstart] INFO  o.e.m.c.i.p.ProjectConfigurationManager - Collecting project info '/pom.xml' C:\Users\thummaluru.sandhya1\practice\nov21\pom.xml
2025-11-25 10:01:14,936 [Worker-24: Creating maven-archetype-quickstart] INFO  o.e.m.c.i.l.LifecycleMappingFactory - Using org.eclipse.m2e.jdt.JarLifecycleMapping lifecycle mapping for MavenProject: com.basics:nov21:0.0.1-SNAPSHOT @ C:\Users\thummaluru.sandhya1\practice\nov21\pom.xml.
2025-11-25 10:01:15,015 [Worker-24: Creating maven-archetype-quickstart] INFO  o.e.m.j.i.AbstractJavaProjectConfigurator - Adding source folder /nov21/src/main/java
2025-11-25 10:01:15,016 [Worker-24: Creating maven-archetype-quickstart] INFO  o.e.m.j.i.AbstractJavaProjectConfigurator - Adding resource folder /nov21/src/main/resources
2025-11-25 10:01:15,022 [Worker-24: Creating maven-archetype-quickstart] INFO  o.e.m.j.i.AbstractJavaProjectConfigurator - Adding source folder /nov21/src/test/java
2025-11-25 10:01:15,023 [Worker-24: Creating maven-archetype-quickstart] INFO  o.e.m.j.i.AbstractJavaProjectConfigurator - Adding resource folder /nov21/src/test/resources
2025-11-25 10:01:15,102 [Worker-24: Creating maven-archetype-quickstart] INFO  o.e.m.c.i.p.ProjectConfigurationManager - Imported and configured 1 project(s) in 0 sec
2025-11-25 10:01:15,370 [Worker-24: Building] INFO  o.a.m.s.f.DefaultMavenResourcesFiltering - skip non existing resourceDirectory C:\Users\thummaluru.sandhya1\practice\nov21\src\main\resources
2025-11-25 10:01:15,373 [Worker-24: Building] INFO  o.a.m.s.f.DefaultMavenResourcesFiltering - skip non existing resourceDirectory C:\Users\thummaluru.sandhya1\practice\nov21\src\test\resources
2025-11-25 10:02:03,511 [Worker-24: Building] INFO  o.a.m.s.f.DefaultMavenResourcesFiltering - skip non existing resourceDirectory C:\Users\thummaluru.sandhya1\practice\nov21\src\main\resources
2025-11-25 10:02:03,515 [Worker-24: Building] INFO  o.a.m.s.f.DefaultMavenResourcesFiltering - skip non existing resourceDirectory C:\Users\thummaluru.sandhya1\practice\nov21\src\test\resources
2025-11-25 10:02:35,541 [Worker-26: Building] INFO  o.a.m.s.f.DefaultMavenResourcesFiltering - skip non existing resourceDirectory C:\Users\thummaluru.sandhya1\practice\nov21\src\main\resources
2025-11-25 10:02:35,543 [Worker-26: Building] INFO  o.a.m.s.f.DefaultMavenResourcesFiltering - skip non existing resourceDirectory C:\Users\thummaluru.sandhya1\practice\nov21\src\test\resources
2025-11-25 10:10:37,272 [Worker-27: Building] INFO  o.a.m.s.f.DefaultMavenResourcesFiltering - skip non existing resourceDirectory C:\Users\thummaluru.sandhya1\practice\nov25\src\main\resources
2025-11-25 10:10:37,274 [Worker-27: Building] INFO  o.a.m.s.f.DefaultMavenResourcesFiltering - skip non existing resourceDirectory C:\Users\thummaluru.sandhya1\practice\nov25\src\test\resources
2025-11-25 10:11:20,261 [Worker-20: Building] INFO  o.a.m.s.f.DefaultMavenResourcesFiltering - skip non existing resourceDirectory C:\Users\thummaluru.sandhya1\practice\nov25\src\main\resources
2025-11-25 10:11:20,262 [Worker-20: Building] INFO  o.a.m.s.f.DefaultMavenResourcesFiltering - skip non existing resourceDirectory C:\Users\thummaluru.sandhya1\practice\nov25\src\test\resources
2025-11-25 10:11:51,591 [Worker-28: Building] INFO  o.a.m.s.f.DefaultMavenResourcesFiltering - skip non existing resourceDirectory C:\Users\thummaluru.sandhya1\practice\nov21\src\main\resources
2025-11-25 10:11:51,594 [Worker-28: Building] INFO  o.a.m.s.f.DefaultMavenResourcesFiltering - skip non existing resourceDirectory C:\Users\thummaluru.sandhya1\practice\nov21\src\test\resources
2025-11-25 10:12:17,860 [Worker-26: Building] INFO  o.a.m.s.f.DefaultMavenResourcesFiltering - skip non existing resourceDirectory C:\Users\thummaluru.sandhya1\practice\nov25\src\main\resources
2025-11-25 10:12:17,861 [Worker-26: Building] INFO  o.a.m.s.f.DefaultMavenResourcesFiltering - skip non existing resourceDirectory C:\Users\thummaluru.sandhya1\practice\nov25\src\test\resources
2025-11-25 10:14:32,537 [Worker-26: Building] INFO  o.a.m.s.f.DefaultMavenResourcesFiltering - skip non existing resourceDirectory C:\Users\thummaluru.sandhya1\practice\nov25\src\main\resources
2025-11-25 10:14:32,540 [Worker-26: Building] INFO  o.a.m.s.f.DefaultMavenResourcesFiltering - skip non existing resourceDirectory C:\Users\thummaluru.sandhya1\practice\nov25\src\test\resources
2025-11-25 10:14:50,787 [Worker-28: Building] INFO  o.a.m.s.f.DefaultMavenResourcesFiltering - skip non existing resourceDirectory C:\Users\thummaluru.sandhya1\practice\nov21\src\main\resources
2025-11-25 10:14:50,789 [Worker-28: Building] INFO  o.a.m.s.f.DefaultMavenResourcesFiltering - skip non existing resourceDirectory C:\Users\thummaluru.sandhya1\practice\nov21\src\test\resources
2025-11-25 10:15:39,589 [Worker-29: Building] INFO  o.a.m.s.f.DefaultMavenResourcesFiltering - skip non existing resourceDirectory C:\Users\thummaluru.sandhya1\practice\nov21\src\main\resources
2025-11-25 10:15:39,591 [Worker-29: Building] INFO  o.a.m.s.f.DefaultMavenResourcesFiltering - skip non existing resourceDirectory C:\Users\thummaluru.sandhya1\practice\nov21\src\test\resources
2025-11-25 10:17:48,113 [Worker-28: Building] INFO  o.a.m.s.f.DefaultMavenResourcesFiltering - skip non existing resourceDirectory C:\Users\thummaluru.sandhya1\practice\nov25\src\main\resources
2025-11-25 10:17:48,114 [Worker-28: Building] INFO  o.a.m.s.f.DefaultMavenResourcesFiltering - skip non existing resourceDirectory C:\Users\thummaluru.sandhya1\practice\nov25\src\test\resources
2025-11-25 10:18:19,743 [Worker-27: Building] INFO  o.a.m.s.f.DefaultMavenResourcesFiltering - skip non existing resourceDirectory C:\Users\thummaluru.sandhya1\practice\nov25\src\main\resources
2025-11-25 10:18:19,744 [Worker-27: Building] INFO  o.a.m.s.f.DefaultMavenResourcesFiltering - skip non existing resourceDirectory C:\Users\thummaluru.sandhya1\practice\nov25\src\test\resources
2025-11-25 10:18:34,311 [Worker-29: Building] INFO  o.a.m.s.f.DefaultMavenResourcesFiltering - skip non existing resourceDirectory C:\Users\thummaluru.sandhya1\practice\nov25\src\main\resources
2025-11-25 10:18:34,312 [Worker-29: Building] INFO  o.a.m.s.f.DefaultMavenResourcesFiltering - skip non existing resourceDirectory C:\Users\thummaluru.sandhya1\practice\nov25\src\test\resources
2025-11-25 10:18:39,374 [Worker-20: Building] INFO  o.a.m.s.f.DefaultMavenResourcesFiltering - skip non existing resourceDirectory C:\Users\thummaluru.sandhya1\practice\nov21\src\main\resources
2025-11-25 10:18:39,376 [Worker-20: Building] INFO  o.a.m.s.f.DefaultMavenResourcesFiltering - skip non existing resourceDirectory C:\Users\thummaluru.sandhya1\practice\nov21\src\test\resources
2025-11-25 10:21:04,034 [Worker-20: Building] INFO  o.a.m.s.f.DefaultMavenResourcesFiltering - skip non existing resourceDirectory C:\Users\thummaluru.sandhya1\practice\nov25\src\main\resources
2025-11-25 10:21:04,036 [Worker-20: Building] INFO  o.a.m.s.f.DefaultMavenResourcesFiltering - skip non existing resourceDirectory C:\Users\thummaluru.sandhya1\practice\nov25\src\test\resources
2025-11-25 10:21:41,387 [Worker-26: Building] INFO  o.a.m.s.f.DefaultMavenResourcesFiltering - skip non existing resourceDirectory C:\Users\thummaluru.sandhya1\practice\nov25\src\main\resources
2025-11-25 10:21:41,389 [Worker-26: Building] INFO  o.a.m.s.f.DefaultMavenResourcesFiltering - skip non existing resourceDirectory C:\Users\thummaluru.sandhya1\practice\nov25\src\test\resources
2025-11-25 10:22:09,541 [Worker-28: Building] INFO  o.a.m.s.f.DefaultMavenResourcesFiltering - skip non existing resourceDirectory C:\Users\thummaluru.sandhya1\practice\nov25\src\main\resources
2025-11-25 10:22:09,542 [Worker-28: Building] INFO  o.a.m.s.f.DefaultMavenResourcesFiltering - skip non existing resourceDirectory C:\Users\thummaluru.sandhya1\practice\nov25\src\test\resources
2025-11-25 10:22:29,737 [Worker-20: Building] INFO  o.a.m.s.f.DefaultMavenResourcesFiltering - skip non existing resourceDirectory C:\Users\thummaluru.sandhya1\practice\nov21\src\main\resources
2025-11-25 10:22:29,738 [Worker-20: Building] INFO  o.a.m.s.f.DefaultMavenResourcesFiltering - skip non existing resourceDirectory C:\Users\thummaluru.sandhya1\practice\nov21\src\test\resources
2025-11-25 10:23:29,730 [Worker-28: Building] INFO  o.a.m.s.f.DefaultMavenResourcesFiltering - skip non existing resourceDirectory C:\Users\thummaluru.sandhya1\practice\nov25\src\main\resources
2025-11-25 10:23:29,732 [Worker-28: Building] INFO  o.a.m.s.f.DefaultMavenResourcesFiltering - skip non existing resourceDirectory C:\Users\thummaluru.sandhya1\practice\nov25\src\test\resources
2025-11-25 10:23:57,303 [Worker-20: Building] INFO  o.a.m.s.f.DefaultMavenResourcesFiltering - skip non existing resourceDirectory C:\Users\thummaluru.sandhya1\practice\nov25\src\main\resources
2025-11-25 10:23:57,305 [Worker-20: Building] INFO  o.a.m.s.f.DefaultMavenResourcesFiltering - skip non existing resourceDirectory C:\Users\thummaluru.sandhya1\practice\nov25\src\test\resources
2025-11-25 10:24:42,098 [Worker-28: Building] INFO  o.a.m.s.f.DefaultMavenResourcesFiltering - skip non existing resourceDirectory C:\Users\thummaluru.sandhya1\practice\nov25\src\main\resources
2025-11-25 10:24:42,099 [Worker-28: Building] INFO  o.a.m.s.f.DefaultMavenResourcesFiltering - skip non existing resourceDirectory C:\Users\thummaluru.sandhya1\practice\nov25\src\test\resources
2025-11-25 10:27:12,568 [Worker-29: Building] INFO  o.a.m.s.f.DefaultMavenResourcesFiltering - skip non existing resourceDirectory C:\Users\thummaluru.sandhya1\practice\nov25\src\main\resources
2025-11-25 10:27:12,571 [Worker-29: Building] INFO  o.a.m.s.f.DefaultMavenResourcesFiltering - skip non existing resourceDirectory C:\Users\thummaluru.sandhya1\practice\nov25\src\test\resources
2025-11-25 10:27:31,106 [Worker-26: Building] INFO  o.a.m.s.f.DefaultMavenResourcesFiltering - skip non existing resourceDirectory C:\Users\thummaluru.sandhya1\practice\nov25\src\main\resources
2025-11-25 10:27:31,107 [Worker-26: Building] INFO  o.a.m.s.f.DefaultMavenResourcesFiltering - skip non existing resourceDirectory C:\Users\thummaluru.sandhya1\practice\nov25\src\test\resources
2025-11-25 10:27:37,672 [Worker-29: Building] INFO  o.a.m.s.f.DefaultMavenResourcesFiltering - skip non existing resourceDirectory C:\Users\thummaluru.sandhya1\practice\nov25\src\main\resources
2025-11-25 10:27:37,674 [Worker-29: Building] INFO  o.a.m.s.f.DefaultMavenResourcesFiltering - skip non existing resourceDirectory C:\Users\thummaluru.sandhya1\practice\nov25\src\test\resources
2025-11-25 10:28:13,123 [Worker-20: Building] INFO  o.a.m.s.f.DefaultMavenResourcesFiltering - skip non existing resourceDirectory C:\Users\thummaluru.sandhya1\practice\nov25\src\main\resources
2025-11-25 10:28:13,125 [Worker-20: Building] INFO  o.a.m.s.f.DefaultMavenResourcesFiltering - skip non existing resourceDirectory C:\Users\thummaluru.sandhya1\practice\nov25\src\test\resources
2025-11-25 10:28:43,926 [Worker-26: Building] INFO  o.a.m.s.f.DefaultMavenResourcesFiltering - skip non existing resourceDirectory C:\Users\thummaluru.sandhya1\practice\nov25\src\main\resources
2025-11-25 10:28:43,927 [Worker-26: Building] INFO  o.a.m.s.f.DefaultMavenResourcesFiltering - skip non existing resourceDirectory C:\Users\thummaluru.sandhya1\practice\nov25\src\test\resources
2025-11-25 10:30:30,620 [Worker-28: Building] INFO  o.a.m.s.f.DefaultMavenResourcesFiltering - skip non existing resourceDirectory C:\Users\thummaluru.sandhya1\practice\nov25\src\main\resources
2025-11-25 10:30:30,622 [Worker-28: Building] INFO  o.a.m.s.f.DefaultMavenResourcesFiltering - skip non existing resourceDirectory C:\Users\thummaluru.sandhya1\practice\nov25\src\test\resources
2025-11-25 10:31:51,586 [Worker-26: Building] INFO  o.a.m.s.f.DefaultMavenResourcesFiltering - skip non existing resourceDirectory C:\Users\thummaluru.sandhya1\practice\nov25\src\main\resources
2025-11-25 10:31:51,588 [Worker-26: Building] INFO  o.a.m.s.f.DefaultMavenResourcesFiltering - skip non existing resourceDirectory C:\Users\thummaluru.sandhya1\practice\nov25\src\test\resources
2025-11-25 10:32:22,566 [Worker-26: Building] INFO  o.a.m.s.f.DefaultMavenResourcesFiltering - skip non existing resourceDirectory C:\Users\thummaluru.sandhya1\practice\nov25\src\main\resources
2025-11-25 10:32:22,567 [Worker-26: Building] INFO  o.a.m.s.f.DefaultMavenResourcesFiltering - skip non existing resourceDirectory C:\Users\thummaluru.sandhya1\practice\nov25\src\test\resources
2025-11-25 10:33:27,973 [Worker-26: Building] INFO  o.a.m.s.f.DefaultMavenResourcesFiltering - skip non existing resourceDirectory C:\Users\thummaluru.sandhya1\practice\nov25\src\main\resources
2025-11-25 10:33:27,974 [Worker-26: Building] INFO  o.a.m.s.f.DefaultMavenResourcesFiltering - skip non existing resourceDirectory C:\Users\thummaluru.sandhya1\practice\nov25\src\test\resources
2025-11-25 10:34:18,948 [Worker-28: Building] INFO  o.a.m.s.f.DefaultMavenResourcesFiltering - skip non existing resourceDirectory C:\Users\thummaluru.sandhya1\practice\nov25\src\main\resources
2025-11-25 10:34:18,949 [Worker-28: Building] INFO  o.a.m.s.f.DefaultMavenResourcesFiltering - skip non existing resourceDirectory C:\Users\thummaluru.sandhya1\practice\nov25\src\test\resources
2025-11-25 10:36:34,309 [Worker-28: Building] INFO  o.a.m.s.f.DefaultMavenResourcesFiltering - skip non existing resourceDirectory C:\Users\thummaluru.sandhya1\practice\nov25\src\main\resources
2025-11-25 10:36:34,311 [Worker-28: Building] INFO  o.a.m.s.f.DefaultMavenResourcesFiltering - skip non existing resourceDirectory C:\Users\thummaluru.sandhya1\practice\nov25\src\test\resources
2025-11-25 10:37:32,224 [Worker-28: Building] INFO  o.a.m.s.f.DefaultMavenResourcesFiltering - skip non existing resourceDirectory C:\Users\thummaluru.sandhya1\practice\nov25\src\main\resources
2025-11-25 10:37:32,226 [Worker-28: Building] INFO  o.a.m.s.f.DefaultMavenResourcesFiltering - skip non existing resourceDirectory C:\Users\thummaluru.sandhya1\practice\nov25\src\test\resources
2025-11-25 10:38:37,425 [Worker-26: Building] INFO  o.a.m.s.f.DefaultMavenResourcesFiltering - skip non existing resourceDirectory C:\Users\thummaluru.sandhya1\practice\nov25\src\main\resources
2025-11-25 10:38:37,427 [Worker-26: Building] INFO  o.a.m.s.f.DefaultMavenResourcesFiltering - skip non existing resourceDirectory C:\Users\thummaluru.sandhya1\practice\nov25\src\test\resources
2025-11-25 10:39:45,675 [Worker-29: Building] INFO  o.a.m.s.f.DefaultMavenResourcesFiltering - skip non existing resourceDirectory C:\Users\thummaluru.sandhya1\practice\nov25\src\main\resources
2025-11-25 10:39:45,676 [Worker-29: Building] INFO  o.a.m.s.f.DefaultMavenResourcesFiltering - skip non existing resourceDirectory C:\Users\thummaluru.sandhya1\practice\nov25\src\test\resources
2025-11-25 10:41:05,410 [Worker-20: Building] INFO  o.a.m.s.f.DefaultMavenResourcesFiltering - skip non existing resourceDirectory C:\Users\thummaluru.sandhya1\practice\nov25\src\main\resources
2025-11-25 10:41:05,412 [Worker-20: Building] INFO  o.a.m.s.f.DefaultMavenResourcesFiltering - skip non existing resourceDirectory C:\Users\thummaluru.sandhya1\practice\nov25\src\test\resources
2025-11-25 10:42:32,268 [Worker-26: Building] INFO  o.a.m.s.f.DefaultMavenResourcesFiltering - skip non existing resourceDirectory C:\Users\thummaluru.sandhya1\practice\nov25\src\main\resources
2025-11-25 10:42:32,270 [Worker-26: Building] INFO  o.a.m.s.f.DefaultMavenResourcesFiltering - skip non existing resourceDirectory C:\Users\thummaluru.sandhya1\practice\nov25\src\test\resources
2025-11-25 10:43:46,896 [Worker-26: Building] INFO  o.a.m.s.f.DefaultMavenResourcesFiltering - skip non existing resourceDirectory C:\Users\thummaluru.sandhya1\practice\nov25\src\main\resources
2025-11-25 10:43:46,897 [Worker-26: Building] INFO  o.a.m.s.f.DefaultMavenResourcesFiltering - skip non existing resourceDirectory C:\Users\thummaluru.sandhya1\practice\nov25\src\test\resources
2025-11-25 10:44:05,623 [Worker-31: Building] INFO  o.a.m.s.f.DefaultMavenResourcesFiltering - skip non existing resourceDirectory C:\Users\thummaluru.sandhya1\practice\nov25\src\main\resources
2025-11-25 10:44:05,624 [Worker-31: Building] INFO  o.a.m.s.f.DefaultMavenResourcesFiltering - skip non existing resourceDirectory C:\Users\thummaluru.sandhya1\practice\nov25\src\test\resources
2025-11-25 10:44:08,329 [Worker-20: Building] INFO  o.a.m.s.f.DefaultMavenResourcesFiltering - skip non existing resourceDirectory C:\Users\thummaluru.sandhya1\practice\nov25\src\main\resources
2025-11-25 10:44:08,330 [Worker-20: Building] INFO  o.a.m.s.f.DefaultMavenResourcesFiltering - skip non existing resourceDirectory C:\Users\thummaluru.sandhya1\practice\nov25\src\test\resources
2025-11-25 10:47:22,908 [Worker-28: Building] INFO  o.a.m.s.f.DefaultMavenResourcesFiltering - skip non existing resourceDirectory C:\Users\thummaluru.sandhya1\practice\nov25\src\main\resources
2025-11-25 10:47:22,909 [Worker-28: Building] INFO  o.a.m.s.f.DefaultMavenResourcesFiltering - skip non existing resourceDirectory C:\Users\thummaluru.sandhya1\practice\nov25\src\test\resources
2025-11-25 10:49:31,697 [Worker-26: Building] INFO  o.a.m.s.f.DefaultMavenResourcesFiltering - skip non existing resourceDirectory C:\Users\thummaluru.sandhya1\practice\nov25\src\main\resources
2025-11-25 10:49:31,698 [Worker-26: Building] INFO  o.a.m.s.f.DefaultMavenResourcesFiltering - skip non existing resourceDirectory C:\Users\thummaluru.sandhya1\practice\nov25\src\test\resources
2025-11-25 10:50:10,480 [Worker-30: Building] INFO  o.a.m.s.f.DefaultMavenResourcesFiltering - skip non existing resourceDirectory C:\Users\thummaluru.sandhya1\practice\nov25\src\main\resources
2025-11-25 10:50:10,481 [Worker-30: Building] INFO  o.a.m.s.f.DefaultMavenResourcesFiltering - skip non existing resourceDirectory C:\Users\thummaluru.sandhya1\practice\nov25\src\test\resources
2025-11-25 10:51:15,770 [Worker-31: Building] INFO  o.a.m.s.f.DefaultMavenResourcesFiltering - skip non existing resourceDirectory C:\Users\thummaluru.sandhya1\practice\nov25\src\main\resources
2025-11-25 10:51:15,771 [Worker-31: Building] INFO  o.a.m.s.f.DefaultMavenResourcesFiltering - skip non existing resourceDirectory C:\Users\thummaluru.sandhya1\practice\nov25\src\test\resources
2025-11-25 10:53:40,516 [Worker-26: Building] INFO  o.a.m.s.f.DefaultMavenResourcesFiltering - skip non existing resourceDirectory C:\Users\thummaluru.sandhya1\practice\nov25\src\main\resources
2025-11-25 10:53:40,517 [Worker-26: Building] INFO  o.a.m.s.f.DefaultMavenResourcesFiltering - skip non existing resourceDirectory C:\Users\thummaluru.sandhya1\practice\nov25\src\test\resources
2025-11-25 10:56:45,798 [Worker-33: Building] INFO  o.a.m.s.f.DefaultMavenResourcesFiltering - skip non existing resourceDirectory C:\Users\thummaluru.sandhya1\practice\nov21\src\main\resources
2025-11-25 10:56:45,800 [Worker-33: Building] INFO  o.a.m.s.f.DefaultMavenResourcesFiltering - skip non existing resourceDirectory C:\Users\thummaluru.sandhya1\practice\nov21\src\test\resources
2025-11-25 10:56:56,930 [Worker-29: Building] INFO  o.a.m.s.f.DefaultMavenResourcesFiltering - skip non existing resourceDirectory C:\Users\thummaluru.sandhya1\practice\nov21\src\main\resources
2025-11-25 10:56:56,933 [Worker-29: Building] INFO  o.a.m.s.f.DefaultMavenResourcesFiltering - skip non existing resourceDirectory C:\Users\thummaluru.sandhya1\practice\nov21\src\test\resources
2025-11-25 10:57:33,564 [Worker-33: Building] INFO  o.a.m.s.f.DefaultMavenResourcesFiltering - skip non existing resourceDirectory C:\Users\thummaluru.sandhya1\practice\nov21\src\main\resources
2025-11-25 10:57:33,565 [Worker-33: Building] INFO  o.a.m.s.f.DefaultMavenResourcesFiltering - skip non existing resourceDirectory C:\Users\thummaluru.sandhya1\practice\nov21\src\test\resources
2025-11-25 10:58:02,768 [Worker-33: Building] INFO  o.a.m.s.f.DefaultMavenResourcesFiltering - skip non existing resourceDirectory C:\Users\thummaluru.sandhya1\practice\nov21\src\main\resources
2025-11-25 10:58:02,769 [Worker-33: Building] INFO  o.a.m.s.f.DefaultMavenResourcesFiltering - skip non existing resourceDirectory C:\Users\thummaluru.sandhya1\practice\nov21\src\test\resources
2025-11-25 10:58:15,568 [Worker-28: Building] INFO  o.a.m.s.f.DefaultMavenResourcesFiltering - skip non existing resourceDirectory C:\Users\thummaluru.sandhya1\practice\nov21\src\main\resources
2025-11-25 10:58:15,570 [Worker-28: Building] INFO  o.a.m.s.f.DefaultMavenResourcesFiltering - skip non existing resourceDirectory C:\Users\thummaluru.sandhya1\practice\nov21\src\test\resources
2025-11-25 11:33:28,559 [Worker-41: Building] INFO  o.a.m.s.f.DefaultMavenResourcesFiltering - skip non existing resourceDirectory C:\Users\thummaluru.sandhya1\practice\nov21\src\main\resources
2025-11-25 11:33:28,562 [Worker-41: Building] INFO  o.a.m.s.f.DefaultMavenResourcesFiltering - skip non existing resourceDirectory C:\Users\thummaluru.sandhya1\practice\nov21\src\test\resources
2025-11-25 11:33:49,490 [Worker-35: Building] INFO  o.a.m.s.f.DefaultMavenResourcesFiltering - skip non existing resourceDirectory C:\Users\thummaluru.sandhya1\practice\nov21\src\main\resources
2025-11-25 11:33:49,491 [Worker-35: Building] INFO  o.a.m.s.f.DefaultMavenResourcesFiltering - skip non existing resourceDirectory C:\Users\thummaluru.sandhya1\practice\nov21\src\test\resources
2025-11-25 11:34:04,624 [Worker-39: Building] INFO  o.a.m.s.f.DefaultMavenResourcesFiltering - skip non existing resourceDirectory C:\Users\thummaluru.sandhya1\practice\nov21\src\main\resources
2025-11-25 11:34:04,626 [Worker-39: Building] INFO  o.a.m.s.f.DefaultMavenResourcesFiltering - skip non existing resourceDirectory C:\Users\thummaluru.sandhya1\practice\nov21\src\test\resources
2025-11-25 11:34:25,386 [Worker-41: Building] INFO  o.a.m.s.f.DefaultMavenResourcesFiltering - skip non existing resourceDirectory C:\Users\thummaluru.sandhya1\practice\nov21\src\main\resources
2025-11-25 11:34:25,387 [Worker-41: Building] INFO  o.a.m.s.f.DefaultMavenResourcesFiltering - skip non existing resourceDirectory C:\Users\thummaluru.sandhya1\practice\nov21\src\test\resources
2025-11-25 11:34:43,752 [Worker-39: Building] INFO  o.a.m.s.f.DefaultMavenResourcesFiltering - skip non existing resourceDirectory C:\Users\thummaluru.sandhya1\practice\nov21\src\main\resources
2025-11-25 11:34:43,754 [Worker-39: Building] INFO  o.a.m.s.f.DefaultMavenResourcesFiltering - skip non existing resourceDirectory C:\Users\thummaluru.sandhya1\practice\nov21\src\test\resources
2025-11-25 11:35:00,350 [Worker-39: Building] INFO  o.a.m.s.f.DefaultMavenResourcesFiltering - skip non existing resourceDirectory C:\Users\thummaluru.sandhya1\practice\nov21\src\main\resources
2025-11-25 11:35:00,351 [Worker-39: Building] INFO  o.a.m.s.f.DefaultMavenResourcesFiltering - skip non existing resourceDirectory C:\Users\thummaluru.sandhya1\practice\nov21\src\test\resources
2025-11-25 11:35:18,795 [Worker-35: Building] INFO  o.a.m.s.f.DefaultMavenResourcesFiltering - skip non existing resourceDirectory C:\Users\thummaluru.sandhya1\practice\nov21\src\main\resources
2025-11-25 11:35:18,798 [Worker-35: Building] INFO  o.a.m.s.f.DefaultMavenResourcesFiltering - skip non existing resourceDirectory C:\Users\thummaluru.sandhya1\practice\nov21\src\test\resources
2025-11-25 11:38:49,892 [Worker-43: Retrieving archetypes:] WARN  o.a.h.c.p.ResponseProcessCookies - Invalid cookie header: "Set-Cookie: nspatoken=23d4b7e3b2d38c07fffcc75b34a07dbcbcc38b891768bed7d50dd5d10445630c; Expires=Wed, 26 Nov 2025 03:36:11 GMT;SameSite=None;Secure;domain=.maven.org;path=/;". Invalid 'expires' attribute: Wed, 26 Nov 2025 03:36:11 GMT
2025-11-25 11:38:49,982 [Worker-35: Retrieving archetypes:] WARN  o.a.h.c.p.ResponseProcessCookies - Invalid cookie header: "Set-Cookie: nspatoken=23d4b7e3b2d38c07fffcc75b34a07dbcbcc38b891768bed7d50dd5d10445630c; Expires=Wed, 26 Nov 2025 03:36:11 GMT;SameSite=None;Secure;domain=.maven.org;path=/;". Invalid 'expires' attribute: Wed, 26 Nov 2025 03:36:11 GMT
2025-11-25 11:39:09,794 [Worker-44: Launching mavenrun-4435b9c7-f67e-4b37-b1bd-685e1129f4cc] INFO  o.eclipse.m2e.core.internal.Bundles - getClasspathEntries(Bundle=org.eclipse.m2e.maven.runtime_3.9.900.20250220-2013 [638])
2025-11-25 11:39:09,796 [Worker-44: Launching mavenrun-4435b9c7-f67e-4b37-b1bd-685e1129f4cc] INFO  o.eclipse.m2e.core.internal.Bundles - 	Entry: C:\Program Files\eclipse\plugins\org.eclipse.m2e.maven.runtime_3.9.900.20250220-2013
2025-11-25 11:39:09,796 [Worker-44: Launching mavenrun-4435b9c7-f67e-4b37-b1bd-685e1129f4cc] INFO  o.eclipse.m2e.core.internal.Bundles - 	Entry: C:\Program Files\eclipse\plugins\org.eclipse.m2e.maven.runtime_3.9.900.20250220-2013\jars\aopalliance-1.0.jar
2025-11-25 11:39:09,797 [Worker-44: Launching mavenrun-4435b9c7-f67e-4b37-b1bd-685e1129f4cc] INFO  o.eclipse.m2e.core.internal.Bundles - 	Entry: C:\Program Files\eclipse\plugins\org.eclipse.m2e.maven.runtime_3.9.900.20250220-2013\jars\guice-5.1.0.jar
2025-11-25 11:39:09,797 [Worker-44: Launching mavenrun-4435b9c7-f67e-4b37-b1bd-685e1129f4cc] INFO  o.eclipse.m2e.core.internal.Bundles - 	Entry: C:\Program Files\eclipse\plugins\org.eclipse.m2e.maven.runtime_3.9.900.20250220-2013\jars\httpclient-4.5.14.jar
2025-11-25 11:39:09,797 [Worker-44: Launching mavenrun-4435b9c7-f67e-4b37-b1bd-685e1129f4cc] INFO  o.eclipse.m2e.core.internal.Bundles - 	Entry: C:\Program Files\eclipse\plugins\org.eclipse.m2e.maven.runtime_3.9.900.20250220-2013\jars\httpcore-4.4.16.jar
2025-11-25 11:39:09,798 [Worker-44: Launching mavenrun-4435b9c7-f67e-4b37-b1bd-685e1129f4cc] INFO  o.eclipse.m2e.core.internal.Bundles - 	Entry: C:\Program Files\eclipse\plugins\org.eclipse.m2e.maven.runtime_3.9.900.20250220-2013\jars\jansi-2.4.1.jar
2025-11-25 11:39:09,798 [Worker-44: Launching mavenrun-4435b9c7-f67e-4b37-b1bd-685e1129f4cc] INFO  o.eclipse.m2e.core.internal.Bundles - 	Entry: C:\Program Files\eclipse\plugins\org.eclipse.m2e.maven.runtime_3.9.900.20250220-2013\jars\jcl-over-slf4j-1.7.36.jar
2025-11-25 11:39:09,798 [Worker-44: Launching mavenrun-4435b9c7-f67e-4b37-b1bd-685e1129f4cc] INFO  o.eclipse.m2e.core.internal.Bundles - 	Entry: C:\Program Files\eclipse\plugins\org.eclipse.m2e.maven.runtime_3.9.900.20250220-2013\jars\maven-artifact-3.9.9.jar
2025-11-25 11:39:09,798 [Worker-44: Launching mavenrun-4435b9c7-f67e-4b37-b1bd-685e1129f4cc] INFO  o.eclipse.m2e.core.internal.Bundles - 	Entry: C:\Program Files\eclipse\plugins\org.eclipse.m2e.maven.runtime_3.9.900.20250220-2013\jars\maven-builder-support-3.9.9.jar
2025-11-25 11:39:09,799 [Worker-44: Launching mavenrun-4435b9c7-f67e-4b37-b1bd-685e1129f4cc] INFO  o.eclipse.m2e.core.internal.Bundles - 	Entry: C:\Program Files\eclipse\plugins\org.eclipse.m2e.maven.runtime_3.9.900.20250220-2013\jars\maven-compat-3.9.9.jar
2025-11-25 11:39:09,799 [Worker-44: Launching mavenrun-4435b9c7-f67e-4b37-b1bd-685e1129f4cc] INFO  o.eclipse.m2e.core.internal.Bundles - 	Entry: C:\Program Files\eclipse\plugins\org.eclipse.m2e.maven.runtime_3.9.900.20250220-2013\jars\maven-core-3.9.9.jar
2025-11-25 11:39:09,801 [Worker-44: Launching mavenrun-4435b9c7-f67e-4b37-b1bd-685e1129f4cc] INFO  o.eclipse.m2e.core.internal.Bundles - 	Entry: C:\Program Files\eclipse\plugins\org.eclipse.m2e.maven.runtime_3.9.900.20250220-2013\jars\maven-embedder-3.9.9.jar
2025-11-25 11:39:09,805 [Worker-44: Launching mavenrun-4435b9c7-f67e-4b37-b1bd-685e1129f4cc] INFO  o.eclipse.m2e.core.internal.Bundles - 	Entry: C:\Program Files\eclipse\plugins\org.eclipse.m2e.maven.runtime_3.9.900.20250220-2013\jars\maven-model-3.9.9.jar
2025-11-25 11:39:09,805 [Worker-44: Launching mavenrun-4435b9c7-f67e-4b37-b1bd-685e1129f4cc] INFO  o.eclipse.m2e.core.internal.Bundles - 	Entry: C:\Program Files\eclipse\plugins\org.eclipse.m2e.maven.runtime_3.9.900.20250220-2013\jars\maven-model-builder-3.9.9.jar
2025-11-25 11:39:09,806 [Worker-44: Launching mavenrun-4435b9c7-f67e-4b37-b1bd-685e1129f4cc] INFO  o.eclipse.m2e.core.internal.Bundles - 	Entry: C:\Program Files\eclipse\plugins\org.eclipse.m2e.maven.runtime_3.9.900.20250220-2013\jars\maven-plugin-api-3.9.9.jar
2025-11-25 11:39:09,806 [Worker-44: Launching mavenrun-4435b9c7-f67e-4b37-b1bd-685e1129f4cc] INFO  o.eclipse.m2e.core.internal.Bundles - 	Entry: C:\Program Files\eclipse\plugins\org.eclipse.m2e.maven.runtime_3.9.900.20250220-2013\jars\maven-repository-metadata-3.9.9.jar
2025-11-25 11:39:09,806 [Worker-44: Launching mavenrun-4435b9c7-f67e-4b37-b1bd-685e1129f4cc] INFO  o.eclipse.m2e.core.internal.Bundles - 	Entry: C:\Program Files\eclipse\plugins\org.eclipse.m2e.maven.runtime_3.9.900.20250220-2013\jars\maven-resolver-api-1.9.22.jar
2025-11-25 11:39:09,807 [Worker-44: Launching mavenrun-4435b9c7-f67e-4b37-b1bd-685e1129f4cc] INFO  o.eclipse.m2e.core.internal.Bundles - 	Entry: C:\Program Files\eclipse\plugins\org.eclipse.m2e.maven.runtime_3.9.900.20250220-2013\jars\maven-resolver-connector-basic-1.9.22.jar
2025-11-25 11:39:09,807 [Worker-44: Launching mavenrun-4435b9c7-f67e-4b37-b1bd-685e1129f4cc] INFO  o.eclipse.m2e.core.internal.Bundles - 	Entry: C:\Program Files\eclipse\plugins\org.eclipse.m2e.maven.runtime_3.9.900.20250220-2013\jars\maven-resolver-impl-1.9.22.jar
2025-11-25 11:39:09,807 [Worker-44: Launching mavenrun-4435b9c7-f67e-4b37-b1bd-685e1129f4cc] INFO  o.eclipse.m2e.core.internal.Bundles - 	Entry: C:\Program Files\eclipse\plugins\org.eclipse.m2e.maven.runtime_3.9.900.20250220-2013\jars\maven-resolver-named-locks-1.9.22.jar
2025-11-25 11:39:09,807 [Worker-44: Launching mavenrun-4435b9c7-f67e-4b37-b1bd-685e1129f4cc] INFO  o.eclipse.m2e.core.internal.Bundles - 	Entry: C:\Program Files\eclipse\plugins\org.eclipse.m2e.maven.runtime_3.9.900.20250220-2013\jars\maven-resolver-provider-3.9.9.jar
2025-11-25 11:39:09,808 [Worker-44: Launching mavenrun-4435b9c7-f67e-4b37-b1bd-685e1129f4cc] INFO  o.eclipse.m2e.core.internal.Bundles - 	Entry: C:\Program Files\eclipse\plugins\org.eclipse.m2e.maven.runtime_3.9.900.20250220-2013\jars\maven-resolver-spi-1.9.22.jar
2025-11-25 11:39:09,808 [Worker-44: Launching mavenrun-4435b9c7-f67e-4b37-b1bd-685e1129f4cc] INFO  o.eclipse.m2e.core.internal.Bundles - 	Entry: C:\Program Files\eclipse\plugins\org.eclipse.m2e.maven.runtime_3.9.900.20250220-2013\jars\maven-resolver-transport-file-1.9.22.jar
2025-11-25 11:39:09,808 [Worker-44: Launching mavenrun-4435b9c7-f67e-4b37-b1bd-685e1129f4cc] INFO  o.eclipse.m2e.core.internal.Bundles - 	Entry: C:\Program Files\eclipse\plugins\org.eclipse.m2e.maven.runtime_3.9.900.20250220-2013\jars\maven-resolver-transport-http-1.9.22.jar
2025-11-25 11:39:09,808 [Worker-44: Launching mavenrun-4435b9c7-f67e-4b37-b1bd-685e1129f4cc] INFO  o.eclipse.m2e.core.internal.Bundles - 	Entry: C:\Program Files\eclipse\plugins\org.eclipse.m2e.maven.runtime_3.9.900.20250220-2013\jars\maven-resolver-transport-wagon-1.9.22.jar
2025-11-25 11:39:09,809 [Worker-44: Launching mavenrun-4435b9c7-f67e-4b37-b1bd-685e1129f4cc] INFO  o.eclipse.m2e.core.internal.Bundles - 	Entry: C:\Program Files\eclipse\plugins\org.eclipse.m2e.maven.runtime_3.9.900.20250220-2013\jars\maven-resolver-util-1.9.22.jar
2025-11-25 11:39:09,809 [Worker-44: Launching mavenrun-4435b9c7-f67e-4b37-b1bd-685e1129f4cc] INFO  o.eclipse.m2e.core.internal.Bundles - 	Entry: C:\Program Files\eclipse\plugins\org.eclipse.m2e.maven.runtime_3.9.900.20250220-2013\jars\maven-settings-3.9.9.jar
2025-11-25 11:39:09,809 [Worker-44: Launching mavenrun-4435b9c7-f67e-4b37-b1bd-685e1129f4cc] INFO  o.eclipse.m2e.core.internal.Bundles - 	Entry: C:\Program Files\eclipse\plugins\org.eclipse.m2e.maven.runtime_3.9.900.20250220-2013\jars\maven-settings-builder-3.9.9.jar
2025-11-25 11:39:09,809 [Worker-44: Launching mavenrun-4435b9c7-f67e-4b37-b1bd-685e1129f4cc] INFO  o.eclipse.m2e.core.internal.Bundles - 	Entry: C:\Program Files\eclipse\plugins\org.eclipse.m2e.maven.runtime_3.9.900.20250220-2013\jars\maven-shared-utils-3.4.2.jar
2025-11-25 11:39:09,810 [Worker-44: Launching mavenrun-4435b9c7-f67e-4b37-b1bd-685e1129f4cc] INFO  o.eclipse.m2e.core.internal.Bundles - 	Entry: C:\Program Files\eclipse\plugins\org.eclipse.m2e.maven.runtime_3.9.900.20250220-2013\jars\org.eclipse.sisu.inject-0.9.0.M3.jar
2025-11-25 11:39:09,810 [Worker-44: Launching mavenrun-4435b9c7-f67e-4b37-b1bd-685e1129f4cc] INFO  o.eclipse.m2e.core.internal.Bundles - 	Entry: C:\Program Files\eclipse\plugins\org.eclipse.m2e.maven.runtime_3.9.900.20250220-2013\jars\org.eclipse.sisu.plexus-0.9.0.M3.jar
2025-11-25 11:39:09,810 [Worker-44: Launching mavenrun-4435b9c7-f67e-4b37-b1bd-685e1129f4cc] INFO  o.eclipse.m2e.core.internal.Bundles - 	Entry: C:\Program Files\eclipse\plugins\org.eclipse.m2e.maven.runtime_3.9.900.20250220-2013\jars\plexus-build-api-0.0.7.jar
2025-11-25 11:39:09,810 [Worker-44: Launching mavenrun-4435b9c7-f67e-4b37-b1bd-685e1129f4cc] INFO  o.eclipse.m2e.core.internal.Bundles - 	Entry: C:\Program Files\eclipse\plugins\org.eclipse.m2e.maven.runtime_3.9.900.20250220-2013\jars\plexus-build-api-1.2.0.jar
2025-11-25 11:39:09,811 [Worker-44: Launching mavenrun-4435b9c7-f67e-4b37-b1bd-685e1129f4cc] INFO  o.eclipse.m2e.core.internal.Bundles - 	Entry: C:\Program Files\eclipse\plugins\org.eclipse.m2e.maven.runtime_3.9.900.20250220-2013\jars\plexus-cipher-2.0.jar
2025-11-25 11:39:09,811 [Worker-44: Launching mavenrun-4435b9c7-f67e-4b37-b1bd-685e1129f4cc] INFO  o.eclipse.m2e.core.internal.Bundles - 	Entry: C:\Program Files\eclipse\plugins\org.eclipse.m2e.maven.runtime_3.9.900.20250220-2013\jars\plexus-classworlds-2.8.0.jar
2025-11-25 11:39:09,811 [Worker-44: Launching mavenrun-4435b9c7-f67e-4b37-b1bd-685e1129f4cc] INFO  o.eclipse.m2e.core.internal.Bundles - 	Entry: C:\Program Files\eclipse\plugins\org.eclipse.m2e.maven.runtime_3.9.900.20250220-2013\jars\plexus-component-annotations-2.1.0.jar
2025-11-25 11:39:09,811 [Worker-44: Launching mavenrun-4435b9c7-f67e-4b37-b1bd-685e1129f4cc] INFO  o.eclipse.m2e.core.internal.Bundles - 	Entry: C:\Program Files\eclipse\plugins\org.eclipse.m2e.maven.runtime_3.9.900.20250220-2013\jars\plexus-interpolation-1.27.jar
2025-11-25 11:39:09,812 [Worker-44: Launching mavenrun-4435b9c7-f67e-4b37-b1bd-685e1129f4cc] INFO  o.eclipse.m2e.core.internal.Bundles - 	Entry: C:\Program Files\eclipse\plugins\org.eclipse.m2e.maven.runtime_3.9.900.20250220-2013\jars\plexus-sec-dispatcher-2.0.jar
2025-11-25 11:39:09,812 [Worker-44: Launching mavenrun-4435b9c7-f67e-4b37-b1bd-685e1129f4cc] INFO  o.eclipse.m2e.core.internal.Bundles - 	Entry: C:\Program Files\eclipse\plugins\org.eclipse.m2e.maven.runtime_3.9.900.20250220-2013\jars\plexus-utils-3.5.1.jar
2025-11-25 11:39:09,812 [Worker-44: Launching mavenrun-4435b9c7-f67e-4b37-b1bd-685e1129f4cc] INFO  o.eclipse.m2e.core.internal.Bundles - 	Entry: C:\Program Files\eclipse\plugins\org.eclipse.m2e.maven.runtime_3.9.900.20250220-2013\jars\plexus-xml-3.0.1.jar
2025-11-25 11:39:09,812 [Worker-44: Launching mavenrun-4435b9c7-f67e-4b37-b1bd-685e1129f4cc] INFO  o.eclipse.m2e.core.internal.Bundles - 	Entry: C:\Program Files\eclipse\plugins\org.eclipse.m2e.maven.runtime_3.9.900.20250220-2013\jars\wagon-file-3.5.3.jar
2025-11-25 11:39:09,813 [Worker-44: Launching mavenrun-4435b9c7-f67e-4b37-b1bd-685e1129f4cc] INFO  o.eclipse.m2e.core.internal.Bundles - 	Entry: C:\Program Files\eclipse\plugins\org.eclipse.m2e.maven.runtime_3.9.900.20250220-2013\jars\wagon-http-3.5.3.jar
2025-11-25 11:39:09,813 [Worker-44: Launching mavenrun-4435b9c7-f67e-4b37-b1bd-685e1129f4cc] INFO  o.eclipse.m2e.core.internal.Bundles - 	Entry: C:\Program Files\eclipse\plugins\org.eclipse.m2e.maven.runtime_3.9.900.20250220-2013\jars\wagon-http-shared-3.5.3.jar
2025-11-25 11:39:09,813 [Worker-44: Launching mavenrun-4435b9c7-f67e-4b37-b1bd-685e1129f4cc] INFO  o.eclipse.m2e.core.internal.Bundles - 	Entry: C:\Program Files\eclipse\plugins\org.eclipse.m2e.maven.runtime_3.9.900.20250220-2013\jars\wagon-provider-api-3.5.3.jar
2025-11-25 11:39:09,814 [Worker-44: Launching mavenrun-4435b9c7-f67e-4b37-b1bd-685e1129f4cc] INFO  o.eclipse.m2e.core.internal.Bundles - getClasspathEntries(Bundle=com.google.guava_33.4.0.jre [16])
2025-11-25 11:39:09,814 [Worker-44: Launching mavenrun-4435b9c7-f67e-4b37-b1bd-685e1129f4cc] INFO  o.eclipse.m2e.core.internal.Bundles - 	Entry: C:\Program Files\eclipse\plugins\com.google.guava_33.4.0.jre.jar
2025-11-25 11:39:09,814 [Worker-44: Launching mavenrun-4435b9c7-f67e-4b37-b1bd-685e1129f4cc] INFO  o.eclipse.m2e.core.internal.Bundles - getClasspathEntries(Bundle=slf4j.api_2.0.16 [1005])
2025-11-25 11:39:09,815 [Worker-44: Launching mavenrun-4435b9c7-f67e-4b37-b1bd-685e1129f4cc] INFO  o.eclipse.m2e.core.internal.Bundles - 	Entry: C:\Program Files\eclipse\plugins\slf4j.api_2.0.16.jar
2025-11-25 11:39:09,815 [Worker-44: Launching mavenrun-4435b9c7-f67e-4b37-b1bd-685e1129f4cc] INFO  o.eclipse.m2e.core.internal.Bundles - getClasspathEntries(Bundle=jakarta.inject.jakarta.inject-api_1.0.5 [34])
2025-11-25 11:39:09,815 [Worker-44: Launching mavenrun-4435b9c7-f67e-4b37-b1bd-685e1129f4cc] INFO  o.eclipse.m2e.core.internal.Bundles - 	Entry: C:\Program Files\eclipse\plugins\jakarta.inject.jakarta.inject-api_1.0.5.jar
2025-11-25 11:39:09,815 [Worker-44: Launching mavenrun-4435b9c7-f67e-4b37-b1bd-685e1129f4cc] INFO  o.eclipse.m2e.core.internal.Bundles - getClasspathEntries(Bundle=jakarta.annotation-api_1.3.5 [29])
2025-11-25 11:39:09,816 [Worker-44: Launching mavenrun-4435b9c7-f67e-4b37-b1bd-685e1129f4cc] INFO  o.eclipse.m2e.core.internal.Bundles - 	Entry: C:\Program Files\eclipse\plugins\jakarta.annotation-api_1.3.5.jar
2025-11-25 11:39:09,816 [Worker-44: Launching mavenrun-4435b9c7-f67e-4b37-b1bd-685e1129f4cc] INFO  o.eclipse.m2e.core.internal.Bundles - getClasspathEntries(Bundle=org.apache.commons.cli_1.9.0 [74])
2025-11-25 11:39:09,816 [Worker-44: Launching mavenrun-4435b9c7-f67e-4b37-b1bd-685e1129f4cc] INFO  o.eclipse.m2e.core.internal.Bundles - 	Entry: C:\Program Files\eclipse\plugins\org.apache.commons.cli_1.9.0.jar
2025-11-25 11:39:09,816 [Worker-44: Launching mavenrun-4435b9c7-f67e-4b37-b1bd-685e1129f4cc] INFO  o.eclipse.m2e.core.internal.Bundles - getClasspathEntries(Bundle=org.apache.commons.commons-codec_1.16.0 [76])
2025-11-25 11:39:09,817 [Worker-44: Launching mavenrun-4435b9c7-f67e-4b37-b1bd-685e1129f4cc] INFO  o.eclipse.m2e.core.internal.Bundles - 	Entry: C:\Program Files\eclipse\plugins\org.apache.commons.commons-codec_1.16.0.jar
2025-11-25 11:39:09,817 [Worker-44: Launching mavenrun-4435b9c7-f67e-4b37-b1bd-685e1129f4cc] INFO  o.eclipse.m2e.core.internal.Bundles - getClasspathEntries(Bundle=com.google.guava.failureaccess_1.0.2 [17])
2025-11-25 11:39:09,817 [Worker-44: Launching mavenrun-4435b9c7-f67e-4b37-b1bd-685e1129f4cc] INFO  o.eclipse.m2e.core.internal.Bundles - 	Entry: C:\Program Files\eclipse\plugins\com.google.guava.failureaccess_1.0.2.jar
2025-11-25 11:39:09,821 [Worker-44: Launching mavenrun-4435b9c7-f67e-4b37-b1bd-685e1129f4cc] INFO  o.e.m.i.launch.MavenLaunchDelegate - Run build in "C:\Users\THUMMA~1.SAN\AppData\Local\Temp\m2e-archetypeGenerator11793204227430800233":
2025-11-25 11:39:09,821 [Worker-44: Launching mavenrun-4435b9c7-f67e-4b37-b1bd-685e1129f4cc] INFO  o.e.m.i.launch.MavenLaunchDelegate -  mvn  -DarchetypeGroupId=org.apache.maven.archetypes -DarchetypeArtifactId=maven-archetype-quickstart -DarchetypeVersion=1.1 -DgroupId=com.basics -DartifactId=demoproject -Dversion=0.0.1-SNAPSHOT -Dpackage=com.basics.demoproject -DoutputDirectory=C:\Users\thummaluru.sandhya1\practice -Dstyle.color=always -U archetype:generate
2025-11-25 11:39:16,013 [Worker-35: Creating maven-archetype-quickstart] INFO  o.e.m.c.i.p.ProjectConfigurationManager - Collecting project info '/pom.xml' C:\Users\thummaluru.sandhya1\practice\demoproject\pom.xml
2025-11-25 11:39:16,101 [Worker-35: Creating maven-archetype-quickstart] INFO  o.e.m.c.i.l.LifecycleMappingFactory - Using org.eclipse.m2e.jdt.JarLifecycleMapping lifecycle mapping for MavenProject: com.basics:demoproject:0.0.1-SNAPSHOT @ C:\Users\thummaluru.sandhya1\practice\demoproject\pom.xml.
2025-11-25 11:39:16,164 [Worker-35: Creating maven-archetype-quickstart] INFO  o.e.m.j.i.AbstractJavaProjectConfigurator - Adding source folder /demoproject/src/main/java
2025-11-25 11:39:16,165 [Worker-35: Creating maven-archetype-quickstart] INFO  o.e.m.j.i.AbstractJavaProjectConfigurator - Adding resource folder /demoproject/src/main/resources
2025-11-25 11:39:16,170 [Worker-35: Creating maven-archetype-quickstart] INFO  o.e.m.j.i.AbstractJavaProjectConfigurator - Adding source folder /demoproject/src/test/java
2025-11-25 11:39:16,172 [Worker-35: Creating maven-archetype-quickstart] INFO  o.e.m.j.i.AbstractJavaProjectConfigurator - Adding resource folder /demoproject/src/test/resources
2025-11-25 11:39:16,246 [Worker-35: Creating maven-archetype-quickstart] INFO  o.e.m.c.i.p.ProjectConfigurationManager - Imported and configured 1 project(s) in 0 sec
2025-11-25 11:39:16,469 [Worker-44: Building] INFO  o.a.m.s.f.DefaultMavenResourcesFiltering - skip non existing resourceDirectory C:\Users\thummaluru.sandhya1\practice\demoproject\src\main\resources
2025-11-25 11:39:16,470 [Worker-44: Building] INFO  o.a.m.s.f.DefaultMavenResourcesFiltering - skip non existing resourceDirectory C:\Users\thummaluru.sandhya1\practice\demoproject\src\test\resources
2025-11-25 11:39:33,636 [Worker-44: Building] INFO  o.a.m.s.f.DefaultMavenResourcesFiltering - skip non existing resourceDirectory C:\Users\thummaluru.sandhya1\practice\demoproject\src\main\resources
2025-11-25 11:39:33,637 [Worker-44: Building] INFO  o.a.m.s.f.DefaultMavenResourcesFiltering - skip non existing resourceDirectory C:\Users\thummaluru.sandhya1\practice\demoproject\src\test\resources
2025-11-25 11:39:46,584 [Worker-46: Building] INFO  o.a.m.s.f.DefaultMavenResourcesFiltering - skip non existing resourceDirectory C:\Users\thummaluru.sandhya1\practice\demoproject\src\main\resources
2025-11-25 11:39:46,586 [Worker-46: Building] INFO  o.a.m.s.f.DefaultMavenResourcesFiltering - skip non existing resourceDirectory C:\Users\thummaluru.sandhya1\practice\demoproject\src\test\resources
2025-11-25 11:40:05,814 [Worker-35: Building] INFO  o.a.m.s.f.DefaultMavenResourcesFiltering - skip non existing resourceDirectory C:\Users\thummaluru.sandhya1\practice\demoproject\src\main\resources
2025-11-25 11:40:05,816 [Worker-35: Building] INFO  o.a.m.s.f.DefaultMavenResourcesFiltering - skip non existing resourceDirectory C:\Users\thummaluru.sandhya1\practice\demoproject\src\test\resources
2025-11-25 11:40:23,872 [Worker-43: Building] INFO  o.a.m.s.f.DefaultMavenResourcesFiltering - skip non existing resourceDirectory C:\Users\thummaluru.sandhya1\practice\demoproject\src\main\resources
2025-11-25 11:40:23,875 [Worker-43: Building] INFO  o.a.m.s.f.DefaultMavenResourcesFiltering - skip non existing resourceDirectory C:\Users\thummaluru.sandhya1\practice\demoproject\src\test\resources
2025-11-25 11:41:26,882 [Worker-44: Importing Maven projects] INFO  o.e.m.c.i.l.LifecycleMappingFactory - Using org.eclipse.m2e.jdt.JarLifecycleMapping lifecycle mapping for MavenProject: com.practice:OopsPractice:0.0.1-SNAPSHOT @ C:\Users\thummaluru.sandhya1\eclipse-workspace\nov21-OopsPractice\pom.xml.
2025-11-25 11:41:26,987 [Worker-44: Importing Maven projects] INFO  o.e.m.j.i.AbstractJavaProjectConfigurator - Adding source folder /OopsPractice/src/main/java
2025-11-25 11:41:26,988 [Worker-44: Importing Maven projects] INFO  o.e.m.j.i.AbstractJavaProjectConfigurator - Adding resource folder /OopsPractice/src/main/resources
2025-11-25 11:41:26,988 [Worker-44: Importing Maven projects] INFO  o.e.m.j.i.AbstractJavaProjectConfigurator - Adding source folder /OopsPractice/src/test/java
2025-11-25 11:41:26,989 [Worker-44: Importing Maven projects] INFO  o.e.m.j.i.AbstractJavaProjectConfigurator - Adding resource folder /OopsPractice/src/test/resources
2025-11-25 11:41:27,038 [Worker-44: Importing Maven projects] INFO  o.e.m.c.i.p.ProjectConfigurationManager - Imported and configured 1 project(s) in 0 sec
2025-11-25 11:41:27,984 [Worker-49: Building] INFO  o.a.m.s.f.DefaultMavenResourcesFiltering - skip non existing resourceDirectory C:\Users\thummaluru.sandhya1\eclipse-workspace\nov21-OopsPractice\src\main\resources
2025-11-25 11:41:27,986 [Worker-49: Building] INFO  o.a.m.s.f.DefaultMavenResourcesFiltering - skip non existing resourceDirectory C:\Users\thummaluru.sandhya1\eclipse-workspace\nov21-OopsPractice\src\test\resources
2025-11-25 11:56:24,949 [Worker-53: Building] INFO  o.a.m.s.f.DefaultMavenResourcesFiltering - skip non existing resourceDirectory C:\Users\thummaluru.sandhya1\practice\nov25\src\main\resources
2025-11-25 11:56:24,951 [Worker-53: Building] INFO  o.a.m.s.f.DefaultMavenResourcesFiltering - skip non existing resourceDirectory C:\Users\thummaluru.sandhya1\practice\nov25\src\test\resources
2025-11-25 12:06:21,739 [Worker-62: Building] INFO  o.a.m.s.f.DefaultMavenResourcesFiltering - skip non existing resourceDirectory C:\Users\thummaluru.sandhya1\practice\nov25\src\main\resources
2025-11-25 12:06:21,740 [Worker-62: Building] INFO  o.a.m.s.f.DefaultMavenResourcesFiltering - skip non existing resourceDirectory C:\Users\thummaluru.sandhya1\practice\nov25\src\test\resources
2025-11-25 12:06:49,043 [Worker-59: Building] INFO  o.a.m.s.f.DefaultMavenResourcesFiltering - skip non existing resourceDirectory C:\Users\thummaluru.sandhya1\practice\nov25\src\main\resources
2025-11-25 12:06:49,044 [Worker-59: Building] INFO  o.a.m.s.f.DefaultMavenResourcesFiltering - skip non existing resourceDirectory C:\Users\thummaluru.sandhya1\practice\nov25\src\test\resources
2025-11-25 12:06:52,556 [Worker-59: Building] INFO  o.a.m.s.f.DefaultMavenResourcesFiltering - skip non existing resourceDirectory C:\Users\thummaluru.sandhya1\practice\nov25\src\main\resources
2025-11-25 12:06:52,557 [Worker-59: Building] INFO  o.a.m.s.f.DefaultMavenResourcesFiltering - skip non existing resourceDirectory C:\Users\thummaluru.sandhya1\practice\nov25\src\test\resources
2025-11-25 12:07:31,560 [Worker-60: Building] INFO  o.a.m.s.f.DefaultMavenResourcesFiltering - skip non existing resourceDirectory C:\Users\thummaluru.sandhya1\practice\nov25\src\main\resources
2025-11-25 12:07:31,561 [Worker-60: Building] INFO  o.a.m.s.f.DefaultMavenResourcesFiltering - skip non existing resourceDirectory C:\Users\thummaluru.sandhya1\practice\nov25\src\test\resources
2025-11-25 12:08:36,453 [Worker-62: Building] INFO  o.a.m.s.f.DefaultMavenResourcesFiltering - skip non existing resourceDirectory C:\Users\thummaluru.sandhya1\practice\nov25\src\main\resources
2025-11-25 12:08:36,456 [Worker-62: Building] INFO  o.a.m.s.f.DefaultMavenResourcesFiltering - skip non existing resourceDirectory C:\Users\thummaluru.sandhya1\practice\nov25\src\test\resources
2025-11-25 12:13:06,535 [Worker-64: Building] INFO  o.a.m.s.f.DefaultMavenResourcesFiltering - skip non existing resourceDirectory C:\Users\thummaluru.sandhya1\practice\nov25\src\main\resources
2025-11-25 12:13:06,537 [Worker-64: Building] INFO  o.a.m.s.f.DefaultMavenResourcesFiltering - skip non existing resourceDirectory C:\Users\thummaluru.sandhya1\practice\nov25\src\test\resources
2025-11-25 12:16:02,673 [Worker-60: Building] INFO  o.a.m.s.f.DefaultMavenResourcesFiltering - skip non existing resourceDirectory C:\Users\thummaluru.sandhya1\practice\nov25\src\main\resources
2025-11-25 12:16:02,675 [Worker-60: Building] INFO  o.a.m.s.f.DefaultMavenResourcesFiltering - skip non existing resourceDirectory C:\Users\thummaluru.sandhya1\practice\nov25\src\test\resources
2025-11-25 12:18:28,399 [Worker-60: Building] INFO  o.a.m.s.f.DefaultMavenResourcesFiltering - skip non existing resourceDirectory C:\Users\thummaluru.sandhya1\practice\nov25\src\main\resources
2025-11-25 12:18:28,401 [Worker-60: Building] INFO  o.a.m.s.f.DefaultMavenResourcesFiltering - skip non existing resourceDirectory C:\Users\thummaluru.sandhya1\practice\nov25\src\test\resources
2025-11-25 12:19:39,275 [Worker-63: Building] INFO  o.a.m.s.f.DefaultMavenResourcesFiltering - skip non existing resourceDirectory C:\Users\thummaluru.sandhya1\practice\nov25\src\main\resources
2025-11-25 12:19:39,276 [Worker-63: Building] INFO  o.a.m.s.f.DefaultMavenResourcesFiltering - skip non existing resourceDirectory C:\Users\thummaluru.sandhya1\practice\nov25\src\test\resources
2025-11-25 14:08:00,485 [Worker-78: Retrieving archetypes:] WARN  o.a.h.c.p.ResponseProcessCookies - Invalid cookie header: "Set-Cookie: nspatoken=23d4b7e3b2d38c07fffcc75b34a07dbcbcc38b891768bed7d50dd5d10445630c; Expires=Wed, 26 Nov 2025 03:36:11 GMT;SameSite=None;Secure;domain=.maven.org;path=/;". Invalid 'expires' attribute: Wed, 26 Nov 2025 03:36:11 GMT
2025-11-25 14:08:00,646 [Worker-80: Retrieving archetypes:] WARN  o.a.h.c.p.ResponseProcessCookies - Invalid cookie header: "Set-Cookie: nspatoken=23d4b7e3b2d38c07fffcc75b34a07dbcbcc38b891768bed7d50dd5d10445630c; Expires=Wed, 26 Nov 2025 03:36:11 GMT;SameSite=None;Secure;domain=.maven.org;path=/;". Invalid 'expires' attribute: Wed, 26 Nov 2025 03:36:11 GMT
2025-11-25 14:08:22,495 [Worker-82: Launching mavenrun-0202c4fb-6683-4cb8-bcb8-1693f154975d] INFO  o.eclipse.m2e.core.internal.Bundles - getClasspathEntries(Bundle=org.eclipse.m2e.maven.runtime_3.9.900.20250220-2013 [638])
2025-11-25 14:08:22,496 [Worker-82: Launching mavenrun-0202c4fb-6683-4cb8-bcb8-1693f154975d] INFO  o.eclipse.m2e.core.internal.Bundles - 	Entry: C:\Program Files\eclipse\plugins\org.eclipse.m2e.maven.runtime_3.9.900.20250220-2013
2025-11-25 14:08:22,496 [Worker-82: Launching mavenrun-0202c4fb-6683-4cb8-bcb8-1693f154975d] INFO  o.eclipse.m2e.core.internal.Bundles - 	Entry: C:\Program Files\eclipse\plugins\org.eclipse.m2e.maven.runtime_3.9.900.20250220-2013\jars\aopalliance-1.0.jar
2025-11-25 14:08:22,497 [Worker-82: Launching mavenrun-0202c4fb-6683-4cb8-bcb8-1693f154975d] INFO  o.eclipse.m2e.core.internal.Bundles - 	Entry: C:\Program Files\eclipse\plugins\org.eclipse.m2e.maven.runtime_3.9.900.20250220-2013\jars\guice-5.1.0.jar
2025-11-25 14:08:22,497 [Worker-82: Launching mavenrun-0202c4fb-6683-4cb8-bcb8-1693f154975d] INFO  o.eclipse.m2e.core.internal.Bundles - 	Entry: C:\Program Files\eclipse\plugins\org.eclipse.m2e.maven.runtime_3.9.900.20250220-2013\jars\httpclient-4.5.14.jar
2025-11-25 14:08:22,497 [Worker-82: Launching mavenrun-0202c4fb-6683-4cb8-bcb8-1693f154975d] INFO  o.eclipse.m2e.core.internal.Bundles - 	Entry: C:\Program Files\eclipse\plugins\org.eclipse.m2e.maven.runtime_3.9.900.20250220-2013\jars\httpcore-4.4.16.jar
2025-11-25 14:08:22,498 [Worker-82: Launching mavenrun-0202c4fb-6683-4cb8-bcb8-1693f154975d] INFO  o.eclipse.m2e.core.internal.Bundles - 	Entry: C:\Program Files\eclipse\plugins\org.eclipse.m2e.maven.runtime_3.9.900.20250220-2013\jars\jansi-2.4.1.jar
2025-11-25 14:08:22,498 [Worker-82: Launching mavenrun-0202c4fb-6683-4cb8-bcb8-1693f154975d] INFO  o.eclipse.m2e.core.internal.Bundles - 	Entry: C:\Program Files\eclipse\plugins\org.eclipse.m2e.maven.runtime_3.9.900.20250220-2013\jars\jcl-over-slf4j-1.7.36.jar
2025-11-25 14:08:22,498 [Worker-82: Launching mavenrun-0202c4fb-6683-4cb8-bcb8-1693f154975d] INFO  o.eclipse.m2e.core.internal.Bundles - 	Entry: C:\Program Files\eclipse\plugins\org.eclipse.m2e.maven.runtime_3.9.900.20250220-2013\jars\maven-artifact-3.9.9.jar
2025-11-25 14:08:22,498 [Worker-82: Launching mavenrun-0202c4fb-6683-4cb8-bcb8-1693f154975d] INFO  o.eclipse.m2e.core.internal.Bundles - 	Entry: C:\Program Files\eclipse\plugins\org.eclipse.m2e.maven.runtime_3.9.900.20250220-2013\jars\maven-builder-support-3.9.9.jar
2025-11-25 14:08:22,499 [Worker-82: Launching mavenrun-0202c4fb-6683-4cb8-bcb8-1693f154975d] INFO  o.eclipse.m2e.core.internal.Bundles - 	Entry: C:\Program Files\eclipse\plugins\org.eclipse.m2e.maven.runtime_3.9.900.20250220-2013\jars\maven-compat-3.9.9.jar
2025-11-25 14:08:22,499 [Worker-82: Launching mavenrun-0202c4fb-6683-4cb8-bcb8-1693f154975d] INFO  o.eclipse.m2e.core.internal.Bundles - 	Entry: C:\Program Files\eclipse\plugins\org.eclipse.m2e.maven.runtime_3.9.900.20250220-2013\jars\maven-core-3.9.9.jar
2025-11-25 14:08:22,499 [Worker-82: Launching mavenrun-0202c4fb-6683-4cb8-bcb8-1693f154975d] INFO  o.eclipse.m2e.core.internal.Bundles - 	Entry: C:\Program Files\eclipse\plugins\org.eclipse.m2e.maven.runtime_3.9.900.20250220-2013\jars\maven-embedder-3.9.9.jar
2025-11-25 14:08:22,499 [Worker-82: Launching mavenrun-0202c4fb-6683-4cb8-bcb8-1693f154975d] INFO  o.eclipse.m2e.core.internal.Bundles - 	Entry: C:\Program Files\eclipse\plugins\org.eclipse.m2e.maven.runtime_3.9.900.20250220-2013\jars\maven-model-3.9.9.jar
2025-11-25 14:08:22,500 [Worker-82: Launching mavenrun-0202c4fb-6683-4cb8-bcb8-1693f154975d] INFO  o.eclipse.m2e.core.internal.Bundles - 	Entry: C:\Program Files\eclipse\plugins\org.eclipse.m2e.maven.runtime_3.9.900.20250220-2013\jars\maven-model-builder-3.9.9.jar
2025-11-25 14:08:22,500 [Worker-82: Launching mavenrun-0202c4fb-6683-4cb8-bcb8-1693f154975d] INFO  o.eclipse.m2e.core.internal.Bundles - 	Entry: C:\Program Files\eclipse\plugins\org.eclipse.m2e.maven.runtime_3.9.900.20250220-2013\jars\maven-plugin-api-3.9.9.jar
2025-11-25 14:08:22,501 [Worker-82: Launching mavenrun-0202c4fb-6683-4cb8-bcb8-1693f154975d] INFO  o.eclipse.m2e.core.internal.Bundles - 	Entry: C:\Program Files\eclipse\plugins\org.eclipse.m2e.maven.runtime_3.9.900.20250220-2013\jars\maven-repository-metadata-3.9.9.jar
2025-11-25 14:08:22,501 [Worker-82: Launching mavenrun-0202c4fb-6683-4cb8-bcb8-1693f154975d] INFO  o.eclipse.m2e.core.internal.Bundles - 	Entry: C:\Program Files\eclipse\plugins\org.eclipse.m2e.maven.runtime_3.9.900.20250220-2013\jars\maven-resolver-api-1.9.22.jar
2025-11-25 14:08:22,501 [Worker-82: Launching mavenrun-0202c4fb-6683-4cb8-bcb8-1693f154975d] INFO  o.eclipse.m2e.core.internal.Bundles - 	Entry: C:\Program Files\eclipse\plugins\org.eclipse.m2e.maven.runtime_3.9.900.20250220-2013\jars\maven-resolver-connector-basic-1.9.22.jar
2025-11-25 14:08:22,502 [Worker-82: Launching mavenrun-0202c4fb-6683-4cb8-bcb8-1693f154975d] INFO  o.eclipse.m2e.core.internal.Bundles - 	Entry: C:\Program Files\eclipse\plugins\org.eclipse.m2e.maven.runtime_3.9.900.20250220-2013\jars\maven-resolver-impl-1.9.22.jar
2025-11-25 14:08:22,502 [Worker-82: Launching mavenrun-0202c4fb-6683-4cb8-bcb8-1693f154975d] INFO  o.eclipse.m2e.core.internal.Bundles - 	Entry: C:\Program Files\eclipse\plugins\org.eclipse.m2e.maven.runtime_3.9.900.20250220-2013\jars\maven-resolver-named-locks-1.9.22.jar
2025-11-25 14:08:22,502 [Worker-82: Launching mavenrun-0202c4fb-6683-4cb8-bcb8-1693f154975d] INFO  o.eclipse.m2e.core.internal.Bundles - 	Entry: C:\Program Files\eclipse\plugins\org.eclipse.m2e.maven.runtime_3.9.900.20250220-2013\jars\maven-resolver-provider-3.9.9.jar
2025-11-25 14:08:22,503 [Worker-82: Launching mavenrun-0202c4fb-6683-4cb8-bcb8-1693f154975d] INFO  o.eclipse.m2e.core.internal.Bundles - 	Entry: C:\Program Files\eclipse\plugins\org.eclipse.m2e.maven.runtime_3.9.900.20250220-2013\jars\maven-resolver-spi-1.9.22.jar
2025-11-25 14:08:22,504 [Worker-82: Launching mavenrun-0202c4fb-6683-4cb8-bcb8-1693f154975d] INFO  o.eclipse.m2e.core.internal.Bundles - 	Entry: C:\Program Files\eclipse\plugins\org.eclipse.m2e.maven.runtime_3.9.900.20250220-2013\jars\maven-resolver-transport-file-1.9.22.jar
2025-11-25 14:08:22,505 [Worker-82: Launching mavenrun-0202c4fb-6683-4cb8-bcb8-1693f154975d] INFO  o.eclipse.m2e.core.internal.Bundles - 	Entry: C:\Program Files\eclipse\plugins\org.eclipse.m2e.maven.runtime_3.9.900.20250220-2013\jars\maven-resolver-transport-http-1.9.22.jar
2025-11-25 14:08:22,506 [Worker-82: Launching mavenrun-0202c4fb-6683-4cb8-bcb8-1693f154975d] INFO  o.eclipse.m2e.core.internal.Bundles - 	Entry: C:\Program Files\eclipse\plugins\org.eclipse.m2e.maven.runtime_3.9.900.20250220-2013\jars\maven-resolver-transport-wagon-1.9.22.jar
2025-11-25 14:08:22,506 [Worker-82: Launching mavenrun-0202c4fb-6683-4cb8-bcb8-1693f154975d] INFO  o.eclipse.m2e.core.internal.Bundles - 	Entry: C:\Program Files\eclipse\plugins\org.eclipse.m2e.maven.runtime_3.9.900.20250220-2013\jars\maven-resolver-util-1.9.22.jar
2025-11-25 14:08:22,506 [Worker-82: Launching mavenrun-0202c4fb-6683-4cb8-bcb8-1693f154975d] INFO  o.eclipse.m2e.core.internal.Bundles - 	Entry: C:\Program Files\eclipse\plugins\org.eclipse.m2e.maven.runtime_3.9.900.20250220-2013\jars\maven-settings-3.9.9.jar
2025-11-25 14:08:22,506 [Worker-82: Launching mavenrun-0202c4fb-6683-4cb8-bcb8-1693f154975d] INFO  o.eclipse.m2e.core.internal.Bundles - 	Entry: C:\Program Files\eclipse\plugins\org.eclipse.m2e.maven.runtime_3.9.900.20250220-2013\jars\maven-settings-builder-3.9.9.jar
2025-11-25 14:08:22,507 [Worker-82: Launching mavenrun-0202c4fb-6683-4cb8-bcb8-1693f154975d] INFO  o.eclipse.m2e.core.internal.Bundles - 	Entry: C:\Program Files\eclipse\plugins\org.eclipse.m2e.maven.runtime_3.9.900.20250220-2013\jars\maven-shared-utils-3.4.2.jar
2025-11-25 14:08:22,507 [Worker-82: Launching mavenrun-0202c4fb-6683-4cb8-bcb8-1693f154975d] INFO  o.eclipse.m2e.core.internal.Bundles - 	Entry: C:\Program Files\eclipse\plugins\org.eclipse.m2e.maven.runtime_3.9.900.20250220-2013\jars\org.eclipse.sisu.inject-0.9.0.M3.jar
2025-11-25 14:08:22,507 [Worker-82: Launching mavenrun-0202c4fb-6683-4cb8-bcb8-1693f154975d] INFO  o.eclipse.m2e.core.internal.Bundles - 	Entry: C:\Program Files\eclipse\plugins\org.eclipse.m2e.maven.runtime_3.9.900.20250220-2013\jars\org.eclipse.sisu.plexus-0.9.0.M3.jar
2025-11-25 14:08:22,508 [Worker-82: Launching mavenrun-0202c4fb-6683-4cb8-bcb8-1693f154975d] INFO  o.eclipse.m2e.core.internal.Bundles - 	Entry: C:\Program Files\eclipse\plugins\org.eclipse.m2e.maven.runtime_3.9.900.20250220-2013\jars\plexus-build-api-0.0.7.jar
2025-11-25 14:08:22,508 [Worker-82: Launching mavenrun-0202c4fb-6683-4cb8-bcb8-1693f154975d] INFO  o.eclipse.m2e.core.internal.Bundles - 	Entry: C:\Program Files\eclipse\plugins\org.eclipse.m2e.maven.runtime_3.9.900.20250220-2013\jars\plexus-build-api-1.2.0.jar
2025-11-25 14:08:22,509 [Worker-82: Launching mavenrun-0202c4fb-6683-4cb8-bcb8-1693f154975d] INFO  o.eclipse.m2e.core.internal.Bundles - 	Entry: C:\Program Files\eclipse\plugins\org.eclipse.m2e.maven.runtime_3.9.900.20250220-2013\jars\plexus-cipher-2.0.jar
2025-11-25 14:08:22,509 [Worker-82: Launching mavenrun-0202c4fb-6683-4cb8-bcb8-1693f154975d] INFO  o.eclipse.m2e.core.internal.Bundles - 	Entry: C:\Program Files\eclipse\plugins\org.eclipse.m2e.maven.runtime_3.9.900.20250220-2013\jars\plexus-classworlds-2.8.0.jar
2025-11-25 14:08:22,510 [Worker-82: Launching mavenrun-0202c4fb-6683-4cb8-bcb8-1693f154975d] INFO  o.eclipse.m2e.core.internal.Bundles - 	Entry: C:\Program Files\eclipse\plugins\org.eclipse.m2e.maven.runtime_3.9.900.20250220-2013\jars\plexus-component-annotations-2.1.0.jar
2025-11-25 14:08:22,510 [Worker-82: Launching mavenrun-0202c4fb-6683-4cb8-bcb8-1693f154975d] INFO  o.eclipse.m2e.core.internal.Bundles - 	Entry: C:\Program Files\eclipse\plugins\org.eclipse.m2e.maven.runtime_3.9.900.20250220-2013\jars\plexus-interpolation-1.27.jar
2025-11-25 14:08:22,510 [Worker-82: Launching mavenrun-0202c4fb-6683-4cb8-bcb8-1693f154975d] INFO  o.eclipse.m2e.core.internal.Bundles - 	Entry: C:\Program Files\eclipse\plugins\org.eclipse.m2e.maven.runtime_3.9.900.20250220-2013\jars\plexus-sec-dispatcher-2.0.jar
2025-11-25 14:08:22,510 [Worker-82: Launching mavenrun-0202c4fb-6683-4cb8-bcb8-1693f154975d] INFO  o.eclipse.m2e.core.internal.Bundles - 	Entry: C:\Program Files\eclipse\plugins\org.eclipse.m2e.maven.runtime_3.9.900.20250220-2013\jars\plexus-utils-3.5.1.jar
2025-11-25 14:08:22,510 [Worker-82: Launching mavenrun-0202c4fb-6683-4cb8-bcb8-1693f154975d] INFO  o.eclipse.m2e.core.internal.Bundles - 	Entry: C:\Program Files\eclipse\plugins\org.eclipse.m2e.maven.runtime_3.9.900.20250220-2013\jars\plexus-xml-3.0.1.jar
2025-11-25 14:08:22,510 [Worker-82: Launching mavenrun-0202c4fb-6683-4cb8-bcb8-1693f154975d] INFO  o.eclipse.m2e.core.internal.Bundles - 	Entry: C:\Program Files\eclipse\plugins\org.eclipse.m2e.maven.runtime_3.9.900.20250220-2013\jars\wagon-file-3.5.3.jar
2025-11-25 14:08:22,511 [Worker-82: Launching mavenrun-0202c4fb-6683-4cb8-bcb8-1693f154975d] INFO  o.eclipse.m2e.core.internal.Bundles - 	Entry: C:\Program Files\eclipse\plugins\org.eclipse.m2e.maven.runtime_3.9.900.20250220-2013\jars\wagon-http-3.5.3.jar
2025-11-25 14:08:22,511 [Worker-82: Launching mavenrun-0202c4fb-6683-4cb8-bcb8-1693f154975d] INFO  o.eclipse.m2e.core.internal.Bundles - 	Entry: C:\Program Files\eclipse\plugins\org.eclipse.m2e.maven.runtime_3.9.900.20250220-2013\jars\wagon-http-shared-3.5.3.jar
2025-11-25 14:08:22,512 [Worker-82: Launching mavenrun-0202c4fb-6683-4cb8-bcb8-1693f154975d] INFO  o.eclipse.m2e.core.internal.Bundles - 	Entry: C:\Program Files\eclipse\plugins\org.eclipse.m2e.maven.runtime_3.9.900.20250220-2013\jars\wagon-provider-api-3.5.3.jar
2025-11-25 14:08:22,512 [Worker-82: Launching mavenrun-0202c4fb-6683-4cb8-bcb8-1693f154975d] INFO  o.eclipse.m2e.core.internal.Bundles - getClasspathEntries(Bundle=com.google.guava_33.4.0.jre [16])
2025-11-25 14:08:22,513 [Worker-82: Launching mavenrun-0202c4fb-6683-4cb8-bcb8-1693f154975d] INFO  o.eclipse.m2e.core.internal.Bundles - 	Entry: C:\Program Files\eclipse\plugins\com.google.guava_33.4.0.jre.jar
2025-11-25 14:08:22,513 [Worker-82: Launching mavenrun-0202c4fb-6683-4cb8-bcb8-1693f154975d] INFO  o.eclipse.m2e.core.internal.Bundles - getClasspathEntries(Bundle=slf4j.api_2.0.16 [1005])
2025-11-25 14:08:22,514 [Worker-82: Launching mavenrun-0202c4fb-6683-4cb8-bcb8-1693f154975d] INFO  o.eclipse.m2e.core.internal.Bundles - 	Entry: C:\Program Files\eclipse\plugins\slf4j.api_2.0.16.jar
2025-11-25 14:08:22,514 [Worker-82: Launching mavenrun-0202c4fb-6683-4cb8-bcb8-1693f154975d] INFO  o.eclipse.m2e.core.internal.Bundles - getClasspathEntries(Bundle=jakarta.inject.jakarta.inject-api_1.0.5 [34])
2025-11-25 14:08:22,514 [Worker-82: Launching mavenrun-0202c4fb-6683-4cb8-bcb8-1693f154975d] INFO  o.eclipse.m2e.core.internal.Bundles - 	Entry: C:\Program Files\eclipse\plugins\jakarta.inject.jakarta.inject-api_1.0.5.jar
2025-11-25 14:08:22,514 [Worker-82: Launching mavenrun-0202c4fb-6683-4cb8-bcb8-1693f154975d] INFO  o.eclipse.m2e.core.internal.Bundles - getClasspathEntries(Bundle=jakarta.annotation-api_1.3.5 [29])
2025-11-25 14:08:22,516 [Worker-82: Launching mavenrun-0202c4fb-6683-4cb8-bcb8-1693f154975d] INFO  o.eclipse.m2e.core.internal.Bundles - 	Entry: C:\Program Files\eclipse\plugins\jakarta.annotation-api_1.3.5.jar
2025-11-25 14:08:22,516 [Worker-82: Launching mavenrun-0202c4fb-6683-4cb8-bcb8-1693f154975d] INFO  o.eclipse.m2e.core.internal.Bundles - getClasspathEntries(Bundle=org.apache.commons.cli_1.9.0 [74])
2025-11-25 14:08:22,516 [Worker-82: Launching mavenrun-0202c4fb-6683-4cb8-bcb8-1693f154975d] INFO  o.eclipse.m2e.core.internal.Bundles - 	Entry: C:\Program Files\eclipse\plugins\org.apache.commons.cli_1.9.0.jar
2025-11-25 14:08:22,516 [Worker-82: Launching mavenrun-0202c4fb-6683-4cb8-bcb8-1693f154975d] INFO  o.eclipse.m2e.core.internal.Bundles - getClasspathEntries(Bundle=org.apache.commons.commons-codec_1.16.0 [76])
2025-11-25 14:08:22,517 [Worker-82: Launching mavenrun-0202c4fb-6683-4cb8-bcb8-1693f154975d] INFO  o.eclipse.m2e.core.internal.Bundles - 	Entry: C:\Program Files\eclipse\plugins\org.apache.commons.commons-codec_1.16.0.jar
2025-11-25 14:08:22,517 [Worker-82: Launching mavenrun-0202c4fb-6683-4cb8-bcb8-1693f154975d] INFO  o.eclipse.m2e.core.internal.Bundles - getClasspathEntries(Bundle=com.google.guava.failureaccess_1.0.2 [17])
2025-11-25 14:08:22,517 [Worker-82: Launching mavenrun-0202c4fb-6683-4cb8-bcb8-1693f154975d] INFO  o.eclipse.m2e.core.internal.Bundles - 	Entry: C:\Program Files\eclipse\plugins\com.google.guava.failureaccess_1.0.2.jar
2025-11-25 14:08:22,520 [Worker-82: Launching mavenrun-0202c4fb-6683-4cb8-bcb8-1693f154975d] INFO  o.e.m.i.launch.MavenLaunchDelegate - Run build in "C:\Users\THUMMA~1.SAN\AppData\Local\Temp\m2e-archetypeGenerator12252673722099420291":
2025-11-25 14:08:22,521 [Worker-82: Launching mavenrun-0202c4fb-6683-4cb8-bcb8-1693f154975d] INFO  o.e.m.i.launch.MavenLaunchDelegate -  mvn  -DarchetypeGroupId=org.apache.maven.archetypes -DarchetypeArtifactId=maven-archetype-quickstart -DarchetypeVersion=1.1 -DgroupId=com.basics -DartifactId=design_patterns -Dversion=0.0.1-SNAPSHOT -Dpackage=com.basics.design_patterns -DoutputDirectory=C:\Users\thummaluru.sandhya1\practice -Dstyle.color=always -U archetype:generate
2025-11-25 14:09:18,609 [Worker-83: Retrieving archetypes:] WARN  o.a.h.c.p.ResponseProcessCookies - Invalid cookie header: "Set-Cookie: nspatoken=23d4b7e3b2d38c07fffcc75b34a07dbcbcc38b891768bed7d50dd5d10445630c; Expires=Wed, 26 Nov 2025 03:36:11 GMT;SameSite=None;Secure;domain=.maven.org;path=/;". Invalid 'expires' attribute: Wed, 26 Nov 2025 03:36:11 GMT
2025-11-25 14:09:18,637 [Worker-80: Retrieving archetypes:] WARN  o.a.h.c.p.ResponseProcessCookies - Invalid cookie header: "Set-Cookie: nspatoken=23d4b7e3b2d38c07fffcc75b34a07dbcbcc38b891768bed7d50dd5d10445630c; Expires=Wed, 26 Nov 2025 03:36:11 GMT;SameSite=None;Secure;domain=.maven.org;path=/;". Invalid 'expires' attribute: Wed, 26 Nov 2025 03:36:11 GMT
2025-11-25 14:09:57,906 [Worker-81: Creating maven-archetype-quickstart] INFO  o.e.m.c.i.p.ProjectConfigurationManager - Collecting project info '/pom.xml' C:\Users\thummaluru.sandhya1\practice\design_patterns\pom.xml
2025-11-25 14:09:58,011 [Worker-81: Creating maven-archetype-quickstart] INFO  o.e.m.c.i.l.LifecycleMappingFactory - Using org.eclipse.m2e.jdt.JarLifecycleMapping lifecycle mapping for MavenProject: com.basics:design_patterns:0.0.1-SNAPSHOT @ C:\Users\thummaluru.sandhya1\practice\design_patterns\pom.xml.
2025-11-25 14:09:58,083 [Worker-81: Creating maven-archetype-quickstart] INFO  o.e.m.j.i.AbstractJavaProjectConfigurator - Adding source folder /design_patterns/src/main/java
2025-11-25 14:09:58,084 [Worker-81: Creating maven-archetype-quickstart] INFO  o.e.m.j.i.AbstractJavaProjectConfigurator - Adding resource folder /design_patterns/src/main/resources
2025-11-25 14:09:58,089 [Worker-81: Creating maven-archetype-quickstart] INFO  o.e.m.j.i.AbstractJavaProjectConfigurator - Adding source folder /design_patterns/src/test/java
2025-11-25 14:09:58,090 [Worker-81: Creating maven-archetype-quickstart] INFO  o.e.m.j.i.AbstractJavaProjectConfigurator - Adding resource folder /design_patterns/src/test/resources
2025-11-25 14:09:58,170 [Worker-81: Creating maven-archetype-quickstart] INFO  o.e.m.c.i.p.ProjectConfigurationManager - Imported and configured 1 project(s) in 0 sec
2025-11-25 14:14:58,161 [Worker-78: Building] INFO  o.a.m.s.f.DefaultMavenResourcesFiltering - skip non existing resourceDirectory C:\Users\thummaluru.sandhya1\practice\design_patterns\src\main\resources
2025-11-25 14:14:58,163 [Worker-78: Building] INFO  o.a.m.s.f.DefaultMavenResourcesFiltering - skip non existing resourceDirectory C:\Users\thummaluru.sandhya1\practice\design_patterns\src\test\resources
2025-11-25 14:14:58,194 [Worker-78: Building] INFO  o.a.m.s.f.DefaultMavenResourcesFiltering - skip non existing resourceDirectory C:\Users\thummaluru.sandhya1\practice\nov21\src\main\resources
2025-11-25 14:14:58,195 [Worker-78: Building] INFO  o.a.m.s.f.DefaultMavenResourcesFiltering - skip non existing resourceDirectory C:\Users\thummaluru.sandhya1\practice\nov21\src\test\resources
2025-11-25 14:14:58,274 [Worker-83: Launching mavenrun-d5fa07c6-108d-484c-9820-7d2b2408b675] INFO  o.eclipse.m2e.core.internal.Bundles - getClasspathEntries(Bundle=org.eclipse.m2e.maven.runtime_3.9.900.20250220-2013 [638])
2025-11-25 14:14:58,275 [Worker-83: Launching mavenrun-d5fa07c6-108d-484c-9820-7d2b2408b675] INFO  o.eclipse.m2e.core.internal.Bundles - 	Entry: C:\Program Files\eclipse\plugins\org.eclipse.m2e.maven.runtime_3.9.900.20250220-2013
2025-11-25 14:14:58,275 [Worker-83: Launching mavenrun-d5fa07c6-108d-484c-9820-7d2b2408b675] INFO  o.eclipse.m2e.core.internal.Bundles - 	Entry: C:\Program Files\eclipse\plugins\org.eclipse.m2e.maven.runtime_3.9.900.20250220-2013\jars\aopalliance-1.0.jar
2025-11-25 14:14:58,276 [Worker-83: Launching mavenrun-d5fa07c6-108d-484c-9820-7d2b2408b675] INFO  o.eclipse.m2e.core.internal.Bundles - 	Entry: C:\Program Files\eclipse\plugins\org.eclipse.m2e.maven.runtime_3.9.900.20250220-2013\jars\guice-5.1.0.jar
2025-11-25 14:14:58,276 [Worker-83: Launching mavenrun-d5fa07c6-108d-484c-9820-7d2b2408b675] INFO  o.eclipse.m2e.core.internal.Bundles - 	Entry: C:\Program Files\eclipse\plugins\org.eclipse.m2e.maven.runtime_3.9.900.20250220-2013\jars\httpclient-4.5.14.jar
2025-11-25 14:14:58,276 [Worker-83: Launching mavenrun-d5fa07c6-108d-484c-9820-7d2b2408b675] INFO  o.eclipse.m2e.core.internal.Bundles - 	Entry: C:\Program Files\eclipse\plugins\org.eclipse.m2e.maven.runtime_3.9.900.20250220-2013\jars\httpcore-4.4.16.jar
2025-11-25 14:14:58,276 [Worker-83: Launching mavenrun-d5fa07c6-108d-484c-9820-7d2b2408b675] INFO  o.eclipse.m2e.core.internal.Bundles - 	Entry: C:\Program Files\eclipse\plugins\org.eclipse.m2e.maven.runtime_3.9.900.20250220-2013\jars\jansi-2.4.1.jar
2025-11-25 14:14:58,277 [Worker-83: Launching mavenrun-d5fa07c6-108d-484c-9820-7d2b2408b675] INFO  o.eclipse.m2e.core.internal.Bundles - 	Entry: C:\Program Files\eclipse\plugins\org.eclipse.m2e.maven.runtime_3.9.900.20250220-2013\jars\jcl-over-slf4j-1.7.36.jar
2025-11-25 14:14:58,277 [Worker-83: Launching mavenrun-d5fa07c6-108d-484c-9820-7d2b2408b675] INFO  o.eclipse.m2e.core.internal.Bundles - 	Entry: C:\Program Files\eclipse\plugins\org.eclipse.m2e.maven.runtime_3.9.900.20250220-2013\jars\maven-artifact-3.9.9.jar
2025-11-25 14:14:58,277 [Worker-83: Launching mavenrun-d5fa07c6-108d-484c-9820-7d2b2408b675] INFO  o.eclipse.m2e.core.internal.Bundles - 	Entry: C:\Program Files\eclipse\plugins\org.eclipse.m2e.maven.runtime_3.9.900.20250220-2013\jars\maven-builder-support-3.9.9.jar
2025-11-25 14:14:58,277 [Worker-83: Launching mavenrun-d5fa07c6-108d-484c-9820-7d2b2408b675] INFO  o.eclipse.m2e.core.internal.Bundles - 	Entry: C:\Program Files\eclipse\plugins\org.eclipse.m2e.maven.runtime_3.9.900.20250220-2013\jars\maven-compat-3.9.9.jar
2025-11-25 14:14:58,278 [Worker-83: Launching mavenrun-d5fa07c6-108d-484c-9820-7d2b2408b675] INFO  o.eclipse.m2e.core.internal.Bundles - 	Entry: C:\Program Files\eclipse\plugins\org.eclipse.m2e.maven.runtime_3.9.900.20250220-2013\jars\maven-core-3.9.9.jar
2025-11-25 14:14:58,278 [Worker-83: Launching mavenrun-d5fa07c6-108d-484c-9820-7d2b2408b675] INFO  o.eclipse.m2e.core.internal.Bundles - 	Entry: C:\Program Files\eclipse\plugins\org.eclipse.m2e.maven.runtime_3.9.900.20250220-2013\jars\maven-embedder-3.9.9.jar
2025-11-25 14:14:58,278 [Worker-83: Launching mavenrun-d5fa07c6-108d-484c-9820-7d2b2408b675] INFO  o.eclipse.m2e.core.internal.Bundles - 	Entry: C:\Program Files\eclipse\plugins\org.eclipse.m2e.maven.runtime_3.9.900.20250220-2013\jars\maven-model-3.9.9.jar
2025-11-25 14:14:58,278 [Worker-83: Launching mavenrun-d5fa07c6-108d-484c-9820-7d2b2408b675] INFO  o.eclipse.m2e.core.internal.Bundles - 	Entry: C:\Program Files\eclipse\plugins\org.eclipse.m2e.maven.runtime_3.9.900.20250220-2013\jars\maven-model-builder-3.9.9.jar
2025-11-25 14:14:58,278 [Worker-83: Launching mavenrun-d5fa07c6-108d-484c-9820-7d2b2408b675] INFO  o.eclipse.m2e.core.internal.Bundles - 	Entry: C:\Program Files\eclipse\plugins\org.eclipse.m2e.maven.runtime_3.9.900.20250220-2013\jars\maven-plugin-api-3.9.9.jar
2025-11-25 14:14:58,279 [Worker-83: Launching mavenrun-d5fa07c6-108d-484c-9820-7d2b2408b675] INFO  o.eclipse.m2e.core.internal.Bundles - 	Entry: C:\Program Files\eclipse\plugins\org.eclipse.m2e.maven.runtime_3.9.900.20250220-2013\jars\maven-repository-metadata-3.9.9.jar
2025-11-25 14:14:58,279 [Worker-83: Launching mavenrun-d5fa07c6-108d-484c-9820-7d2b2408b675] INFO  o.eclipse.m2e.core.internal.Bundles - 	Entry: C:\Program Files\eclipse\plugins\org.eclipse.m2e.maven.runtime_3.9.900.20250220-2013\jars\maven-resolver-api-1.9.22.jar
2025-11-25 14:14:58,279 [Worker-83: Launching mavenrun-d5fa07c6-108d-484c-9820-7d2b2408b675] INFO  o.eclipse.m2e.core.internal.Bundles - 	Entry: C:\Program Files\eclipse\plugins\org.eclipse.m2e.maven.runtime_3.9.900.20250220-2013\jars\maven-resolver-connector-basic-1.9.22.jar
2025-11-25 14:14:58,279 [Worker-83: Launching mavenrun-d5fa07c6-108d-484c-9820-7d2b2408b675] INFO  o.eclipse.m2e.core.internal.Bundles - 	Entry: C:\Program Files\eclipse\plugins\org.eclipse.m2e.maven.runtime_3.9.900.20250220-2013\jars\maven-resolver-impl-1.9.22.jar
2025-11-25 14:14:58,280 [Worker-83: Launching mavenrun-d5fa07c6-108d-484c-9820-7d2b2408b675] INFO  o.eclipse.m2e.core.internal.Bundles - 	Entry: C:\Program Files\eclipse\plugins\org.eclipse.m2e.maven.runtime_3.9.900.20250220-2013\jars\maven-resolver-named-locks-1.9.22.jar
2025-11-25 14:14:58,280 [Worker-83: Launching mavenrun-d5fa07c6-108d-484c-9820-7d2b2408b675] INFO  o.eclipse.m2e.core.internal.Bundles - 	Entry: C:\Program Files\eclipse\plugins\org.eclipse.m2e.maven.runtime_3.9.900.20250220-2013\jars\maven-resolver-provider-3.9.9.jar
2025-11-25 14:14:58,280 [Worker-83: Launching mavenrun-d5fa07c6-108d-484c-9820-7d2b2408b675] INFO  o.eclipse.m2e.core.internal.Bundles - 	Entry: C:\Program Files\eclipse\plugins\org.eclipse.m2e.maven.runtime_3.9.900.20250220-2013\jars\maven-resolver-spi-1.9.22.jar
2025-11-25 14:14:58,280 [Worker-83: Launching mavenrun-d5fa07c6-108d-484c-9820-7d2b2408b675] INFO  o.eclipse.m2e.core.internal.Bundles - 	Entry: C:\Program Files\eclipse\plugins\org.eclipse.m2e.maven.runtime_3.9.900.20250220-2013\jars\maven-resolver-transport-file-1.9.22.jar
2025-11-25 14:14:58,281 [Worker-83: Launching mavenrun-d5fa07c6-108d-484c-9820-7d2b2408b675] INFO  o.eclipse.m2e.core.internal.Bundles - 	Entry: C:\Program Files\eclipse\plugins\org.eclipse.m2e.maven.runtime_3.9.900.20250220-2013\jars\maven-resolver-transport-http-1.9.22.jar
2025-11-25 14:14:58,281 [Worker-83: Launching mavenrun-d5fa07c6-108d-484c-9820-7d2b2408b675] INFO  o.eclipse.m2e.core.internal.Bundles - 	Entry: C:\Program Files\eclipse\plugins\org.eclipse.m2e.maven.runtime_3.9.900.20250220-2013\jars\maven-resolver-transport-wagon-1.9.22.jar
2025-11-25 14:14:58,281 [Worker-83: Launching mavenrun-d5fa07c6-108d-484c-9820-7d2b2408b675] INFO  o.eclipse.m2e.core.internal.Bundles - 	Entry: C:\Program Files\eclipse\plugins\org.eclipse.m2e.maven.runtime_3.9.900.20250220-2013\jars\maven-resolver-util-1.9.22.jar
2025-11-25 14:14:58,281 [Worker-83: Launching mavenrun-d5fa07c6-108d-484c-9820-7d2b2408b675] INFO  o.eclipse.m2e.core.internal.Bundles - 	Entry: C:\Program Files\eclipse\plugins\org.eclipse.m2e.maven.runtime_3.9.900.20250220-2013\jars\maven-settings-3.9.9.jar
2025-11-25 14:14:58,281 [Worker-83: Launching mavenrun-d5fa07c6-108d-484c-9820-7d2b2408b675] INFO  o.eclipse.m2e.core.internal.Bundles - 	Entry: C:\Program Files\eclipse\plugins\org.eclipse.m2e.maven.runtime_3.9.900.20250220-2013\jars\maven-settings-builder-3.9.9.jar
2025-11-25 14:14:58,282 [Worker-83: Launching mavenrun-d5fa07c6-108d-484c-9820-7d2b2408b675] INFO  o.eclipse.m2e.core.internal.Bundles - 	Entry: C:\Program Files\eclipse\plugins\org.eclipse.m2e.maven.runtime_3.9.900.20250220-2013\jars\maven-shared-utils-3.4.2.jar
2025-11-25 14:14:58,282 [Worker-83: Launching mavenrun-d5fa07c6-108d-484c-9820-7d2b2408b675] INFO  o.eclipse.m2e.core.internal.Bundles - 	Entry: C:\Program Files\eclipse\plugins\org.eclipse.m2e.maven.runtime_3.9.900.20250220-2013\jars\org.eclipse.sisu.inject-0.9.0.M3.jar
2025-11-25 14:14:58,282 [Worker-83: Launching mavenrun-d5fa07c6-108d-484c-9820-7d2b2408b675] INFO  o.eclipse.m2e.core.internal.Bundles - 	Entry: C:\Program Files\eclipse\plugins\org.eclipse.m2e.maven.runtime_3.9.900.20250220-2013\jars\org.eclipse.sisu.plexus-0.9.0.M3.jar
2025-11-25 14:14:58,282 [Worker-83: Launching mavenrun-d5fa07c6-108d-484c-9820-7d2b2408b675] INFO  o.eclipse.m2e.core.internal.Bundles - 	Entry: C:\Program Files\eclipse\plugins\org.eclipse.m2e.maven.runtime_3.9.900.20250220-2013\jars\plexus-build-api-0.0.7.jar
2025-11-25 14:14:58,283 [Worker-83: Launching mavenrun-d5fa07c6-108d-484c-9820-7d2b2408b675] INFO  o.eclipse.m2e.core.internal.Bundles - 	Entry: C:\Program Files\eclipse\plugins\org.eclipse.m2e.maven.runtime_3.9.900.20250220-2013\jars\plexus-build-api-1.2.0.jar
2025-11-25 14:14:58,283 [Worker-83: Launching mavenrun-d5fa07c6-108d-484c-9820-7d2b2408b675] INFO  o.eclipse.m2e.core.internal.Bundles - 	Entry: C:\Program Files\eclipse\plugins\org.eclipse.m2e.maven.runtime_3.9.900.20250220-2013\jars\plexus-cipher-2.0.jar
2025-11-25 14:14:58,283 [Worker-83: Launching mavenrun-d5fa07c6-108d-484c-9820-7d2b2408b675] INFO  o.eclipse.m2e.core.internal.Bundles - 	Entry: C:\Program Files\eclipse\plugins\org.eclipse.m2e.maven.runtime_3.9.900.20250220-2013\jars\plexus-classworlds-2.8.0.jar
2025-11-25 14:14:58,283 [Worker-83: Launching mavenrun-d5fa07c6-108d-484c-9820-7d2b2408b675] INFO  o.eclipse.m2e.core.internal.Bundles - 	Entry: C:\Program Files\eclipse\plugins\org.eclipse.m2e.maven.runtime_3.9.900.20250220-2013\jars\plexus-component-annotations-2.1.0.jar
2025-11-25 14:14:58,283 [Worker-83: Launching mavenrun-d5fa07c6-108d-484c-9820-7d2b2408b675] INFO  o.eclipse.m2e.core.internal.Bundles - 	Entry: C:\Program Files\eclipse\plugins\org.eclipse.m2e.maven.runtime_3.9.900.20250220-2013\jars\plexus-interpolation-1.27.jar
2025-11-25 14:14:58,284 [Worker-83: Launching mavenrun-d5fa07c6-108d-484c-9820-7d2b2408b675] INFO  o.eclipse.m2e.core.internal.Bundles - 	Entry: C:\Program Files\eclipse\plugins\org.eclipse.m2e.maven.runtime_3.9.900.20250220-2013\jars\plexus-sec-dispatcher-2.0.jar
2025-11-25 14:14:58,284 [Worker-83: Launching mavenrun-d5fa07c6-108d-484c-9820-7d2b2408b675] INFO  o.eclipse.m2e.core.internal.Bundles - 	Entry: C:\Program Files\eclipse\plugins\org.eclipse.m2e.maven.runtime_3.9.900.20250220-2013\jars\plexus-utils-3.5.1.jar
2025-11-25 14:14:58,284 [Worker-83: Launching mavenrun-d5fa07c6-108d-484c-9820-7d2b2408b675] INFO  o.eclipse.m2e.core.internal.Bundles - 	Entry: C:\Program Files\eclipse\plugins\org.eclipse.m2e.maven.runtime_3.9.900.20250220-2013\jars\plexus-xml-3.0.1.jar
2025-11-25 14:14:58,284 [Worker-83: Launching mavenrun-d5fa07c6-108d-484c-9820-7d2b2408b675] INFO  o.eclipse.m2e.core.internal.Bundles - 	Entry: C:\Program Files\eclipse\plugins\org.eclipse.m2e.maven.runtime_3.9.900.20250220-2013\jars\wagon-file-3.5.3.jar
2025-11-25 14:14:58,285 [Worker-83: Launching mavenrun-d5fa07c6-108d-484c-9820-7d2b2408b675] INFO  o.eclipse.m2e.core.internal.Bundles - 	Entry: C:\Program Files\eclipse\plugins\org.eclipse.m2e.maven.runtime_3.9.900.20250220-2013\jars\wagon-http-3.5.3.jar
2025-11-25 14:14:58,285 [Worker-83: Launching mavenrun-d5fa07c6-108d-484c-9820-7d2b2408b675] INFO  o.eclipse.m2e.core.internal.Bundles - 	Entry: C:\Program Files\eclipse\plugins\org.eclipse.m2e.maven.runtime_3.9.900.20250220-2013\jars\wagon-http-shared-3.5.3.jar
2025-11-25 14:14:58,285 [Worker-83: Launching mavenrun-d5fa07c6-108d-484c-9820-7d2b2408b675] INFO  o.eclipse.m2e.core.internal.Bundles - 	Entry: C:\Program Files\eclipse\plugins\org.eclipse.m2e.maven.runtime_3.9.900.20250220-2013\jars\wagon-provider-api-3.5.3.jar
2025-11-25 14:14:58,285 [Worker-83: Launching mavenrun-d5fa07c6-108d-484c-9820-7d2b2408b675] INFO  o.eclipse.m2e.core.internal.Bundles - getClasspathEntries(Bundle=com.google.guava_33.4.0.jre [16])
2025-11-25 14:14:58,286 [Worker-83: Launching mavenrun-d5fa07c6-108d-484c-9820-7d2b2408b675] INFO  o.eclipse.m2e.core.internal.Bundles - 	Entry: C:\Program Files\eclipse\plugins\com.google.guava_33.4.0.jre.jar
2025-11-25 14:14:58,286 [Worker-83: Launching mavenrun-d5fa07c6-108d-484c-9820-7d2b2408b675] INFO  o.eclipse.m2e.core.internal.Bundles - getClasspathEntries(Bundle=slf4j.api_2.0.16 [1005])
2025-11-25 14:14:58,286 [Worker-83: Launching mavenrun-d5fa07c6-108d-484c-9820-7d2b2408b675] INFO  o.eclipse.m2e.core.internal.Bundles - 	Entry: C:\Program Files\eclipse\plugins\slf4j.api_2.0.16.jar
2025-11-25 14:14:58,286 [Worker-83: Launching mavenrun-d5fa07c6-108d-484c-9820-7d2b2408b675] INFO  o.eclipse.m2e.core.internal.Bundles - getClasspathEntries(Bundle=jakarta.inject.jakarta.inject-api_1.0.5 [34])
2025-11-25 14:14:58,287 [Worker-83: Launching mavenrun-d5fa07c6-108d-484c-9820-7d2b2408b675] INFO  o.eclipse.m2e.core.internal.Bundles - 	Entry: C:\Program Files\eclipse\plugins\jakarta.inject.jakarta.inject-api_1.0.5.jar
2025-11-25 14:14:58,287 [Worker-83: Launching mavenrun-d5fa07c6-108d-484c-9820-7d2b2408b675] INFO  o.eclipse.m2e.core.internal.Bundles - getClasspathEntries(Bundle=jakarta.annotation-api_1.3.5 [29])
2025-11-25 14:14:58,287 [Worker-83: Launching mavenrun-d5fa07c6-108d-484c-9820-7d2b2408b675] INFO  o.eclipse.m2e.core.internal.Bundles - 	Entry: C:\Program Files\eclipse\plugins\jakarta.annotation-api_1.3.5.jar
2025-11-25 14:14:58,287 [Worker-83: Launching mavenrun-d5fa07c6-108d-484c-9820-7d2b2408b675] INFO  o.eclipse.m2e.core.internal.Bundles - getClasspathEntries(Bundle=org.apache.commons.cli_1.9.0 [74])
2025-11-25 14:14:58,288 [Worker-83: Launching mavenrun-d5fa07c6-108d-484c-9820-7d2b2408b675] INFO  o.eclipse.m2e.core.internal.Bundles - 	Entry: C:\Program Files\eclipse\plugins\org.apache.commons.cli_1.9.0.jar
2025-11-25 14:14:58,288 [Worker-83: Launching mavenrun-d5fa07c6-108d-484c-9820-7d2b2408b675] INFO  o.eclipse.m2e.core.internal.Bundles - getClasspathEntries(Bundle=org.apache.commons.commons-codec_1.16.0 [76])
2025-11-25 14:14:58,288 [Worker-83: Launching mavenrun-d5fa07c6-108d-484c-9820-7d2b2408b675] INFO  o.eclipse.m2e.core.internal.Bundles - 	Entry: C:\Program Files\eclipse\plugins\org.apache.commons.commons-codec_1.16.0.jar
2025-11-25 14:14:58,288 [Worker-83: Launching mavenrun-d5fa07c6-108d-484c-9820-7d2b2408b675] INFO  o.eclipse.m2e.core.internal.Bundles - getClasspathEntries(Bundle=com.google.guava.failureaccess_1.0.2 [17])
2025-11-25 14:14:58,289 [Worker-83: Launching mavenrun-d5fa07c6-108d-484c-9820-7d2b2408b675] INFO  o.eclipse.m2e.core.internal.Bundles - 	Entry: C:\Program Files\eclipse\plugins\com.google.guava.failureaccess_1.0.2.jar
2025-11-25 14:15:16,375 [Worker-85: Building] INFO  o.a.m.s.f.DefaultMavenResourcesFiltering - skip non existing resourceDirectory C:\Users\thummaluru.sandhya1\practice\design_patterns\src\main\resources
2025-11-25 14:15:16,376 [Worker-85: Building] INFO  o.a.m.s.f.DefaultMavenResourcesFiltering - skip non existing resourceDirectory C:\Users\thummaluru.sandhya1\practice\design_patterns\src\test\resources
2025-11-25 14:19:54,748 [Worker-81: Building] INFO  o.a.m.s.f.DefaultMavenResourcesFiltering - skip non existing resourceDirectory C:\Users\thummaluru.sandhya1\practice\design_patterns\src\main\resources
2025-11-25 14:19:54,750 [Worker-81: Building] INFO  o.a.m.s.f.DefaultMavenResourcesFiltering - skip non existing resourceDirectory C:\Users\thummaluru.sandhya1\practice\design_patterns\src\test\resources
2025-11-25 14:23:56,435 [Worker-82: Building] INFO  o.a.m.s.f.DefaultMavenResourcesFiltering - skip non existing resourceDirectory C:\Users\thummaluru.sandhya1\practice\design_patterns\src\main\resources
2025-11-25 14:23:56,437 [Worker-82: Building] INFO  o.a.m.s.f.DefaultMavenResourcesFiltering - skip non existing resourceDirectory C:\Users\thummaluru.sandhya1\practice\design_patterns\src\test\resources
2025-11-25 14:24:13,236 [Worker-81: Building] INFO  o.a.m.s.f.DefaultMavenResourcesFiltering - skip non existing resourceDirectory C:\Users\thummaluru.sandhya1\practice\design_patterns\src\main\resources
2025-11-25 14:24:13,237 [Worker-81: Building] INFO  o.a.m.s.f.DefaultMavenResourcesFiltering - skip non existing resourceDirectory C:\Users\thummaluru.sandhya1\practice\design_patterns\src\test\resources
2025-11-25 14:25:12,363 [Worker-82: Building] INFO  o.a.m.s.f.DefaultMavenResourcesFiltering - skip non existing resourceDirectory C:\Users\thummaluru.sandhya1\practice\design_patterns\src\main\resources
2025-11-25 14:25:12,365 [Worker-82: Building] INFO  o.a.m.s.f.DefaultMavenResourcesFiltering - skip non existing resourceDirectory C:\Users\thummaluru.sandhya1\practice\design_patterns\src\test\resources
2025-11-25 14:25:21,680 [Worker-87: Building] INFO  o.a.m.s.f.DefaultMavenResourcesFiltering - skip non existing resourceDirectory C:\Users\thummaluru.sandhya1\practice\design_patterns\src\main\resources
2025-11-25 14:25:21,682 [Worker-87: Building] INFO  o.a.m.s.f.DefaultMavenResourcesFiltering - skip non existing resourceDirectory C:\Users\thummaluru.sandhya1\practice\design_patterns\src\test\resources
2025-11-25 14:26:13,814 [Worker-88: Building] INFO  o.a.m.s.f.DefaultMavenResourcesFiltering - skip non existing resourceDirectory C:\Users\thummaluru.sandhya1\practice\design_patterns\src\main\resources
2025-11-25 14:26:13,816 [Worker-88: Building] INFO  o.a.m.s.f.DefaultMavenResourcesFiltering - skip non existing resourceDirectory C:\Users\thummaluru.sandhya1\practice\design_patterns\src\test\resources
2025-11-25 14:26:22,872 [Worker-88: Building] INFO  o.a.m.s.f.DefaultMavenResourcesFiltering - skip non existing resourceDirectory C:\Users\thummaluru.sandhya1\practice\design_patterns\src\main\resources
2025-11-25 14:26:22,873 [Worker-88: Building] INFO  o.a.m.s.f.DefaultMavenResourcesFiltering - skip non existing resourceDirectory C:\Users\thummaluru.sandhya1\practice\design_patterns\src\test\resources
2025-11-25 14:26:36,644 [Worker-89: Building] INFO  o.a.m.s.f.DefaultMavenResourcesFiltering - skip non existing resourceDirectory C:\Users\thummaluru.sandhya1\practice\design_patterns\src\main\resources
2025-11-25 14:26:36,646 [Worker-89: Building] INFO  o.a.m.s.f.DefaultMavenResourcesFiltering - skip non existing resourceDirectory C:\Users\thummaluru.sandhya1\practice\design_patterns\src\test\resources
2025-11-25 14:26:49,535 [Worker-86: Building] INFO  o.a.m.s.f.DefaultMavenResourcesFiltering - skip non existing resourceDirectory C:\Users\thummaluru.sandhya1\practice\design_patterns\src\main\resources
2025-11-25 14:26:49,537 [Worker-86: Building] INFO  o.a.m.s.f.DefaultMavenResourcesFiltering - skip non existing resourceDirectory C:\Users\thummaluru.sandhya1\practice\design_patterns\src\test\resources
2025-11-25 14:27:05,993 [Worker-89: Building] INFO  o.a.m.s.f.DefaultMavenResourcesFiltering - skip non existing resourceDirectory C:\Users\thummaluru.sandhya1\practice\design_patterns\src\main\resources
2025-11-25 14:27:05,995 [Worker-89: Building] INFO  o.a.m.s.f.DefaultMavenResourcesFiltering - skip non existing resourceDirectory C:\Users\thummaluru.sandhya1\practice\design_patterns\src\test\resources
2025-11-25 14:27:21,679 [Worker-88: Building] INFO  o.a.m.s.f.DefaultMavenResourcesFiltering - skip non existing resourceDirectory C:\Users\thummaluru.sandhya1\practice\design_patterns\src\main\resources
2025-11-25 14:27:21,681 [Worker-88: Building] INFO  o.a.m.s.f.DefaultMavenResourcesFiltering - skip non existing resourceDirectory C:\Users\thummaluru.sandhya1\practice\design_patterns\src\test\resources
2025-11-25 14:27:30,892 [Worker-89: Building] INFO  o.a.m.s.f.DefaultMavenResourcesFiltering - skip non existing resourceDirectory C:\Users\thummaluru.sandhya1\practice\design_patterns\src\main\resources
2025-11-25 14:27:30,894 [Worker-89: Building] INFO  o.a.m.s.f.DefaultMavenResourcesFiltering - skip non existing resourceDirectory C:\Users\thummaluru.sandhya1\practice\design_patterns\src\test\resources
2025-11-25 14:27:47,490 [Worker-88: Building] INFO  o.a.m.s.f.DefaultMavenResourcesFiltering - skip non existing resourceDirectory C:\Users\thummaluru.sandhya1\practice\design_patterns\src\main\resources
2025-11-25 14:27:47,491 [Worker-88: Building] INFO  o.a.m.s.f.DefaultMavenResourcesFiltering - skip non existing resourceDirectory C:\Users\thummaluru.sandhya1\practice\design_patterns\src\test\resources
2025-11-25 14:28:08,511 [Worker-88: Building] INFO  o.a.m.s.f.DefaultMavenResourcesFiltering - skip non existing resourceDirectory C:\Users\thummaluru.sandhya1\practice\design_patterns\src\main\resources
2025-11-25 14:28:08,512 [Worker-88: Building] INFO  o.a.m.s.f.DefaultMavenResourcesFiltering - skip non existing resourceDirectory C:\Users\thummaluru.sandhya1\practice\design_patterns\src\test\resources
2025-11-25 14:28:18,946 [Worker-88: Building] INFO  o.a.m.s.f.DefaultMavenResourcesFiltering - skip non existing resourceDirectory C:\Users\thummaluru.sandhya1\practice\design_patterns\src\main\resources
2025-11-25 14:28:18,949 [Worker-88: Building] INFO  o.a.m.s.f.DefaultMavenResourcesFiltering - skip non existing resourceDirectory C:\Users\thummaluru.sandhya1\practice\design_patterns\src\test\resources
2025-11-25 14:28:41,718 [Worker-89: Building] INFO  o.a.m.s.f.DefaultMavenResourcesFiltering - skip non existing resourceDirectory C:\Users\thummaluru.sandhya1\practice\design_patterns\src\main\resources
2025-11-25 14:28:41,719 [Worker-89: Building] INFO  o.a.m.s.f.DefaultMavenResourcesFiltering - skip non existing resourceDirectory C:\Users\thummaluru.sandhya1\practice\design_patterns\src\test\resources
2025-11-25 14:30:33,341 [Worker-82: Building] INFO  o.a.m.s.f.DefaultMavenResourcesFiltering - skip non existing resourceDirectory C:\Users\thummaluru.sandhya1\practice\design_patterns\src\main\resources
2025-11-25 14:30:33,342 [Worker-82: Building] INFO  o.a.m.s.f.DefaultMavenResourcesFiltering - skip non existing resourceDirectory C:\Users\thummaluru.sandhya1\practice\design_patterns\src\test\resources
2025-11-25 14:31:22,317 [Worker-89: Building] INFO  o.a.m.s.f.DefaultMavenResourcesFiltering - skip non existing resourceDirectory C:\Users\thummaluru.sandhya1\practice\design_patterns\src\main\resources
2025-11-25 14:31:22,318 [Worker-89: Building] INFO  o.a.m.s.f.DefaultMavenResourcesFiltering - skip non existing resourceDirectory C:\Users\thummaluru.sandhya1\practice\design_patterns\src\test\resources
2025-11-25 14:31:39,304 [Worker-87: Building] INFO  o.a.m.s.f.DefaultMavenResourcesFiltering - skip non existing resourceDirectory C:\Users\thummaluru.sandhya1\practice\design_patterns\src\main\resources
2025-11-25 14:31:39,305 [Worker-87: Building] INFO  o.a.m.s.f.DefaultMavenResourcesFiltering - skip non existing resourceDirectory C:\Users\thummaluru.sandhya1\practice\design_patterns\src\test\resources
2025-11-25 14:33:47,892 [Worker-89: Launching App] INFO  o.a.m.s.f.DefaultMavenResourcesFiltering - skip non existing resourceDirectory C:\Users\thummaluru.sandhya1\practice\design_patterns\src\main\resources
2025-11-25 14:33:47,896 [Worker-89: Launching App] INFO  o.a.m.s.f.DefaultMavenResourcesFiltering - skip non existing resourceDirectory C:\Users\thummaluru.sandhya1\practice\design_patterns\src\test\resources
2025-11-25 14:34:36,592 [Worker-89: Building] INFO  o.a.m.s.f.DefaultMavenResourcesFiltering - skip non existing resourceDirectory C:\Users\thummaluru.sandhya1\practice\design_patterns\src\main\resources
2025-11-25 14:34:36,593 [Worker-89: Building] INFO  o.a.m.s.f.DefaultMavenResourcesFiltering - skip non existing resourceDirectory C:\Users\thummaluru.sandhya1\practice\design_patterns\src\test\resources
2025-11-25 14:37:02,826 [Worker-90: Building] INFO  o.a.m.s.f.DefaultMavenResourcesFiltering - skip non existing resourceDirectory C:\Users\thummaluru.sandhya1\practice\design_patterns\src\main\resources
2025-11-25 14:37:02,828 [Worker-90: Building] INFO  o.a.m.s.f.DefaultMavenResourcesFiltering - skip non existing resourceDirectory C:\Users\thummaluru.sandhya1\practice\design_patterns\src\test\resources
2025-11-25 14:43:51,788 [Worker-92: Building] INFO  o.a.m.s.f.DefaultMavenResourcesFiltering - skip non existing resourceDirectory C:\Users\thummaluru.sandhya1\practice\design_patterns\src\main\resources
2025-11-25 14:43:51,790 [Worker-92: Building] INFO  o.a.m.s.f.DefaultMavenResourcesFiltering - skip non existing resourceDirectory C:\Users\thummaluru.sandhya1\practice\design_patterns\src\test\resources
2025-11-25 14:46:19,213 [Worker-94: Building] INFO  o.a.m.s.f.DefaultMavenResourcesFiltering - skip non existing resourceDirectory C:\Users\thummaluru.sandhya1\practice\design_patterns\src\main\resources
2025-11-25 14:46:19,215 [Worker-94: Building] INFO  o.a.m.s.f.DefaultMavenResourcesFiltering - skip non existing resourceDirectory C:\Users\thummaluru.sandhya1\practice\design_patterns\src\test\resources
2025-11-25 14:46:59,833 [Worker-96: Building] INFO  o.a.m.s.f.DefaultMavenResourcesFiltering - skip non existing resourceDirectory C:\Users\thummaluru.sandhya1\practice\design_patterns\src\main\resources
2025-11-25 14:46:59,835 [Worker-96: Building] INFO  o.a.m.s.f.DefaultMavenResourcesFiltering - skip non existing resourceDirectory C:\Users\thummaluru.sandhya1\practice\design_patterns\src\test\resources
2025-11-25 14:48:44,718 [Worker-96: Building] INFO  o.a.m.s.f.DefaultMavenResourcesFiltering - skip non existing resourceDirectory C:\Users\thummaluru.sandhya1\practice\design_patterns\src\main\resources
2025-11-25 14:48:44,719 [Worker-96: Building] INFO  o.a.m.s.f.DefaultMavenResourcesFiltering - skip non existing resourceDirectory C:\Users\thummaluru.sandhya1\practice\design_patterns\src\test\resources
2025-11-25 14:49:06,610 [Worker-93: Building] INFO  o.a.m.s.f.DefaultMavenResourcesFiltering - skip non existing resourceDirectory C:\Users\thummaluru.sandhya1\practice\design_patterns\src\main\resources
2025-11-25 14:49:06,611 [Worker-93: Building] INFO  o.a.m.s.f.DefaultMavenResourcesFiltering - skip non existing resourceDirectory C:\Users\thummaluru.sandhya1\practice\design_patterns\src\test\resources
2025-11-25 14:50:52,105 [Worker-93: Building] INFO  o.a.m.s.f.DefaultMavenResourcesFiltering - skip non existing resourceDirectory C:\Users\thummaluru.sandhya1\practice\design_patterns\src\main\resources
2025-11-25 14:50:52,107 [Worker-93: Building] INFO  o.a.m.s.f.DefaultMavenResourcesFiltering - skip non existing resourceDirectory C:\Users\thummaluru.sandhya1\practice\design_patterns\src\test\resources
2025-11-25 14:50:59,861 [Worker-93: Building] INFO  o.a.m.s.f.DefaultMavenResourcesFiltering - skip non existing resourceDirectory C:\Users\thummaluru.sandhya1\practice\design_patterns\src\main\resources
2025-11-25 14:50:59,862 [Worker-93: Building] INFO  o.a.m.s.f.DefaultMavenResourcesFiltering - skip non existing resourceDirectory C:\Users\thummaluru.sandhya1\practice\design_patterns\src\test\resources
2025-11-25 14:51:02,854 [Worker-95: Building] INFO  o.a.m.s.f.DefaultMavenResourcesFiltering - skip non existing resourceDirectory C:\Users\thummaluru.sandhya1\practice\design_patterns\src\main\resources
2025-11-25 14:51:02,855 [Worker-95: Building] INFO  o.a.m.s.f.DefaultMavenResourcesFiltering - skip non existing resourceDirectory C:\Users\thummaluru.sandhya1\practice\design_patterns\src\test\resources
2025-11-25 14:51:45,499 [Worker-92: Building] INFO  o.a.m.s.f.DefaultMavenResourcesFiltering - skip non existing resourceDirectory C:\Users\thummaluru.sandhya1\practice\design_patterns\src\main\resources
2025-11-25 14:51:45,499 [Worker-92: Building] INFO  o.a.m.s.f.DefaultMavenResourcesFiltering - skip non existing resourceDirectory C:\Users\thummaluru.sandhya1\practice\design_patterns\src\test\resources
2025-11-25 14:52:41,067 [Worker-96: Building] INFO  o.a.m.s.f.DefaultMavenResourcesFiltering - skip non existing resourceDirectory C:\Users\thummaluru.sandhya1\practice\design_patterns\src\main\resources
2025-11-25 14:52:41,069 [Worker-96: Building] INFO  o.a.m.s.f.DefaultMavenResourcesFiltering - skip non existing resourceDirectory C:\Users\thummaluru.sandhya1\practice\design_patterns\src\test\resources
2025-11-25 14:53:27,881 [Worker-96: Building] INFO  o.a.m.s.f.DefaultMavenResourcesFiltering - skip non existing resourceDirectory C:\Users\thummaluru.sandhya1\practice\design_patterns\src\main\resources
2025-11-25 14:53:27,883 [Worker-96: Building] INFO  o.a.m.s.f.DefaultMavenResourcesFiltering - skip non existing resourceDirectory C:\Users\thummaluru.sandhya1\practice\design_patterns\src\test\resources
2025-11-25 14:53:46,681 [Worker-96: Building] INFO  o.a.m.s.f.DefaultMavenResourcesFiltering - skip non existing resourceDirectory C:\Users\thummaluru.sandhya1\practice\design_patterns\src\main\resources
2025-11-25 14:53:46,682 [Worker-96: Building] INFO  o.a.m.s.f.DefaultMavenResourcesFiltering - skip non existing resourceDirectory C:\Users\thummaluru.sandhya1\practice\design_patterns\src\test\resources
2025-11-25 14:54:25,747 [Worker-96: Building] INFO  o.a.m.s.f.DefaultMavenResourcesFiltering - skip non existing resourceDirectory C:\Users\thummaluru.sandhya1\practice\design_patterns\src\main\resources
2025-11-25 14:54:25,748 [Worker-96: Building] INFO  o.a.m.s.f.DefaultMavenResourcesFiltering - skip non existing resourceDirectory C:\Users\thummaluru.sandhya1\practice\design_patterns\src\test\resources
2025-11-25 14:54:33,367 [Worker-96: Building] INFO  o.a.m.s.f.DefaultMavenResourcesFiltering - skip non existing resourceDirectory C:\Users\thummaluru.sandhya1\practice\design_patterns\src\main\resources
2025-11-25 14:54:33,368 [Worker-96: Building] INFO  o.a.m.s.f.DefaultMavenResourcesFiltering - skip non existing resourceDirectory C:\Users\thummaluru.sandhya1\practice\design_patterns\src\test\resources
2025-11-25 14:55:30,281 [Worker-96: Building] INFO  o.a.m.s.f.DefaultMavenResourcesFiltering - skip non existing resourceDirectory C:\Users\thummaluru.sandhya1\practice\design_patterns\src\main\resources
2025-11-25 14:55:30,282 [Worker-96: Building] INFO  o.a.m.s.f.DefaultMavenResourcesFiltering - skip non existing resourceDirectory C:\Users\thummaluru.sandhya1\practice\design_patterns\src\test\resources
2025-11-25 14:56:32,866 [Worker-96: Building] INFO  o.a.m.s.f.DefaultMavenResourcesFiltering - skip non existing resourceDirectory C:\Users\thummaluru.sandhya1\practice\design_patterns\src\main\resources
2025-11-25 14:56:32,867 [Worker-96: Building] INFO  o.a.m.s.f.DefaultMavenResourcesFiltering - skip non existing resourceDirectory C:\Users\thummaluru.sandhya1\practice\design_patterns\src\test\resources
2025-11-25 14:58:46,806 [Worker-94: Building] INFO  o.a.m.s.f.DefaultMavenResourcesFiltering - skip non existing resourceDirectory C:\Users\thummaluru.sandhya1\practice\design_patterns\src\main\resources
2025-11-25 14:58:46,807 [Worker-94: Building] INFO  o.a.m.s.f.DefaultMavenResourcesFiltering - skip non existing resourceDirectory C:\Users\thummaluru.sandhya1\practice\design_patterns\src\test\resources
2025-11-25 14:59:49,201 [Worker-97: Building] INFO  o.a.m.s.f.DefaultMavenResourcesFiltering - skip non existing resourceDirectory C:\Users\thummaluru.sandhya1\practice\design_patterns\src\main\resources
2025-11-25 14:59:49,203 [Worker-97: Building] INFO  o.a.m.s.f.DefaultMavenResourcesFiltering - skip non existing resourceDirectory C:\Users\thummaluru.sandhya1\practice\design_patterns\src\test\resources
2025-11-25 15:08:09,478 [Worker-100: Building] INFO  o.a.m.s.f.DefaultMavenResourcesFiltering - skip non existing resourceDirectory C:\Users\thummaluru.sandhya1\practice\design_patterns\src\main\resources
2025-11-25 15:08:09,480 [Worker-100: Building] INFO  o.a.m.s.f.DefaultMavenResourcesFiltering - skip non existing resourceDirectory C:\Users\thummaluru.sandhya1\practice\design_patterns\src\test\resources
2025-11-25 15:08:58,428 [Worker-98: Building] INFO  o.a.m.s.f.DefaultMavenResourcesFiltering - skip non existing resourceDirectory C:\Users\thummaluru.sandhya1\practice\design_patterns\src\main\resources
2025-11-25 15:08:58,429 [Worker-98: Building] INFO  o.a.m.s.f.DefaultMavenResourcesFiltering - skip non existing resourceDirectory C:\Users\thummaluru.sandhya1\practice\design_patterns\src\test\resources
2025-11-25 15:10:04,144 [Worker-100: Building] INFO  o.a.m.s.f.DefaultMavenResourcesFiltering - skip non existing resourceDirectory C:\Users\thummaluru.sandhya1\practice\design_patterns\src\main\resources
2025-11-25 15:10:04,145 [Worker-100: Building] INFO  o.a.m.s.f.DefaultMavenResourcesFiltering - skip non existing resourceDirectory C:\Users\thummaluru.sandhya1\practice\design_patterns\src\test\resources
2025-11-25 15:10:33,179 [Worker-100: Building] INFO  o.a.m.s.f.DefaultMavenResourcesFiltering - skip non existing resourceDirectory C:\Users\thummaluru.sandhya1\practice\design_patterns\src\main\resources
2025-11-25 15:10:33,180 [Worker-100: Building] INFO  o.a.m.s.f.DefaultMavenResourcesFiltering - skip non existing resourceDirectory C:\Users\thummaluru.sandhya1\practice\design_patterns\src\test\resources
2025-11-25 15:10:54,379 [Worker-98: Building] INFO  o.a.m.s.f.DefaultMavenResourcesFiltering - skip non existing resourceDirectory C:\Users\thummaluru.sandhya1\practice\design_patterns\src\main\resources
2025-11-25 15:10:54,380 [Worker-98: Building] INFO  o.a.m.s.f.DefaultMavenResourcesFiltering - skip non existing resourceDirectory C:\Users\thummaluru.sandhya1\practice\design_patterns\src\test\resources
2025-11-25 15:12:16,593 [Worker-102: Building] INFO  o.a.m.s.f.DefaultMavenResourcesFiltering - skip non existing resourceDirectory C:\Users\thummaluru.sandhya1\practice\design_patterns\src\main\resources
2025-11-25 15:12:16,595 [Worker-102: Building] INFO  o.a.m.s.f.DefaultMavenResourcesFiltering - skip non existing resourceDirectory C:\Users\thummaluru.sandhya1\practice\design_patterns\src\test\resources
2025-11-25 15:12:27,838 [Worker-98: Building] INFO  o.a.m.s.f.DefaultMavenResourcesFiltering - skip non existing resourceDirectory C:\Users\thummaluru.sandhya1\practice\design_patterns\src\main\resources
2025-11-25 15:12:27,839 [Worker-98: Building] INFO  o.a.m.s.f.DefaultMavenResourcesFiltering - skip non existing resourceDirectory C:\Users\thummaluru.sandhya1\practice\design_patterns\src\test\resources
2025-11-25 15:12:51,727 [Worker-102: Building] INFO  o.a.m.s.f.DefaultMavenResourcesFiltering - skip non existing resourceDirectory C:\Users\thummaluru.sandhya1\practice\design_patterns\src\main\resources
2025-11-25 15:12:51,730 [Worker-102: Building] INFO  o.a.m.s.f.DefaultMavenResourcesFiltering - skip non existing resourceDirectory C:\Users\thummaluru.sandhya1\practice\design_patterns\src\test\resources
2025-11-25 15:13:52,014 [Worker-102: Building] INFO  o.a.m.s.f.DefaultMavenResourcesFiltering - skip non existing resourceDirectory C:\Users\thummaluru.sandhya1\practice\design_patterns\src\main\resources
2025-11-25 15:13:52,015 [Worker-102: Building] INFO  o.a.m.s.f.DefaultMavenResourcesFiltering - skip non existing resourceDirectory C:\Users\thummaluru.sandhya1\practice\design_patterns\src\test\resources
2025-11-25 15:19:51,856 [Worker-105: Building] INFO  o.a.m.s.f.DefaultMavenResourcesFiltering - skip non existing resourceDirectory C:\Users\thummaluru.sandhya1\practice\design_patterns\src\main\resources
2025-11-25 15:19:51,859 [Worker-105: Building] INFO  o.a.m.s.f.DefaultMavenResourcesFiltering - skip non existing resourceDirectory C:\Users\thummaluru.sandhya1\practice\design_patterns\src\test\resources
2025-11-25 15:30:05,530 [Worker-108: Building] INFO  o.a.m.s.f.DefaultMavenResourcesFiltering - skip non existing resourceDirectory C:\Users\thummaluru.sandhya1\practice\design_patterns\src\main\resources
2025-11-25 15:30:05,532 [Worker-108: Building] INFO  o.a.m.s.f.DefaultMavenResourcesFiltering - skip non existing resourceDirectory C:\Users\thummaluru.sandhya1\practice\design_patterns\src\test\resources
2025-11-25 15:34:12,406 [Worker-109: Building] INFO  o.a.m.s.f.DefaultMavenResourcesFiltering - skip non existing resourceDirectory C:\Users\thummaluru.sandhya1\practice\design_patterns\src\main\resources
2025-11-25 15:34:12,408 [Worker-109: Building] INFO  o.a.m.s.f.DefaultMavenResourcesFiltering - skip non existing resourceDirectory C:\Users\thummaluru.sandhya1\practice\design_patterns\src\test\resources
2025-11-25 15:34:16,137 [Worker-110: Building] INFO  o.a.m.s.f.DefaultMavenResourcesFiltering - skip non existing resourceDirectory C:\Users\thummaluru.sandhya1\practice\design_patterns\src\main\resources
2025-11-25 15:34:16,139 [Worker-110: Building] INFO  o.a.m.s.f.DefaultMavenResourcesFiltering - skip non existing resourceDirectory C:\Users\thummaluru.sandhya1\practice\design_patterns\src\test\resources
2025-11-25 15:36:22,448 [Worker-110: Building] INFO  o.a.m.s.f.DefaultMavenResourcesFiltering - skip non existing resourceDirectory C:\Users\thummaluru.sandhya1\practice\design_patterns\src\main\resources
2025-11-25 15:36:22,450 [Worker-110: Building] INFO  o.a.m.s.f.DefaultMavenResourcesFiltering - skip non existing resourceDirectory C:\Users\thummaluru.sandhya1\practice\design_patterns\src\test\resources
2025-11-25 15:37:14,084 [Worker-110: Building] INFO  o.a.m.s.f.DefaultMavenResourcesFiltering - skip non existing resourceDirectory C:\Users\thummaluru.sandhya1\practice\design_patterns\src\main\resources
2025-11-25 15:37:14,085 [Worker-110: Building] INFO  o.a.m.s.f.DefaultMavenResourcesFiltering - skip non existing resourceDirectory C:\Users\thummaluru.sandhya1\practice\design_patterns\src\test\resources
2025-11-25 15:38:08,636 [Worker-105: Building] INFO  o.a.m.s.f.DefaultMavenResourcesFiltering - skip non existing resourceDirectory C:\Users\thummaluru.sandhya1\practice\design_patterns\src\main\resources
2025-11-25 15:38:08,639 [Worker-105: Building] INFO  o.a.m.s.f.DefaultMavenResourcesFiltering - skip non existing resourceDirectory C:\Users\thummaluru.sandhya1\practice\design_patterns\src\test\resources
2025-11-25 15:39:29,121 [Worker-105: Building] INFO  o.a.m.s.f.DefaultMavenResourcesFiltering - skip non existing resourceDirectory C:\Users\thummaluru.sandhya1\practice\design_patterns\src\main\resources
2025-11-25 15:39:29,122 [Worker-105: Building] INFO  o.a.m.s.f.DefaultMavenResourcesFiltering - skip non existing resourceDirectory C:\Users\thummaluru.sandhya1\practice\design_patterns\src\test\resources
2025-11-25 15:41:43,305 [Worker-100: Building] INFO  o.a.m.s.f.DefaultMavenResourcesFiltering - skip non existing resourceDirectory C:\Users\thummaluru.sandhya1\practice\design_patterns\src\main\resources
2025-11-25 15:41:43,306 [Worker-100: Building] INFO  o.a.m.s.f.DefaultMavenResourcesFiltering - skip non existing resourceDirectory C:\Users\thummaluru.sandhya1\practice\design_patterns\src\test\resources
2025-11-25 15:42:18,447 [Worker-105: Building] INFO  o.a.m.s.f.DefaultMavenResourcesFiltering - skip non existing resourceDirectory C:\Users\thummaluru.sandhya1\practice\design_patterns\src\main\resources
2025-11-25 15:42:18,448 [Worker-105: Building] INFO  o.a.m.s.f.DefaultMavenResourcesFiltering - skip non existing resourceDirectory C:\Users\thummaluru.sandhya1\practice\design_patterns\src\test\resources
2025-11-25 15:42:40,089 [Worker-108: Building] INFO  o.a.m.s.f.DefaultMavenResourcesFiltering - skip non existing resourceDirectory C:\Users\thummaluru.sandhya1\practice\design_patterns\src\main\resources
2025-11-25 15:42:40,090 [Worker-108: Building] INFO  o.a.m.s.f.DefaultMavenResourcesFiltering - skip non existing resourceDirectory C:\Users\thummaluru.sandhya1\practice\design_patterns\src\test\resources
2025-11-25 15:52:36,026 [Worker-110: Building] INFO  o.a.m.s.f.DefaultMavenResourcesFiltering - skip non existing resourceDirectory C:\Users\thummaluru.sandhya1\practice\nov25\src\main\resources
2025-11-25 15:52:36,028 [Worker-110: Building] INFO  o.a.m.s.f.DefaultMavenResourcesFiltering - skip non existing resourceDirectory C:\Users\thummaluru.sandhya1\practice\nov25\src\test\resources
2025-11-25 15:52:41,652 [Worker-114: Building] INFO  o.a.m.s.f.DefaultMavenResourcesFiltering - skip non existing resourceDirectory C:\Users\thummaluru.sandhya1\practice\nov25\src\main\resources
2025-11-25 15:52:41,653 [Worker-114: Building] INFO  o.a.m.s.f.DefaultMavenResourcesFiltering - skip non existing resourceDirectory C:\Users\thummaluru.sandhya1\practice\nov25\src\test\resources
2025-11-25 15:56:17,450 [Worker-115: Building] INFO  o.a.m.s.f.DefaultMavenResourcesFiltering - skip non existing resourceDirectory C:\Users\thummaluru.sandhya1\practice\nov25\src\main\resources
2025-11-25 15:56:17,451 [Worker-115: Building] INFO  o.a.m.s.f.DefaultMavenResourcesFiltering - skip non existing resourceDirectory C:\Users\thummaluru.sandhya1\practice\nov25\src\test\resources
2025-11-25 15:56:28,171 [Worker-116: Building] INFO  o.a.m.s.f.DefaultMavenResourcesFiltering - skip non existing resourceDirectory C:\Users\thummaluru.sandhya1\practice\nov25\src\main\resources
2025-11-25 15:56:28,173 [Worker-116: Building] INFO  o.a.m.s.f.DefaultMavenResourcesFiltering - skip non existing resourceDirectory C:\Users\thummaluru.sandhya1\practice\nov25\src\test\resources
2025-11-25 16:08:17,914 [Worker-115: Building] INFO  o.a.m.s.f.DefaultMavenResourcesFiltering - skip non existing resourceDirectory C:\Users\thummaluru.sandhya1\practice\design_patterns\src\main\resources
2025-11-25 16:08:17,917 [Worker-115: Building] INFO  o.a.m.s.f.DefaultMavenResourcesFiltering - skip non existing resourceDirectory C:\Users\thummaluru.sandhya1\practice\design_patterns\src\test\resources
2025-11-25 16:08:21,801 [Worker-119: Building] INFO  o.a.m.s.f.DefaultMavenResourcesFiltering - skip non existing resourceDirectory C:\Users\thummaluru.sandhya1\practice\design_patterns\src\main\resources
2025-11-25 16:08:21,802 [Worker-119: Building] INFO  o.a.m.s.f.DefaultMavenResourcesFiltering - skip non existing resourceDirectory C:\Users\thummaluru.sandhya1\practice\design_patterns\src\test\resources
2025-11-25 16:08:29,646 [Worker-117: Building] INFO  o.a.m.s.f.DefaultMavenResourcesFiltering - skip non existing resourceDirectory C:\Users\thummaluru.sandhya1\practice\design_patterns\src\main\resources
2025-11-25 16:08:29,648 [Worker-117: Building] INFO  o.a.m.s.f.DefaultMavenResourcesFiltering - skip non existing resourceDirectory C:\Users\thummaluru.sandhya1\practice\design_patterns\src\test\resources
2025-11-25 16:08:36,927 [Worker-117: Building] INFO  o.a.m.s.f.DefaultMavenResourcesFiltering - skip non existing resourceDirectory C:\Users\thummaluru.sandhya1\practice\design_patterns\src\main\resources
2025-11-25 16:08:36,928 [Worker-117: Building] INFO  o.a.m.s.f.DefaultMavenResourcesFiltering - skip non existing resourceDirectory C:\Users\thummaluru.sandhya1\practice\design_patterns\src\test\resources
2025-11-25 16:10:02,773 [Worker-118: Building] INFO  o.a.m.s.f.DefaultMavenResourcesFiltering - skip non existing resourceDirectory C:\Users\thummaluru.sandhya1\practice\design_patterns\src\main\resources
2025-11-25 16:10:02,775 [Worker-118: Building] INFO  o.a.m.s.f.DefaultMavenResourcesFiltering - skip non existing resourceDirectory C:\Users\thummaluru.sandhya1\practice\design_patterns\src\test\resources
2025-11-25 16:10:19,762 [Worker-110: Building] INFO  o.a.m.s.f.DefaultMavenResourcesFiltering - skip non existing resourceDirectory C:\Users\thummaluru.sandhya1\practice\design_patterns\src\main\resources
2025-11-25 16:10:19,764 [Worker-110: Building] INFO  o.a.m.s.f.DefaultMavenResourcesFiltering - skip non existing resourceDirectory C:\Users\thummaluru.sandhya1\practice\design_patterns\src\test\resources
2025-11-25 16:19:32,200 [Worker-122: Building] INFO  o.a.m.s.f.DefaultMavenResourcesFiltering - skip non existing resourceDirectory C:\Users\thummaluru.sandhya1\practice\design_patterns\src\main\resources
2025-11-25 16:19:32,201 [Worker-122: Building] INFO  o.a.m.s.f.DefaultMavenResourcesFiltering - skip non existing resourceDirectory C:\Users\thummaluru.sandhya1\practice\design_patterns\src\test\resources
2025-11-25 16:26:45,879 [Worker-124: Building] INFO  o.a.m.s.f.DefaultMavenResourcesFiltering - skip non existing resourceDirectory C:\Users\thummaluru.sandhya1\practice\design_patterns\src\main\resources
2025-11-25 16:26:45,880 [Worker-124: Building] INFO  o.a.m.s.f.DefaultMavenResourcesFiltering - skip non existing resourceDirectory C:\Users\thummaluru.sandhya1\practice\design_patterns\src\test\resources
2025-11-25 16:27:02,702 [Worker-124: Building] INFO  o.a.m.s.f.DefaultMavenResourcesFiltering - skip non existing resourceDirectory C:\Users\thummaluru.sandhya1\practice\design_patterns\src\main\resources
2025-11-25 16:27:02,703 [Worker-124: Building] INFO  o.a.m.s.f.DefaultMavenResourcesFiltering - skip non existing resourceDirectory C:\Users\thummaluru.sandhya1\practice\design_patterns\src\test\resources
2025-11-25 16:29:08,904 [Worker-128: Building] INFO  o.a.m.s.f.DefaultMavenResourcesFiltering - skip non existing resourceDirectory C:\Users\thummaluru.sandhya1\practice\design_patterns\src\main\resources
2025-11-25 16:29:08,906 [Worker-128: Building] INFO  o.a.m.s.f.DefaultMavenResourcesFiltering - skip non existing resourceDirectory C:\Users\thummaluru.sandhya1\practice\design_patterns\src\test\resources
2025-11-25 16:29:38,000 [Worker-122: Building] INFO  o.a.m.s.f.DefaultMavenResourcesFiltering - skip non existing resourceDirectory C:\Users\thummaluru.sandhya1\practice\design_patterns\src\main\resources
2025-11-25 16:29:38,001 [Worker-122: Building] INFO  o.a.m.s.f.DefaultMavenResourcesFiltering - skip non existing resourceDirectory C:\Users\thummaluru.sandhya1\practice\design_patterns\src\test\resources
2025-11-25 16:29:40,487 [Worker-127: Building] INFO  o.a.m.s.f.DefaultMavenResourcesFiltering - skip non existing resourceDirectory C:\Users\thummaluru.sandhya1\practice\design_patterns\src\main\resources
2025-11-25 16:29:40,488 [Worker-127: Building] INFO  o.a.m.s.f.DefaultMavenResourcesFiltering - skip non existing resourceDirectory C:\Users\thummaluru.sandhya1\practice\design_patterns\src\test\resources
2025-11-25 16:30:08,342 [Worker-128: Building] INFO  o.a.m.s.f.DefaultMavenResourcesFiltering - skip non existing resourceDirectory C:\Users\thummaluru.sandhya1\practice\design_patterns\src\main\resources
2025-11-25 16:30:08,343 [Worker-128: Building] INFO  o.a.m.s.f.DefaultMavenResourcesFiltering - skip non existing resourceDirectory C:\Users\thummaluru.sandhya1\practice\design_patterns\src\test\resources
2025-11-25 16:30:24,798 [Worker-127: Building] INFO  o.a.m.s.f.DefaultMavenResourcesFiltering - skip non existing resourceDirectory C:\Users\thummaluru.sandhya1\practice\design_patterns\src\main\resources
2025-11-25 16:30:24,800 [Worker-127: Building] INFO  o.a.m.s.f.DefaultMavenResourcesFiltering - skip non existing resourceDirectory C:\Users\thummaluru.sandhya1\practice\design_patterns\src\test\resources
2025-11-25 16:30:30,751 [Worker-128: Building] INFO  o.a.m.s.f.DefaultMavenResourcesFiltering - skip non existing resourceDirectory C:\Users\thummaluru.sandhya1\practice\design_patterns\src\main\resources
2025-11-25 16:30:30,752 [Worker-128: Building] INFO  o.a.m.s.f.DefaultMavenResourcesFiltering - skip non existing resourceDirectory C:\Users\thummaluru.sandhya1\practice\design_patterns\src\test\resources
2025-11-25 16:30:37,589 [Worker-126: Building] INFO  o.a.m.s.f.DefaultMavenResourcesFiltering - skip non existing resourceDirectory C:\Users\thummaluru.sandhya1\practice\design_patterns\src\main\resources
2025-11-25 16:30:37,590 [Worker-126: Building] INFO  o.a.m.s.f.DefaultMavenResourcesFiltering - skip non existing resourceDirectory C:\Users\thummaluru.sandhya1\practice\design_patterns\src\test\resources
2025-11-25 16:31:28,695 [Worker-126: Building] INFO  o.a.m.s.f.DefaultMavenResourcesFiltering - skip non existing resourceDirectory C:\Users\thummaluru.sandhya1\practice\design_patterns\src\main\resources
2025-11-25 16:31:28,696 [Worker-126: Building] INFO  o.a.m.s.f.DefaultMavenResourcesFiltering - skip non existing resourceDirectory C:\Users\thummaluru.sandhya1\practice\design_patterns\src\test\resources
2025-11-25 16:31:47,941 [Worker-128: Building] INFO  o.a.m.s.f.DefaultMavenResourcesFiltering - skip non existing resourceDirectory C:\Users\thummaluru.sandhya1\practice\design_patterns\src\main\resources
2025-11-25 16:31:47,942 [Worker-128: Building] INFO  o.a.m.s.f.DefaultMavenResourcesFiltering - skip non existing resourceDirectory C:\Users\thummaluru.sandhya1\practice\design_patterns\src\test\resources
2025-11-25 16:32:17,989 [Worker-127: Building] INFO  o.a.m.s.f.DefaultMavenResourcesFiltering - skip non existing resourceDirectory C:\Users\thummaluru.sandhya1\practice\design_patterns\src\main\resources
2025-11-25 16:32:17,990 [Worker-127: Building] INFO  o.a.m.s.f.DefaultMavenResourcesFiltering - skip non existing resourceDirectory C:\Users\thummaluru.sandhya1\practice\design_patterns\src\test\resources
2025-11-25 16:32:27,631 [Worker-127: Building] INFO  o.a.m.s.f.DefaultMavenResourcesFiltering - skip non existing resourceDirectory C:\Users\thummaluru.sandhya1\practice\design_patterns\src\main\resources
2025-11-25 16:32:27,633 [Worker-127: Building] INFO  o.a.m.s.f.DefaultMavenResourcesFiltering - skip non existing resourceDirectory C:\Users\thummaluru.sandhya1\practice\design_patterns\src\test\resources
2025-11-25 16:33:49,434 [Worker-125: Building] INFO  o.a.m.s.f.DefaultMavenResourcesFiltering - skip non existing resourceDirectory C:\Users\thummaluru.sandhya1\practice\design_patterns\src\main\resources
2025-11-25 16:33:49,435 [Worker-125: Building] INFO  o.a.m.s.f.DefaultMavenResourcesFiltering - skip non existing resourceDirectory C:\Users\thummaluru.sandhya1\practice\design_patterns\src\test\resources
2025-11-25 16:33:52,237 [Worker-125: Building] INFO  o.a.m.s.f.DefaultMavenResourcesFiltering - skip non existing resourceDirectory C:\Users\thummaluru.sandhya1\practice\design_patterns\src\main\resources
2025-11-25 16:33:52,238 [Worker-125: Building] INFO  o.a.m.s.f.DefaultMavenResourcesFiltering - skip non existing resourceDirectory C:\Users\thummaluru.sandhya1\practice\design_patterns\src\test\resources
2025-11-25 16:34:33,466 [Worker-125: Building] INFO  o.a.m.s.f.DefaultMavenResourcesFiltering - skip non existing resourceDirectory C:\Users\thummaluru.sandhya1\practice\design_patterns\src\main\resources
2025-11-25 16:34:33,467 [Worker-125: Building] INFO  o.a.m.s.f.DefaultMavenResourcesFiltering - skip non existing resourceDirectory C:\Users\thummaluru.sandhya1\practice\design_patterns\src\test\resources
2025-11-25 16:35:40,799 [Worker-128: Building] INFO  o.a.m.s.f.DefaultMavenResourcesFiltering - skip non existing resourceDirectory C:\Users\thummaluru.sandhya1\practice\design_patterns\src\main\resources
2025-11-25 16:35:40,800 [Worker-128: Building] INFO  o.a.m.s.f.DefaultMavenResourcesFiltering - skip non existing resourceDirectory C:\Users\thummaluru.sandhya1\practice\design_patterns\src\test\resources
2025-11-25 16:48:27,644 [Worker-130: Building] INFO  o.a.m.s.f.DefaultMavenResourcesFiltering - skip non existing resourceDirectory C:\Users\thummaluru.sandhya1\practice\design_patterns\src\main\resources
2025-11-25 16:48:27,645 [Worker-130: Building] INFO  o.a.m.s.f.DefaultMavenResourcesFiltering - skip non existing resourceDirectory C:\Users\thummaluru.sandhya1\practice\design_patterns\src\test\resources
2025-11-25 16:50:37,181 [Worker-125: Building] INFO  o.a.m.s.f.DefaultMavenResourcesFiltering - skip non existing resourceDirectory C:\Users\thummaluru.sandhya1\practice\design_patterns\src\main\resources
2025-11-25 16:50:37,182 [Worker-125: Building] INFO  o.a.m.s.f.DefaultMavenResourcesFiltering - skip non existing resourceDirectory C:\Users\thummaluru.sandhya1\practice\design_patterns\src\test\resources
2025-11-25 17:07:17,298 [Worker-135: Building] INFO  o.a.m.s.f.DefaultMavenResourcesFiltering - skip non existing resourceDirectory C:\Users\thummaluru.sandhya1\practice\design_patterns\src\main\resources
2025-11-25 17:07:17,299 [Worker-135: Building] INFO  o.a.m.s.f.DefaultMavenResourcesFiltering - skip non existing resourceDirectory C:\Users\thummaluru.sandhya1\practice\design_patterns\src\test\resources
2025-11-25 17:09:44,130 [Worker-141: Building] INFO  o.a.m.s.f.DefaultMavenResourcesFiltering - skip non existing resourceDirectory C:\Users\thummaluru.sandhya1\practice\design_patterns\src\main\resources
2025-11-25 17:09:44,131 [Worker-141: Building] INFO  o.a.m.s.f.DefaultMavenResourcesFiltering - skip non existing resourceDirectory C:\Users\thummaluru.sandhya1\practice\design_patterns\src\test\resources
2025-11-25 17:10:43,618 [Worker-139: Launching App (1)] INFO  o.a.m.s.f.DefaultMavenResourcesFiltering - skip non existing resourceDirectory C:\Users\thummaluru.sandhya1\practice\design_patterns\src\main\resources
2025-11-25 17:10:43,619 [Worker-139: Launching App (1)] INFO  o.a.m.s.f.DefaultMavenResourcesFiltering - skip non existing resourceDirectory C:\Users\thummaluru.sandhya1\practice\design_patterns\src\test\resources
2025-11-25 17:11:18,570 [Worker-139: Building] INFO  o.a.m.s.f.DefaultMavenResourcesFiltering - skip non existing resourceDirectory C:\Users\thummaluru.sandhya1\practice\design_patterns\src\main\resources
2025-11-25 17:11:18,573 [Worker-139: Building] INFO  o.a.m.s.f.DefaultMavenResourcesFiltering - skip non existing resourceDirectory C:\Users\thummaluru.sandhya1\practice\design_patterns\src\test\resources
2025-11-25 17:12:13,590 [Worker-135: Building] INFO  o.a.m.s.f.DefaultMavenResourcesFiltering - skip non existing resourceDirectory C:\Users\thummaluru.sandhya1\practice\design_patterns\src\main\resources
2025-11-25 17:12:13,592 [Worker-135: Building] INFO  o.a.m.s.f.DefaultMavenResourcesFiltering - skip non existing resourceDirectory C:\Users\thummaluru.sandhya1\practice\design_patterns\src\test\resources
2025-11-25 17:12:35,048 [Worker-130: Building] INFO  o.a.m.s.f.DefaultMavenResourcesFiltering - skip non existing resourceDirectory C:\Users\thummaluru.sandhya1\practice\design_patterns\src\main\resources
2025-11-25 17:12:35,049 [Worker-130: Building] INFO  o.a.m.s.f.DefaultMavenResourcesFiltering - skip non existing resourceDirectory C:\Users\thummaluru.sandhya1\practice\design_patterns\src\test\resources
2025-11-25 17:12:46,847 [Worker-138: Building] INFO  o.a.m.s.f.DefaultMavenResourcesFiltering - skip non existing resourceDirectory C:\Users\thummaluru.sandhya1\practice\design_patterns\src\main\resources
2025-11-25 17:12:46,850 [Worker-138: Building] INFO  o.a.m.s.f.DefaultMavenResourcesFiltering - skip non existing resourceDirectory C:\Users\thummaluru.sandhya1\practice\design_patterns\src\test\resources
2025-11-25 17:13:11,352 [Worker-135: Building] INFO  o.a.m.s.f.DefaultMavenResourcesFiltering - skip non existing resourceDirectory C:\Users\thummaluru.sandhya1\practice\design_patterns\src\main\resources
2025-11-25 17:13:11,353 [Worker-135: Building] INFO  o.a.m.s.f.DefaultMavenResourcesFiltering - skip non existing resourceDirectory C:\Users\thummaluru.sandhya1\practice\design_patterns\src\test\resources
2025-11-25 17:15:35,147 [Worker-143: Building] INFO  o.a.m.s.f.DefaultMavenResourcesFiltering - skip non existing resourceDirectory C:\Users\thummaluru.sandhya1\practice\design_patterns\src\main\resources
2025-11-25 17:15:35,149 [Worker-143: Building] INFO  o.a.m.s.f.DefaultMavenResourcesFiltering - skip non existing resourceDirectory C:\Users\thummaluru.sandhya1\practice\design_patterns\src\test\resources
2025-11-25 17:16:36,544 [Worker-141: Building] INFO  o.a.m.s.f.DefaultMavenResourcesFiltering - skip non existing resourceDirectory C:\Users\thummaluru.sandhya1\practice\design_patterns\src\main\resources
2025-11-25 17:16:36,545 [Worker-141: Building] INFO  o.a.m.s.f.DefaultMavenResourcesFiltering - skip non existing resourceDirectory C:\Users\thummaluru.sandhya1\practice\design_patterns\src\test\resources
2025-11-25 17:17:41,754 [Worker-143: Building] INFO  o.a.m.s.f.DefaultMavenResourcesFiltering - skip non existing resourceDirectory C:\Users\thummaluru.sandhya1\practice\design_patterns\src\main\resources
2025-11-25 17:17:41,755 [Worker-143: Building] INFO  o.a.m.s.f.DefaultMavenResourcesFiltering - skip non existing resourceDirectory C:\Users\thummaluru.sandhya1\practice\design_patterns\src\test\resources
2025-11-25 17:18:58,422 [Worker-143: Building] INFO  o.a.m.s.f.DefaultMavenResourcesFiltering - skip non existing resourceDirectory C:\Users\thummaluru.sandhya1\practice\design_patterns\src\main\resources
2025-11-25 17:18:58,424 [Worker-143: Building] INFO  o.a.m.s.f.DefaultMavenResourcesFiltering - skip non existing resourceDirectory C:\Users\thummaluru.sandhya1\practice\design_patterns\src\test\resources
2025-11-25 17:51:57,112 [Worker-150: Building] INFO  o.a.m.s.f.DefaultMavenResourcesFiltering - skip non existing resourceDirectory C:\Users\thummaluru.sandhya1\practice\design_patterns\src\main\resources
2025-11-25 17:51:57,114 [Worker-150: Building] INFO  o.a.m.s.f.DefaultMavenResourcesFiltering - skip non existing resourceDirectory C:\Users\thummaluru.sandhya1\practice\design_patterns\src\test\resources
2025-11-25 17:53:32,312 [Worker-156: Building] INFO  o.a.m.s.f.DefaultMavenResourcesFiltering - skip non existing resourceDirectory C:\Users\thummaluru.sandhya1\practice\design_patterns\src\main\resources
2025-11-25 17:53:32,314 [Worker-156: Building] INFO  o.a.m.s.f.DefaultMavenResourcesFiltering - skip non existing resourceDirectory C:\Users\thummaluru.sandhya1\practice\design_patterns\src\test\resources
2025-11-25 17:54:15,354 [Worker-150: Building] INFO  o.a.m.s.f.DefaultMavenResourcesFiltering - skip non existing resourceDirectory C:\Users\thummaluru.sandhya1\practice\design_patterns\src\main\resources
2025-11-25 17:54:15,355 [Worker-150: Building] INFO  o.a.m.s.f.DefaultMavenResourcesFiltering - skip non existing resourceDirectory C:\Users\thummaluru.sandhya1\practice\design_patterns\src\test\resources
2025-11-25 17:54:17,631 [Worker-150: Building] INFO  o.a.m.s.f.DefaultMavenResourcesFiltering - skip non existing resourceDirectory C:\Users\thummaluru.sandhya1\practice\design_patterns\src\main\resources
2025-11-25 17:54:17,632 [Worker-150: Building] INFO  o.a.m.s.f.DefaultMavenResourcesFiltering - skip non existing resourceDirectory C:\Users\thummaluru.sandhya1\practice\design_patterns\src\test\resources
2025-11-25 17:54:46,491 [Worker-150: Building] INFO  o.a.m.s.f.DefaultMavenResourcesFiltering - skip non existing resourceDirectory C:\Users\thummaluru.sandhya1\practice\design_patterns\src\main\resources
2025-11-25 17:54:46,492 [Worker-150: Building] INFO  o.a.m.s.f.DefaultMavenResourcesFiltering - skip non existing resourceDirectory C:\Users\thummaluru.sandhya1\practice\design_patterns\src\test\resources
2025-11-25 18:00:58,077 [Worker-157: Building] INFO  o.a.m.s.f.DefaultMavenResourcesFiltering - skip non existing resourceDirectory C:\Users\thummaluru.sandhya1\practice\design_patterns\src\main\resources
2025-11-25 18:00:58,078 [Worker-157: Building] INFO  o.a.m.s.f.DefaultMavenResourcesFiltering - skip non existing resourceDirectory C:\Users\thummaluru.sandhya1\practice\design_patterns\src\test\resources
2025-11-26 09:17:42,342 [Worker-300: Building] INFO  o.a.m.s.f.DefaultMavenResourcesFiltering - skip non existing resourceDirectory C:\Users\thummaluru.sandhya1\practice\design_patterns\src\main\resources
2025-11-26 09:17:42,353 [Worker-300: Building] INFO  o.a.m.s.f.DefaultMavenResourcesFiltering - skip non existing resourceDirectory C:\Users\thummaluru.sandhya1\practice\design_patterns\src\test\resources
2025-11-26 09:17:45,131 [Worker-300: Building] INFO  o.a.m.s.f.DefaultMavenResourcesFiltering - skip non existing resourceDirectory C:\Users\thummaluru.sandhya1\practice\design_patterns\src\main\resources
2025-11-26 09:17:45,133 [Worker-300: Building] INFO  o.a.m.s.f.DefaultMavenResourcesFiltering - skip non existing resourceDirectory C:\Users\thummaluru.sandhya1\practice\design_patterns\src\test\resources
2025-11-26 09:18:37,580 [Worker-300: Building] INFO  o.a.m.s.f.DefaultMavenResourcesFiltering - skip non existing resourceDirectory C:\Users\thummaluru.sandhya1\practice\design_patterns\src\main\resources
2025-11-26 09:18:37,581 [Worker-300: Building] INFO  o.a.m.s.f.DefaultMavenResourcesFiltering - skip non existing resourceDirectory C:\Users\thummaluru.sandhya1\practice\design_patterns\src\test\resources
2025-11-26 09:19:22,650 [Worker-300: Building] INFO  o.a.m.s.f.DefaultMavenResourcesFiltering - skip non existing resourceDirectory C:\Users\thummaluru.sandhya1\practice\design_patterns\src\main\resources
2025-11-26 09:19:22,651 [Worker-300: Building] INFO  o.a.m.s.f.DefaultMavenResourcesFiltering - skip non existing resourceDirectory C:\Users\thummaluru.sandhya1\practice\design_patterns\src\test\resources
2025-11-26 09:20:17,112 [Worker-302: Building] INFO  o.a.m.s.f.DefaultMavenResourcesFiltering - skip non existing resourceDirectory C:\Users\thummaluru.sandhya1\practice\design_patterns\src\main\resources
2025-11-26 09:20:17,114 [Worker-302: Building] INFO  o.a.m.s.f.DefaultMavenResourcesFiltering - skip non existing resourceDirectory C:\Users\thummaluru.sandhya1\practice\design_patterns\src\test\resources
2025-11-26 09:20:47,826 [Worker-301: Building] INFO  o.a.m.s.f.DefaultMavenResourcesFiltering - skip non existing resourceDirectory C:\Users\thummaluru.sandhya1\practice\design_patterns\src\main\resources
2025-11-26 09:20:47,828 [Worker-301: Building] INFO  o.a.m.s.f.DefaultMavenResourcesFiltering - skip non existing resourceDirectory C:\Users\thummaluru.sandhya1\practice\design_patterns\src\test\resources
2025-11-26 09:21:35,879 [Worker-299: Building] INFO  o.a.m.s.f.DefaultMavenResourcesFiltering - skip non existing resourceDirectory C:\Users\thummaluru.sandhya1\practice\design_patterns\src\main\resources
2025-11-26 09:21:35,880 [Worker-299: Building] INFO  o.a.m.s.f.DefaultMavenResourcesFiltering - skip non existing resourceDirectory C:\Users\thummaluru.sandhya1\practice\design_patterns\src\test\resources
2025-11-26 09:21:49,937 [Worker-302: Building] INFO  o.a.m.s.f.DefaultMavenResourcesFiltering - skip non existing resourceDirectory C:\Users\thummaluru.sandhya1\practice\design_patterns\src\main\resources
2025-11-26 09:21:49,938 [Worker-302: Building] INFO  o.a.m.s.f.DefaultMavenResourcesFiltering - skip non existing resourceDirectory C:\Users\thummaluru.sandhya1\practice\design_patterns\src\test\resources
2025-11-26 09:22:11,867 [Worker-301: Building] INFO  o.a.m.s.f.DefaultMavenResourcesFiltering - skip non existing resourceDirectory C:\Users\thummaluru.sandhya1\practice\design_patterns\src\main\resources
2025-11-26 09:22:11,868 [Worker-301: Building] INFO  o.a.m.s.f.DefaultMavenResourcesFiltering - skip non existing resourceDirectory C:\Users\thummaluru.sandhya1\practice\design_patterns\src\test\resources
2025-11-26 09:22:45,862 [Worker-302: Building] INFO  o.a.m.s.f.DefaultMavenResourcesFiltering - skip non existing resourceDirectory C:\Users\thummaluru.sandhya1\practice\design_patterns\src\main\resources
2025-11-26 09:22:45,863 [Worker-302: Building] INFO  o.a.m.s.f.DefaultMavenResourcesFiltering - skip non existing resourceDirectory C:\Users\thummaluru.sandhya1\practice\design_patterns\src\test\resources
2025-11-26 09:27:13,479 [Worker-305: Building] INFO  o.a.m.s.f.DefaultMavenResourcesFiltering - skip non existing resourceDirectory C:\Users\thummaluru.sandhya1\practice\design_patterns\src\main\resources
2025-11-26 09:27:13,480 [Worker-305: Building] INFO  o.a.m.s.f.DefaultMavenResourcesFiltering - skip non existing resourceDirectory C:\Users\thummaluru.sandhya1\practice\design_patterns\src\test\resources
2025-11-26 09:27:23,644 [Worker-299: Building] INFO  o.a.m.s.f.DefaultMavenResourcesFiltering - skip non existing resourceDirectory C:\Users\thummaluru.sandhya1\practice\design_patterns\src\main\resources
2025-11-26 09:27:23,648 [Worker-299: Building] INFO  o.a.m.s.f.DefaultMavenResourcesFiltering - skip non existing resourceDirectory C:\Users\thummaluru.sandhya1\practice\design_patterns\src\test\resources
2025-11-26 09:27:47,896 [Worker-297: Building] INFO  o.a.m.s.f.DefaultMavenResourcesFiltering - skip non existing resourceDirectory C:\Users\thummaluru.sandhya1\practice\design_patterns\src\main\resources
2025-11-26 09:27:47,897 [Worker-297: Building] INFO  o.a.m.s.f.DefaultMavenResourcesFiltering - skip non existing resourceDirectory C:\Users\thummaluru.sandhya1\practice\design_patterns\src\test\resources
2025-11-26 09:28:55,045 [Worker-305: Building] INFO  o.a.m.s.f.DefaultMavenResourcesFiltering - skip non existing resourceDirectory C:\Users\thummaluru.sandhya1\practice\design_patterns\src\main\resources
2025-11-26 09:28:55,046 [Worker-305: Building] INFO  o.a.m.s.f.DefaultMavenResourcesFiltering - skip non existing resourceDirectory C:\Users\thummaluru.sandhya1\practice\design_patterns\src\test\resources
2025-11-26 09:29:39,385 [Worker-299: Building] INFO  o.a.m.s.f.DefaultMavenResourcesFiltering - skip non existing resourceDirectory C:\Users\thummaluru.sandhya1\practice\design_patterns\src\main\resources
2025-11-26 09:29:39,386 [Worker-299: Building] INFO  o.a.m.s.f.DefaultMavenResourcesFiltering - skip non existing resourceDirectory C:\Users\thummaluru.sandhya1\practice\design_patterns\src\test\resources
2025-11-26 09:29:59,731 [Worker-305: Building] INFO  o.a.m.s.f.DefaultMavenResourcesFiltering - skip non existing resourceDirectory C:\Users\thummaluru.sandhya1\practice\design_patterns\src\main\resources
2025-11-26 09:29:59,732 [Worker-305: Building] INFO  o.a.m.s.f.DefaultMavenResourcesFiltering - skip non existing resourceDirectory C:\Users\thummaluru.sandhya1\practice\design_patterns\src\test\resources
2025-11-26 09:31:04,780 [Worker-299: Building] INFO  o.a.m.s.f.DefaultMavenResourcesFiltering - skip non existing resourceDirectory C:\Users\thummaluru.sandhya1\practice\design_patterns\src\main\resources
2025-11-26 09:31:04,781 [Worker-299: Building] INFO  o.a.m.s.f.DefaultMavenResourcesFiltering - skip non existing resourceDirectory C:\Users\thummaluru.sandhya1\practice\design_patterns\src\test\resources
2025-11-26 09:31:22,359 [Worker-306: Building] INFO  o.a.m.s.f.DefaultMavenResourcesFiltering - skip non existing resourceDirectory C:\Users\thummaluru.sandhya1\practice\design_patterns\src\main\resources
2025-11-26 09:31:22,360 [Worker-306: Building] INFO  o.a.m.s.f.DefaultMavenResourcesFiltering - skip non existing resourceDirectory C:\Users\thummaluru.sandhya1\practice\design_patterns\src\test\resources
2025-11-26 09:32:42,553 [Worker-305: Building] INFO  o.a.m.s.f.DefaultMavenResourcesFiltering - skip non existing resourceDirectory C:\Users\thummaluru.sandhya1\practice\design_patterns\src\main\resources
2025-11-26 09:32:42,554 [Worker-305: Building] INFO  o.a.m.s.f.DefaultMavenResourcesFiltering - skip non existing resourceDirectory C:\Users\thummaluru.sandhya1\practice\design_patterns\src\test\resources
2025-11-26 09:33:03,090 [Worker-297: Building] INFO  o.a.m.s.f.DefaultMavenResourcesFiltering - skip non existing resourceDirectory C:\Users\thummaluru.sandhya1\practice\design_patterns\src\main\resources
2025-11-26 09:33:03,091 [Worker-297: Building] INFO  o.a.m.s.f.DefaultMavenResourcesFiltering - skip non existing resourceDirectory C:\Users\thummaluru.sandhya1\practice\design_patterns\src\test\resources
2025-11-26 09:33:13,940 [Worker-306: Building] INFO  o.a.m.s.f.DefaultMavenResourcesFiltering - skip non existing resourceDirectory C:\Users\thummaluru.sandhya1\practice\design_patterns\src\main\resources
2025-11-26 09:33:13,941 [Worker-306: Building] INFO  o.a.m.s.f.DefaultMavenResourcesFiltering - skip non existing resourceDirectory C:\Users\thummaluru.sandhya1\practice\design_patterns\src\test\resources
2025-11-26 09:33:34,576 [Worker-307: Building] INFO  o.a.m.s.f.DefaultMavenResourcesFiltering - skip non existing resourceDirectory C:\Users\thummaluru.sandhya1\practice\design_patterns\src\main\resources
2025-11-26 09:33:34,577 [Worker-307: Building] INFO  o.a.m.s.f.DefaultMavenResourcesFiltering - skip non existing resourceDirectory C:\Users\thummaluru.sandhya1\practice\design_patterns\src\test\resources
2025-11-26 09:36:14,483 [Worker-309: Building] INFO  o.a.m.s.f.DefaultMavenResourcesFiltering - skip non existing resourceDirectory C:\Users\thummaluru.sandhya1\practice\design_patterns\src\main\resources
2025-11-26 09:36:14,485 [Worker-309: Building] INFO  o.a.m.s.f.DefaultMavenResourcesFiltering - skip non existing resourceDirectory C:\Users\thummaluru.sandhya1\practice\design_patterns\src\test\resources
2025-11-26 09:38:06,025 [Worker-310: Building] INFO  o.a.m.s.f.DefaultMavenResourcesFiltering - skip non existing resourceDirectory C:\Users\thummaluru.sandhya1\practice\design_patterns\src\main\resources
2025-11-26 09:38:06,027 [Worker-310: Building] INFO  o.a.m.s.f.DefaultMavenResourcesFiltering - skip non existing resourceDirectory C:\Users\thummaluru.sandhya1\practice\design_patterns\src\test\resources
2025-11-26 09:39:21,904 [Worker-309: Building] INFO  o.a.m.s.f.DefaultMavenResourcesFiltering - skip non existing resourceDirectory C:\Users\thummaluru.sandhya1\practice\design_patterns\src\main\resources
2025-11-26 09:39:21,906 [Worker-309: Building] INFO  o.a.m.s.f.DefaultMavenResourcesFiltering - skip non existing resourceDirectory C:\Users\thummaluru.sandhya1\practice\design_patterns\src\test\resources
2025-11-26 09:40:18,028 [Worker-309: Building] INFO  o.a.m.s.f.DefaultMavenResourcesFiltering - skip non existing resourceDirectory C:\Users\thummaluru.sandhya1\practice\design_patterns\src\main\resources
2025-11-26 09:40:18,028 [Worker-309: Building] INFO  o.a.m.s.f.DefaultMavenResourcesFiltering - skip non existing resourceDirectory C:\Users\thummaluru.sandhya1\practice\design_patterns\src\test\resources
2025-11-26 09:42:13,232 [Worker-299: Building] INFO  o.a.m.s.f.DefaultMavenResourcesFiltering - skip non existing resourceDirectory C:\Users\thummaluru.sandhya1\practice\design_patterns\src\main\resources
2025-11-26 09:42:13,233 [Worker-299: Building] INFO  o.a.m.s.f.DefaultMavenResourcesFiltering - skip non existing resourceDirectory C:\Users\thummaluru.sandhya1\practice\design_patterns\src\test\resources
2025-11-26 09:44:28,707 [Worker-312: Building] INFO  o.a.m.s.f.DefaultMavenResourcesFiltering - skip non existing resourceDirectory C:\Users\thummaluru.sandhya1\practice\design_patterns\src\main\resources
2025-11-26 09:44:28,709 [Worker-312: Building] INFO  o.a.m.s.f.DefaultMavenResourcesFiltering - skip non existing resourceDirectory C:\Users\thummaluru.sandhya1\practice\design_patterns\src\test\resources
2025-11-26 09:58:41,443 [Worker-306: Building] INFO  o.a.m.s.f.DefaultMavenResourcesFiltering - skip non existing resourceDirectory C:\Users\thummaluru.sandhya1\practice\design_patterns\src\main\resources
2025-11-26 09:58:41,444 [Worker-306: Building] INFO  o.a.m.s.f.DefaultMavenResourcesFiltering - skip non existing resourceDirectory C:\Users\thummaluru.sandhya1\practice\design_patterns\src\test\resources
2025-11-26 09:58:54,334 [Worker-318: Building] INFO  o.a.m.s.f.DefaultMavenResourcesFiltering - skip non existing resourceDirectory C:\Users\thummaluru.sandhya1\practice\design_patterns\src\main\resources
2025-11-26 09:58:54,336 [Worker-318: Building] INFO  o.a.m.s.f.DefaultMavenResourcesFiltering - skip non existing resourceDirectory C:\Users\thummaluru.sandhya1\practice\design_patterns\src\test\resources
2025-11-26 09:59:05,482 [Worker-316: Building] INFO  o.a.m.s.f.DefaultMavenResourcesFiltering - skip non existing resourceDirectory C:\Users\thummaluru.sandhya1\practice\design_patterns\src\main\resources
2025-11-26 09:59:05,483 [Worker-316: Building] INFO  o.a.m.s.f.DefaultMavenResourcesFiltering - skip non existing resourceDirectory C:\Users\thummaluru.sandhya1\practice\design_patterns\src\test\resources
2025-11-26 10:01:19,211 [Worker-319: Building] INFO  o.a.m.s.f.DefaultMavenResourcesFiltering - skip non existing resourceDirectory C:\Users\thummaluru.sandhya1\practice\design_patterns\src\main\resources
2025-11-26 10:01:19,212 [Worker-319: Building] INFO  o.a.m.s.f.DefaultMavenResourcesFiltering - skip non existing resourceDirectory C:\Users\thummaluru.sandhya1\practice\design_patterns\src\test\resources
2025-11-26 10:01:54,360 [Worker-320: Building] INFO  o.a.m.s.f.DefaultMavenResourcesFiltering - skip non existing resourceDirectory C:\Users\thummaluru.sandhya1\practice\design_patterns\src\main\resources
2025-11-26 10:01:54,361 [Worker-320: Building] INFO  o.a.m.s.f.DefaultMavenResourcesFiltering - skip non existing resourceDirectory C:\Users\thummaluru.sandhya1\practice\design_patterns\src\test\resources
2025-11-26 10:03:37,296 [Worker-306: Building] INFO  o.a.m.s.f.DefaultMavenResourcesFiltering - skip non existing resourceDirectory C:\Users\thummaluru.sandhya1\practice\design_patterns\src\main\resources
2025-11-26 10:03:37,297 [Worker-306: Building] INFO  o.a.m.s.f.DefaultMavenResourcesFiltering - skip non existing resourceDirectory C:\Users\thummaluru.sandhya1\practice\design_patterns\src\test\resources
2025-11-26 10:04:42,791 [Worker-306: Building] INFO  o.a.m.s.f.DefaultMavenResourcesFiltering - skip non existing resourceDirectory C:\Users\thummaluru.sandhya1\practice\design_patterns\src\main\resources
2025-11-26 10:04:42,792 [Worker-306: Building] INFO  o.a.m.s.f.DefaultMavenResourcesFiltering - skip non existing resourceDirectory C:\Users\thummaluru.sandhya1\practice\design_patterns\src\test\resources
2025-11-26 10:05:03,862 [Worker-306: Building] INFO  o.a.m.s.f.DefaultMavenResourcesFiltering - skip non existing resourceDirectory C:\Users\thummaluru.sandhya1\practice\design_patterns\src\main\resources
2025-11-26 10:05:03,863 [Worker-306: Building] INFO  o.a.m.s.f.DefaultMavenResourcesFiltering - skip non existing resourceDirectory C:\Users\thummaluru.sandhya1\practice\design_patterns\src\test\resources
2025-11-26 10:07:29,400 [Worker-318: Building] INFO  o.a.m.s.f.DefaultMavenResourcesFiltering - skip non existing resourceDirectory C:\Users\thummaluru.sandhya1\practice\design_patterns\src\main\resources
2025-11-26 10:07:29,402 [Worker-318: Building] INFO  o.a.m.s.f.DefaultMavenResourcesFiltering - skip non existing resourceDirectory C:\Users\thummaluru.sandhya1\practice\design_patterns\src\test\resources
2025-11-26 10:07:51,425 [Worker-306: Building] INFO  o.a.m.s.f.DefaultMavenResourcesFiltering - skip non existing resourceDirectory C:\Users\thummaluru.sandhya1\practice\design_patterns\src\main\resources
2025-11-26 10:07:51,426 [Worker-306: Building] INFO  o.a.m.s.f.DefaultMavenResourcesFiltering - skip non existing resourceDirectory C:\Users\thummaluru.sandhya1\practice\design_patterns\src\test\resources
2025-11-26 10:08:17,149 [Worker-321: Building] INFO  o.a.m.s.f.DefaultMavenResourcesFiltering - skip non existing resourceDirectory C:\Users\thummaluru.sandhya1\practice\design_patterns\src\main\resources
2025-11-26 10:08:17,150 [Worker-321: Building] INFO  o.a.m.s.f.DefaultMavenResourcesFiltering - skip non existing resourceDirectory C:\Users\thummaluru.sandhya1\practice\design_patterns\src\test\resources
2025-11-26 10:08:56,729 [Worker-321: Building] INFO  o.a.m.s.f.DefaultMavenResourcesFiltering - skip non existing resourceDirectory C:\Users\thummaluru.sandhya1\practice\design_patterns\src\main\resources
2025-11-26 10:08:56,730 [Worker-321: Building] INFO  o.a.m.s.f.DefaultMavenResourcesFiltering - skip non existing resourceDirectory C:\Users\thummaluru.sandhya1\practice\design_patterns\src\test\resources
2025-11-26 10:09:09,101 [Worker-320: Building] INFO  o.a.m.s.f.DefaultMavenResourcesFiltering - skip non existing resourceDirectory C:\Users\thummaluru.sandhya1\practice\design_patterns\src\main\resources
2025-11-26 10:09:09,102 [Worker-320: Building] INFO  o.a.m.s.f.DefaultMavenResourcesFiltering - skip non existing resourceDirectory C:\Users\thummaluru.sandhya1\practice\design_patterns\src\test\resources
2025-11-26 10:09:42,171 [Worker-320: Building] INFO  o.a.m.s.f.DefaultMavenResourcesFiltering - skip non existing resourceDirectory C:\Users\thummaluru.sandhya1\practice\design_patterns\src\main\resources
2025-11-26 10:09:42,172 [Worker-320: Building] INFO  o.a.m.s.f.DefaultMavenResourcesFiltering - skip non existing resourceDirectory C:\Users\thummaluru.sandhya1\practice\design_patterns\src\test\resources
2025-11-26 10:09:51,148 [Worker-306: Building] INFO  o.a.m.s.f.DefaultMavenResourcesFiltering - skip non existing resourceDirectory C:\Users\thummaluru.sandhya1\practice\design_patterns\src\main\resources
2025-11-26 10:09:51,150 [Worker-306: Building] INFO  o.a.m.s.f.DefaultMavenResourcesFiltering - skip non existing resourceDirectory C:\Users\thummaluru.sandhya1\practice\design_patterns\src\test\resources
2025-11-26 10:12:35,261 [Worker-323: Building] INFO  o.a.m.s.f.DefaultMavenResourcesFiltering - skip non existing resourceDirectory C:\Users\thummaluru.sandhya1\practice\design_patterns\src\main\resources
2025-11-26 10:12:35,261 [Worker-323: Building] INFO  o.a.m.s.f.DefaultMavenResourcesFiltering - skip non existing resourceDirectory C:\Users\thummaluru.sandhya1\practice\design_patterns\src\test\resources
2025-11-26 10:13:18,345 [Worker-321: Building] INFO  o.a.m.s.f.DefaultMavenResourcesFiltering - skip non existing resourceDirectory C:\Users\thummaluru.sandhya1\practice\design_patterns\src\main\resources
2025-11-26 10:13:18,346 [Worker-321: Building] INFO  o.a.m.s.f.DefaultMavenResourcesFiltering - skip non existing resourceDirectory C:\Users\thummaluru.sandhya1\practice\design_patterns\src\test\resources
2025-11-26 10:14:55,338 [Worker-323: Building] INFO  o.a.m.s.f.DefaultMavenResourcesFiltering - skip non existing resourceDirectory C:\Users\thummaluru.sandhya1\practice\design_patterns\src\main\resources
2025-11-26 10:14:55,339 [Worker-323: Building] INFO  o.a.m.s.f.DefaultMavenResourcesFiltering - skip non existing resourceDirectory C:\Users\thummaluru.sandhya1\practice\design_patterns\src\test\resources
2025-11-26 17:24:55,339 [Worker-0: Loading available Gradle versions] INFO  o.e.b.c.i.u.g.PublishedGradleVersions - Gradle version information cache is out-of-date. Trying to update.
=======
2025-11-20 16:38:49,460 [Worker-2: Loading available Gradle versions] INFO  o.e.b.c.i.u.g.PublishedGradleVersions - Gradle version information cache is not available. Remote download required.
>>>>>>> 1fd7e920165fb761534fb3a5f63e0a59cce59e3d
